mean_test_score,metric_roc_auc,metric_average_precision,mean_fit_time,params,rank_test_scores,status,budgets,param_classifier:__choice__,param_data_preprocessor:__choice__,param_feature_preprocessor:__choice__,param_classifier:KNNClassifier:contamination,param_classifier:KNNClassifier:method,param_classifier:KNNClassifier:n_neighbors,param_classifier:KNNClassifier:p,param_classifier:CBLOFClassifier:alpha,param_classifier:CBLOFClassifier:beta,param_classifier:CBLOFClassifier:contamination,param_classifier:CBLOFClassifier:n_clusters,param_classifier:CBLOFClassifier:use_weights,param_classifier:COPODClassifier:contamination,param_classifier:LOFClassifier:contamination,param_classifier:LOFClassifier:n_neighbors,param_classifier:LOFClassifier:p,param_classifier:IForestClassifier:bootstrap,param_classifier:IForestClassifier:contamination,param_classifier:IForestClassifier:max_features,param_classifier:IForestClassifier:max_samples,param_classifier:IForestClassifier:n_estimators
1.0,1.0,1.0,3.4665470123291016,"{'classifier:__choice__': 'KNNClassifier', 'data_preprocessor:__choice__': 'NoPreprocessing', 'feature_preprocessor:__choice__': 'no_preprocessing', 'classifier:KNNClassifier:contamination': 0.15000000000000002, 'classifier:KNNClassifier:method': 'largest', 'classifier:KNNClassifier:n_neighbors': 136, 'classifier:KNNClassifier:p': 2}",1,Success,0.0,KNNClassifier,NoPreprocessing,no_preprocessing,0.15000000000000002,largest,136.0,2.0,,,,,,,,,,,,,,
1.0,1.0,1.0,4.121227502822876,"{'classifier:__choice__': 'KNNClassifier', 'data_preprocessor:__choice__': 'NoPreprocessing', 'feature_preprocessor:__choice__': 'no_preprocessing', 'classifier:KNNClassifier:contamination': 0.5, 'classifier:KNNClassifier:method': 'largest', 'classifier:KNNClassifier:n_neighbors': 77, 'classifier:KNNClassifier:p': 2}",1,Success,0.0,KNNClassifier,NoPreprocessing,no_preprocessing,0.5,largest,77.0,2.0,,,,,,,,,,,,,,
0.5789473684210527,0.5789473684210527,0.11111111111111116,3.2035298347473145,"{'classifier:__choice__': 'KNNClassifier', 'data_preprocessor:__choice__': 'NoPreprocessing', 'feature_preprocessor:__choice__': 'no_preprocessing', 'classifier:KNNClassifier:contamination': 0.3, 'classifier:KNNClassifier:method': 'largest', 'classifier:KNNClassifier:n_neighbors': 19, 'classifier:KNNClassifier:p': 2}",23,Success,0.0,KNNClassifier,NoPreprocessing,no_preprocessing,0.3,largest,19.0,2.0,,,,,,,,,,,,,,
0.631578947368421,0.631578947368421,0.125,3.3015763759613037,"{'classifier:__choice__': 'KNNClassifier', 'data_preprocessor:__choice__': 'NoPreprocessing', 'feature_preprocessor:__choice__': 'no_preprocessing', 'classifier:KNNClassifier:contamination': 0.4, 'classifier:KNNClassifier:method': 'largest', 'classifier:KNNClassifier:n_neighbors': 47, 'classifier:KNNClassifier:p': 2}",22,Success,0.0,KNNClassifier,NoPreprocessing,no_preprocessing,0.4,largest,47.0,2.0,,,,,,,,,,,,,,
1.0,1.0,1.0,3.894435167312622,"{'classifier:__choice__': 'KNNClassifier', 'data_preprocessor:__choice__': 'NoPreprocessing', 'feature_preprocessor:__choice__': 'no_preprocessing', 'classifier:KNNClassifier:contamination': 0.25, 'classifier:KNNClassifier:method': 'largest', 'classifier:KNNClassifier:n_neighbors': 165, 'classifier:KNNClassifier:p': 2}",1,Success,0.0,KNNClassifier,NoPreprocessing,no_preprocessing,0.25,largest,165.0,2.0,,,,,,,,,,,,,,
0.5789473684210527,0.5789473684210527,0.11111111111111116,3.8567137718200684,"{'classifier:__choice__': 'KNNClassifier', 'data_preprocessor:__choice__': 'NoPreprocessing', 'feature_preprocessor:__choice__': 'no_preprocessing', 'classifier:KNNClassifier:contamination': 0.5, 'classifier:KNNClassifier:method': 'largest', 'classifier:KNNClassifier:n_neighbors': 17, 'classifier:KNNClassifier:p': 2}",23,Success,0.0,KNNClassifier,NoPreprocessing,no_preprocessing,0.5,largest,17.0,2.0,,,,,,,,,,,,,,
1.0,1.0,1.0,3.4919052124023438,"{'classifier:__choice__': 'KNNClassifier', 'data_preprocessor:__choice__': 'NoPreprocessing', 'feature_preprocessor:__choice__': 'no_preprocessing', 'classifier:KNNClassifier:contamination': 0.5, 'classifier:KNNClassifier:method': 'largest', 'classifier:KNNClassifier:n_neighbors': 91, 'classifier:KNNClassifier:p': 2}",1,Success,0.0,KNNClassifier,NoPreprocessing,no_preprocessing,0.5,largest,91.0,2.0,,,,,,,,,,,,,,
1.0,1.0,1.0,4.059127569198608,"{'classifier:__choice__': 'KNNClassifier', 'data_preprocessor:__choice__': 'NoPreprocessing', 'feature_preprocessor:__choice__': 'no_preprocessing', 'classifier:KNNClassifier:contamination': 0.05, 'classifier:KNNClassifier:method': 'largest', 'classifier:KNNClassifier:n_neighbors': 113, 'classifier:KNNClassifier:p': 2}",1,Success,0.0,KNNClassifier,NoPreprocessing,no_preprocessing,0.05,largest,113.0,2.0,,,,,,,,,,,,,,
0.5789473684210527,0.5789473684210527,0.11111111111111116,3.616068124771118,"{'classifier:__choice__': 'KNNClassifier', 'data_preprocessor:__choice__': 'NoPreprocessing', 'feature_preprocessor:__choice__': 'no_preprocessing', 'classifier:KNNClassifier:contamination': 0.15000000000000002, 'classifier:KNNClassifier:method': 'largest', 'classifier:KNNClassifier:n_neighbors': 29, 'classifier:KNNClassifier:p': 2}",23,Success,0.0,KNNClassifier,NoPreprocessing,no_preprocessing,0.15000000000000002,largest,29.0,2.0,,,,,,,,,,,,,,
1.0,1.0,1.0,3.6664977073669434,"{'classifier:__choice__': 'KNNClassifier', 'data_preprocessor:__choice__': 'NoPreprocessing', 'feature_preprocessor:__choice__': 'no_preprocessing', 'classifier:KNNClassifier:contamination': 0.2, 'classifier:KNNClassifier:method': 'largest', 'classifier:KNNClassifier:n_neighbors': 75, 'classifier:KNNClassifier:p': 2}",1,Success,0.0,KNNClassifier,NoPreprocessing,no_preprocessing,0.2,largest,75.0,2.0,,,,,,,,,,,,,,
0.5789473684210527,0.5789473684210527,0.11111111111111116,3.5349597930908203,"{'classifier:__choice__': 'KNNClassifier', 'data_preprocessor:__choice__': 'NoPreprocessing', 'feature_preprocessor:__choice__': 'no_preprocessing', 'classifier:KNNClassifier:contamination': 0.2, 'classifier:KNNClassifier:method': 'largest', 'classifier:KNNClassifier:n_neighbors': 17, 'classifier:KNNClassifier:p': 2}",23,Success,0.0,KNNClassifier,NoPreprocessing,no_preprocessing,0.2,largest,17.0,2.0,,,,,,,,,,,,,,
1.0,1.0,1.0,3.8301892280578613,"{'classifier:__choice__': 'KNNClassifier', 'data_preprocessor:__choice__': 'NoPreprocessing', 'feature_preprocessor:__choice__': 'no_preprocessing', 'classifier:KNNClassifier:contamination': 0.25, 'classifier:KNNClassifier:method': 'largest', 'classifier:KNNClassifier:n_neighbors': 117, 'classifier:KNNClassifier:p': 2}",1,Success,0.0,KNNClassifier,NoPreprocessing,no_preprocessing,0.25,largest,117.0,2.0,,,,,,,,,,,,,,
1.0,1.0,1.0,3.595073938369751,"{'classifier:__choice__': 'KNNClassifier', 'data_preprocessor:__choice__': 'NoPreprocessing', 'feature_preprocessor:__choice__': 'no_preprocessing', 'classifier:KNNClassifier:contamination': 0.5, 'classifier:KNNClassifier:method': 'largest', 'classifier:KNNClassifier:n_neighbors': 103, 'classifier:KNNClassifier:p': 2}",1,Success,0.0,KNNClassifier,NoPreprocessing,no_preprocessing,0.5,largest,103.0,2.0,,,,,,,,,,,,,,
1.0,1.0,1.0,3.918454647064209,"{'classifier:__choice__': 'KNNClassifier', 'data_preprocessor:__choice__': 'NoPreprocessing', 'feature_preprocessor:__choice__': 'no_preprocessing', 'classifier:KNNClassifier:contamination': 0.4, 'classifier:KNNClassifier:method': 'largest', 'classifier:KNNClassifier:n_neighbors': 109, 'classifier:KNNClassifier:p': 2}",1,Success,0.0,KNNClassifier,NoPreprocessing,no_preprocessing,0.4,largest,109.0,2.0,,,,,,,,,,,,,,
0.5789473684210527,0.5789473684210527,0.11111111111111116,3.316554546356201,"{'classifier:__choice__': 'KNNClassifier', 'data_preprocessor:__choice__': 'NoPreprocessing', 'feature_preprocessor:__choice__': 'no_preprocessing', 'classifier:KNNClassifier:contamination': 0.05, 'classifier:KNNClassifier:method': 'largest', 'classifier:KNNClassifier:n_neighbors': 33, 'classifier:KNNClassifier:p': 2}",23,Success,0.0,KNNClassifier,NoPreprocessing,no_preprocessing,0.05,largest,33.0,2.0,,,,,,,,,,,,,,
1.0,1.0,1.0,4.105175256729126,"{'classifier:__choice__': 'KNNClassifier', 'data_preprocessor:__choice__': 'NoPreprocessing', 'feature_preprocessor:__choice__': 'no_preprocessing', 'classifier:KNNClassifier:contamination': 0.45, 'classifier:KNNClassifier:method': 'largest', 'classifier:KNNClassifier:n_neighbors': 130, 'classifier:KNNClassifier:p': 2}",1,Success,0.0,KNNClassifier,NoPreprocessing,no_preprocessing,0.45,largest,130.0,2.0,,,,,,,,,,,,,,
1.0,1.0,1.0,3.7783079147338867,"{'classifier:__choice__': 'KNNClassifier', 'data_preprocessor:__choice__': 'NoPreprocessing', 'feature_preprocessor:__choice__': 'no_preprocessing', 'classifier:KNNClassifier:contamination': 0.5, 'classifier:KNNClassifier:method': 'largest', 'classifier:KNNClassifier:n_neighbors': 84, 'classifier:KNNClassifier:p': 2}",1,Success,0.0,KNNClassifier,NoPreprocessing,no_preprocessing,0.5,largest,84.0,2.0,,,,,,,,,,,,,,
1.0,1.0,1.0,3.670884847640991,"{'classifier:__choice__': 'KNNClassifier', 'data_preprocessor:__choice__': 'NoPreprocessing', 'feature_preprocessor:__choice__': 'no_preprocessing', 'classifier:KNNClassifier:contamination': 0.5, 'classifier:KNNClassifier:method': 'largest', 'classifier:KNNClassifier:n_neighbors': 67, 'classifier:KNNClassifier:p': 2}",1,Success,0.0,KNNClassifier,NoPreprocessing,no_preprocessing,0.5,largest,67.0,2.0,,,,,,,,,,,,,,
1.0,1.0,1.0,3.888550043106079,"{'classifier:__choice__': 'KNNClassifier', 'data_preprocessor:__choice__': 'NoPreprocessing', 'feature_preprocessor:__choice__': 'no_preprocessing', 'classifier:KNNClassifier:contamination': 0.25, 'classifier:KNNClassifier:method': 'largest', 'classifier:KNNClassifier:n_neighbors': 113, 'classifier:KNNClassifier:p': 2}",1,Success,0.0,KNNClassifier,NoPreprocessing,no_preprocessing,0.25,largest,113.0,2.0,,,,,,,,,,,,,,
1.0,1.0,1.0,4.034760236740112,"{'classifier:__choice__': 'KNNClassifier', 'data_preprocessor:__choice__': 'NoPreprocessing', 'feature_preprocessor:__choice__': 'no_preprocessing', 'classifier:KNNClassifier:contamination': 0.35000000000000003, 'classifier:KNNClassifier:method': 'largest', 'classifier:KNNClassifier:n_neighbors': 173, 'classifier:KNNClassifier:p': 2}",1,Success,0.0,KNNClassifier,NoPreprocessing,no_preprocessing,0.35000000000000003,largest,173.0,2.0,,,,,,,,,,,,,,
1.0,1.0,1.0,4.086384534835815,"{'classifier:__choice__': 'KNNClassifier', 'data_preprocessor:__choice__': 'NoPreprocessing', 'feature_preprocessor:__choice__': 'no_preprocessing', 'classifier:KNNClassifier:contamination': 0.2, 'classifier:KNNClassifier:method': 'largest', 'classifier:KNNClassifier:n_neighbors': 179, 'classifier:KNNClassifier:p': 2}",1,Success,0.0,KNNClassifier,NoPreprocessing,no_preprocessing,0.2,largest,179.0,2.0,,,,,,,,,,,,,,
1.0,1.0,1.0,4.038851976394653,"{'classifier:__choice__': 'KNNClassifier', 'data_preprocessor:__choice__': 'NoPreprocessing', 'feature_preprocessor:__choice__': 'no_preprocessing', 'classifier:KNNClassifier:contamination': 0.35000000000000003, 'classifier:KNNClassifier:method': 'largest', 'classifier:KNNClassifier:n_neighbors': 181, 'classifier:KNNClassifier:p': 2}",1,Success,0.0,KNNClassifier,NoPreprocessing,no_preprocessing,0.35000000000000003,largest,181.0,2.0,,,,,,,,,,,,,,
1.0,1.0,1.0,3.564039707183838,"{'classifier:__choice__': 'KNNClassifier', 'data_preprocessor:__choice__': 'NoPreprocessing', 'feature_preprocessor:__choice__': 'no_preprocessing', 'classifier:KNNClassifier:contamination': 0.25, 'classifier:KNNClassifier:method': 'largest', 'classifier:KNNClassifier:n_neighbors': 127, 'classifier:KNNClassifier:p': 2}",1,Success,0.0,KNNClassifier,NoPreprocessing,no_preprocessing,0.25,largest,127.0,2.0,,,,,,,,,,,,,,
0.5789473684210527,0.5789473684210527,0.11111111111111116,3.5988757610321045,"{'classifier:__choice__': 'KNNClassifier', 'data_preprocessor:__choice__': 'NoPreprocessing', 'feature_preprocessor:__choice__': 'no_preprocessing', 'classifier:KNNClassifier:contamination': 0.5, 'classifier:KNNClassifier:method': 'largest', 'classifier:KNNClassifier:n_neighbors': 18, 'classifier:KNNClassifier:p': 2}",23,Success,0.0,KNNClassifier,NoPreprocessing,no_preprocessing,0.5,largest,18.0,2.0,,,,,,,,,,,,,,
1.0,1.0,1.0,3.714877128601074,"{'classifier:__choice__': 'KNNClassifier', 'data_preprocessor:__choice__': 'NoPreprocessing', 'feature_preprocessor:__choice__': 'no_preprocessing', 'classifier:KNNClassifier:contamination': 0.35000000000000003, 'classifier:KNNClassifier:method': 'largest', 'classifier:KNNClassifier:n_neighbors': 61, 'classifier:KNNClassifier:p': 2}",1,Success,0.0,KNNClassifier,NoPreprocessing,no_preprocessing,0.35000000000000003,largest,61.0,2.0,,,,,,,,,,,,,,
0.736842105263158,0.736842105263158,0.16666666666666663,3.254674196243286,"{'classifier:__choice__': 'KNNClassifier', 'data_preprocessor:__choice__': 'NoPreprocessing', 'feature_preprocessor:__choice__': 'no_preprocessing', 'classifier:KNNClassifier:contamination': 0.35000000000000003, 'classifier:KNNClassifier:method': 'largest', 'classifier:KNNClassifier:n_neighbors': 53, 'classifier:KNNClassifier:p': 2}",21,Success,0.0,KNNClassifier,NoPreprocessing,no_preprocessing,0.35000000000000003,largest,53.0,2.0,,,,,,,,,,,,,,
1.0,1.0,1.0,4.095688581466675,"{'classifier:__choice__': 'KNNClassifier', 'data_preprocessor:__choice__': 'NoPreprocessing', 'feature_preprocessor:__choice__': 'no_preprocessing', 'classifier:KNNClassifier:contamination': 0.2, 'classifier:KNNClassifier:method': 'largest', 'classifier:KNNClassifier:n_neighbors': 129, 'classifier:KNNClassifier:p': 2}",1,Success,0.0,KNNClassifier,NoPreprocessing,no_preprocessing,0.2,largest,129.0,2.0,,,,,,,,,,,,,,
1.0,1.0,1.0,3.748976230621338,"{'classifier:__choice__': 'KNNClassifier', 'data_preprocessor:__choice__': 'NoPreprocessing', 'feature_preprocessor:__choice__': 'no_preprocessing', 'classifier:KNNClassifier:contamination': 0.4, 'classifier:KNNClassifier:method': 'largest', 'classifier:KNNClassifier:n_neighbors': 105, 'classifier:KNNClassifier:p': 2}",1,Success,0.0,KNNClassifier,NoPreprocessing,no_preprocessing,0.4,largest,105.0,2.0,,,,,,,,,,,,,,
0.0,,,2.009788990020752,"{'classifier:__choice__': 'KNNClassifier', 'data_preprocessor:__choice__': 'NoPreprocessing', 'feature_preprocessor:__choice__': 'no_preprocessing', 'classifier:KNNClassifier:contamination': 0.5, 'classifier:KNNClassifier:method': 'largest', 'classifier:KNNClassifier:n_neighbors': 181, 'classifier:KNNClassifier:p': 2}",29,Timeout,0.0,KNNClassifier,NoPreprocessing,no_preprocessing,0.5,largest,181.0,2.0,,,,,,,,,,,,,,
0.368421052631579,0.368421052631579,0.07692307692307687,2.9300451278686523,"{'classifier:__choice__': 'CBLOFClassifier', 'data_preprocessor:__choice__': 'NoPreprocessing', 'feature_preprocessor:__choice__': 'no_preprocessing', 'classifier:CBLOFClassifier:alpha': 0.6, 'classifier:CBLOFClassifier:beta': 14, 'classifier:CBLOFClassifier:contamination': 0.5, 'classifier:CBLOFClassifier:n_clusters': 8, 'classifier:CBLOFClassifier:use_weights': 'False'}",11,Success,0.0,CBLOFClassifier,NoPreprocessing,no_preprocessing,,,,,0.6,14.0,0.5,8.0,False,,,,,,,,,
0.631578947368421,0.631578947368421,0.125,2.9579904079437256,"{'classifier:__choice__': 'CBLOFClassifier', 'data_preprocessor:__choice__': 'NoPreprocessing', 'feature_preprocessor:__choice__': 'no_preprocessing', 'classifier:CBLOFClassifier:alpha': 0.8, 'classifier:CBLOFClassifier:beta': 4, 'classifier:CBLOFClassifier:contamination': 0.4, 'classifier:CBLOFClassifier:n_clusters': 4, 'classifier:CBLOFClassifier:use_weights': 'False'}",7,Success,0.0,CBLOFClassifier,NoPreprocessing,no_preprocessing,,,,,0.8,4.0,0.4,4.0,False,,,,,,,,,
0.10526315789473684,0.10526315789473684,0.05555555555555558,2.8498520851135254,"{'classifier:__choice__': 'CBLOFClassifier', 'data_preprocessor:__choice__': 'NoPreprocessing', 'feature_preprocessor:__choice__': 'no_preprocessing', 'classifier:CBLOFClassifier:alpha': 0.9, 'classifier:CBLOFClassifier:beta': 6, 'classifier:CBLOFClassifier:contamination': 0.1, 'classifier:CBLOFClassifier:n_clusters': 8, 'classifier:CBLOFClassifier:use_weights': 'False'}",31,Success,0.0,CBLOFClassifier,NoPreprocessing,no_preprocessing,,,,,0.9,6.0,0.1,8.0,False,,,,,,,,,
1.0,1.0,1.0,2.7431697845458984,"{'classifier:__choice__': 'CBLOFClassifier', 'data_preprocessor:__choice__': 'NoPreprocessing', 'feature_preprocessor:__choice__': 'no_preprocessing', 'classifier:CBLOFClassifier:alpha': 0.75, 'classifier:CBLOFClassifier:beta': 18, 'classifier:CBLOFClassifier:contamination': 0.5, 'classifier:CBLOFClassifier:n_clusters': 2, 'classifier:CBLOFClassifier:use_weights': 'False'}",1,Success,0.0,CBLOFClassifier,NoPreprocessing,no_preprocessing,,,,,0.75,18.0,0.5,2.0,False,,,,,,,,,
0.0,,,0.6562178134918213,"{'classifier:__choice__': 'CBLOFClassifier', 'data_preprocessor:__choice__': 'NoPreprocessing', 'feature_preprocessor:__choice__': 'no_preprocessing', 'classifier:CBLOFClassifier:alpha': 1.0, 'classifier:CBLOFClassifier:beta': 10, 'classifier:CBLOFClassifier:contamination': 0.05, 'classifier:CBLOFClassifier:n_clusters': 10, 'classifier:CBLOFClassifier:use_weights': 'False'}",35,Crash,0.0,CBLOFClassifier,NoPreprocessing,no_preprocessing,,,,,1.0,10.0,0.05,10.0,False,,,,,,,,,
0.368421052631579,0.368421052631579,0.07692307692307687,2.8289618492126465,"{'classifier:__choice__': 'CBLOFClassifier', 'data_preprocessor:__choice__': 'NoPreprocessing', 'feature_preprocessor:__choice__': 'no_preprocessing', 'classifier:CBLOFClassifier:alpha': 0.6, 'classifier:CBLOFClassifier:beta': 4, 'classifier:CBLOFClassifier:contamination': 0.2, 'classifier:CBLOFClassifier:n_clusters': 8, 'classifier:CBLOFClassifier:use_weights': 'False'}",11,Success,0.0,CBLOFClassifier,NoPreprocessing,no_preprocessing,,,,,0.6,4.0,0.2,8.0,False,,,,,,,,,
0.368421052631579,0.368421052631579,0.07692307692307687,2.9886274337768555,"{'classifier:__choice__': 'CBLOFClassifier', 'data_preprocessor:__choice__': 'NoPreprocessing', 'feature_preprocessor:__choice__': 'no_preprocessing', 'classifier:CBLOFClassifier:alpha': 0.7, 'classifier:CBLOFClassifier:beta': 4, 'classifier:CBLOFClassifier:contamination': 0.25, 'classifier:CBLOFClassifier:n_clusters': 10, 'classifier:CBLOFClassifier:use_weights': 'False'}",11,Success,0.0,CBLOFClassifier,NoPreprocessing,no_preprocessing,,,,,0.7,4.0,0.25,10.0,False,,,,,,,,,
0.0,,,0.6490211486816406,"{'classifier:__choice__': 'CBLOFClassifier', 'data_preprocessor:__choice__': 'NoPreprocessing', 'feature_preprocessor:__choice__': 'no_preprocessing', 'classifier:CBLOFClassifier:alpha': 1.0, 'classifier:CBLOFClassifier:beta': 12, 'classifier:CBLOFClassifier:contamination': 0.4, 'classifier:CBLOFClassifier:n_clusters': 10, 'classifier:CBLOFClassifier:use_weights': 'False'}",35,Crash,0.0,CBLOFClassifier,NoPreprocessing,no_preprocessing,,,,,1.0,12.0,0.4,10.0,False,,,,,,,,,
0.3157894736842105,0.3157894736842105,0.0714285714285714,2.9382195472717285,"{'classifier:__choice__': 'CBLOFClassifier', 'data_preprocessor:__choice__': 'NoPreprocessing', 'feature_preprocessor:__choice__': 'no_preprocessing', 'classifier:CBLOFClassifier:alpha': 0.5, 'classifier:CBLOFClassifier:beta': 4, 'classifier:CBLOFClassifier:contamination': 0.45, 'classifier:CBLOFClassifier:n_clusters': 12, 'classifier:CBLOFClassifier:use_weights': 'False'}",23,Success,0.0,CBLOFClassifier,NoPreprocessing,no_preprocessing,,,,,0.5,4.0,0.45,12.0,False,,,,,,,,,
0.0,,,0.6517243385314941,"{'classifier:__choice__': 'CBLOFClassifier', 'data_preprocessor:__choice__': 'NoPreprocessing', 'feature_preprocessor:__choice__': 'no_preprocessing', 'classifier:CBLOFClassifier:alpha': 1.0, 'classifier:CBLOFClassifier:beta': 10, 'classifier:CBLOFClassifier:contamination': 0.5, 'classifier:CBLOFClassifier:n_clusters': 6, 'classifier:CBLOFClassifier:use_weights': 'False'}",35,Crash,0.0,CBLOFClassifier,NoPreprocessing,no_preprocessing,,,,,1.0,10.0,0.5,6.0,False,,,,,,,,,
0.368421052631579,0.368421052631579,0.07692307692307687,2.9573442935943604,"{'classifier:__choice__': 'CBLOFClassifier', 'data_preprocessor:__choice__': 'NoPreprocessing', 'feature_preprocessor:__choice__': 'no_preprocessing', 'classifier:CBLOFClassifier:alpha': 0.75, 'classifier:CBLOFClassifier:beta': 12, 'classifier:CBLOFClassifier:contamination': 0.35000000000000003, 'classifier:CBLOFClassifier:n_clusters': 14, 'classifier:CBLOFClassifier:use_weights': 'False'}",11,Success,0.0,CBLOFClassifier,NoPreprocessing,no_preprocessing,,,,,0.75,12.0,0.35000000000000003,14.0,False,,,,,,,,,
1.0,1.0,1.0,2.9960858821868896,"{'classifier:__choice__': 'CBLOFClassifier', 'data_preprocessor:__choice__': 'NoPreprocessing', 'feature_preprocessor:__choice__': 'no_preprocessing', 'classifier:CBLOFClassifier:alpha': 0.65, 'classifier:CBLOFClassifier:beta': 18, 'classifier:CBLOFClassifier:contamination': 0.35000000000000003, 'classifier:CBLOFClassifier:n_clusters': 16, 'classifier:CBLOFClassifier:use_weights': 'False'}",1,Success,0.0,CBLOFClassifier,NoPreprocessing,no_preprocessing,,,,,0.65,18.0,0.35000000000000003,16.0,False,,,,,,,,,
1.0,1.0,1.0,2.820128917694092,"{'classifier:__choice__': 'CBLOFClassifier', 'data_preprocessor:__choice__': 'NoPreprocessing', 'feature_preprocessor:__choice__': 'no_preprocessing', 'classifier:CBLOFClassifier:alpha': 0.75, 'classifier:CBLOFClassifier:beta': 14, 'classifier:CBLOFClassifier:contamination': 0.5, 'classifier:CBLOFClassifier:n_clusters': 2, 'classifier:CBLOFClassifier:use_weights': 'False'}",1,Success,0.0,CBLOFClassifier,NoPreprocessing,no_preprocessing,,,,,0.75,14.0,0.5,2.0,False,,,,,,,,,
0.21052631578947367,0.21052631578947367,0.0625,3.239488124847412,"{'classifier:__choice__': 'CBLOFClassifier', 'data_preprocessor:__choice__': 'NoPreprocessing', 'feature_preprocessor:__choice__': 'no_preprocessing', 'classifier:CBLOFClassifier:alpha': 0.8500000000000001, 'classifier:CBLOFClassifier:beta': 8, 'classifier:CBLOFClassifier:contamination': 0.35000000000000003, 'classifier:CBLOFClassifier:n_clusters': 6, 'classifier:CBLOFClassifier:use_weights': 'False'}",28,Success,0.0,CBLOFClassifier,NoPreprocessing,no_preprocessing,,,,,0.8500000000000001,8.0,0.35000000000000003,6.0,False,,,,,,,,,
0.368421052631579,0.368421052631579,0.07692307692307687,2.9692540168762207,"{'classifier:__choice__': 'CBLOFClassifier', 'data_preprocessor:__choice__': 'NoPreprocessing', 'feature_preprocessor:__choice__': 'no_preprocessing', 'classifier:CBLOFClassifier:alpha': 0.7, 'classifier:CBLOFClassifier:beta': 14, 'classifier:CBLOFClassifier:contamination': 0.4, 'classifier:CBLOFClassifier:n_clusters': 10, 'classifier:CBLOFClassifier:use_weights': 'False'}",11,Success,0.0,CBLOFClassifier,NoPreprocessing,no_preprocessing,,,,,0.7,14.0,0.4,10.0,False,,,,,,,,,
0.0,,,0.7083051204681396,"{'classifier:__choice__': 'CBLOFClassifier', 'data_preprocessor:__choice__': 'NoPreprocessing', 'feature_preprocessor:__choice__': 'no_preprocessing', 'classifier:CBLOFClassifier:alpha': 1.0, 'classifier:CBLOFClassifier:beta': 18, 'classifier:CBLOFClassifier:contamination': 0.05, 'classifier:CBLOFClassifier:n_clusters': 4, 'classifier:CBLOFClassifier:use_weights': 'False'}",35,Crash,0.0,CBLOFClassifier,NoPreprocessing,no_preprocessing,,,,,1.0,18.0,0.05,4.0,False,,,,,,,,,
0.368421052631579,0.368421052631579,0.07692307692307687,2.925210475921631,"{'classifier:__choice__': 'CBLOFClassifier', 'data_preprocessor:__choice__': 'NoPreprocessing', 'feature_preprocessor:__choice__': 'no_preprocessing', 'classifier:CBLOFClassifier:alpha': 0.75, 'classifier:CBLOFClassifier:beta': 18, 'classifier:CBLOFClassifier:contamination': 0.25, 'classifier:CBLOFClassifier:n_clusters': 14, 'classifier:CBLOFClassifier:use_weights': 'False'}",11,Success,0.0,CBLOFClassifier,NoPreprocessing,no_preprocessing,,,,,0.75,18.0,0.25,14.0,False,,,,,,,,,
0.368421052631579,0.368421052631579,0.07692307692307687,3.01284122467041,"{'classifier:__choice__': 'CBLOFClassifier', 'data_preprocessor:__choice__': 'NoPreprocessing', 'feature_preprocessor:__choice__': 'no_preprocessing', 'classifier:CBLOFClassifier:alpha': 0.7, 'classifier:CBLOFClassifier:beta': 20, 'classifier:CBLOFClassifier:contamination': 0.4, 'classifier:CBLOFClassifier:n_clusters': 10, 'classifier:CBLOFClassifier:use_weights': 'False'}",11,Success,0.0,CBLOFClassifier,NoPreprocessing,no_preprocessing,,,,,0.7,20.0,0.4,10.0,False,,,,,,,,,
1.0,1.0,1.0,2.965874433517456,"{'classifier:__choice__': 'CBLOFClassifier', 'data_preprocessor:__choice__': 'NoPreprocessing', 'feature_preprocessor:__choice__': 'no_preprocessing', 'classifier:CBLOFClassifier:alpha': 0.65, 'classifier:CBLOFClassifier:beta': 14, 'classifier:CBLOFClassifier:contamination': 0.3, 'classifier:CBLOFClassifier:n_clusters': 16, 'classifier:CBLOFClassifier:use_weights': 'False'}",1,Success,0.0,CBLOFClassifier,NoPreprocessing,no_preprocessing,,,,,0.65,14.0,0.3,16.0,False,,,,,,,,,
0.26315789473684215,0.26315789473684215,0.06666666666666665,2.8805482387542725,"{'classifier:__choice__': 'CBLOFClassifier', 'data_preprocessor:__choice__': 'NoPreprocessing', 'feature_preprocessor:__choice__': 'no_preprocessing', 'classifier:CBLOFClassifier:alpha': 0.8500000000000001, 'classifier:CBLOFClassifier:beta': 16, 'classifier:CBLOFClassifier:contamination': 0.05, 'classifier:CBLOFClassifier:n_clusters': 4, 'classifier:CBLOFClassifier:use_weights': 'False'}",24,Success,0.0,CBLOFClassifier,NoPreprocessing,no_preprocessing,,,,,0.8500000000000001,16.0,0.05,4.0,False,,,,,,,,,
0.368421052631579,0.368421052631579,0.07692307692307687,2.994192123413086,"{'classifier:__choice__': 'CBLOFClassifier', 'data_preprocessor:__choice__': 'NoPreprocessing', 'feature_preprocessor:__choice__': 'no_preprocessing', 'classifier:CBLOFClassifier:alpha': 0.7, 'classifier:CBLOFClassifier:beta': 16, 'classifier:CBLOFClassifier:contamination': 0.2, 'classifier:CBLOFClassifier:n_clusters': 14, 'classifier:CBLOFClassifier:use_weights': 'False'}",11,Success,0.0,CBLOFClassifier,NoPreprocessing,no_preprocessing,,,,,0.7,16.0,0.2,14.0,False,,,,,,,,,
1.0,1.0,1.0,2.7806224822998047,"{'classifier:__choice__': 'CBLOFClassifier', 'data_preprocessor:__choice__': 'NoPreprocessing', 'feature_preprocessor:__choice__': 'no_preprocessing', 'classifier:CBLOFClassifier:alpha': 0.5, 'classifier:CBLOFClassifier:beta': 16, 'classifier:CBLOFClassifier:contamination': 0.2, 'classifier:CBLOFClassifier:n_clusters': 2, 'classifier:CBLOFClassifier:use_weights': 'False'}",1,Success,0.0,CBLOFClassifier,NoPreprocessing,no_preprocessing,,,,,0.5,16.0,0.2,2.0,False,,,,,,,,,
0.26315789473684215,0.26315789473684215,0.06666666666666665,2.757070541381836,"{'classifier:__choice__': 'CBLOFClassifier', 'data_preprocessor:__choice__': 'NoPreprocessing', 'feature_preprocessor:__choice__': 'no_preprocessing', 'classifier:CBLOFClassifier:alpha': 0.8, 'classifier:CBLOFClassifier:beta': 14, 'classifier:CBLOFClassifier:contamination': 0.2, 'classifier:CBLOFClassifier:n_clusters': 4, 'classifier:CBLOFClassifier:use_weights': 'False'}",24,Success,0.0,CBLOFClassifier,NoPreprocessing,no_preprocessing,,,,,0.8,14.0,0.2,4.0,False,,,,,,,,,
0.26315789473684215,0.26315789473684215,0.06666666666666665,2.8190112113952637,"{'classifier:__choice__': 'CBLOFClassifier', 'data_preprocessor:__choice__': 'NoPreprocessing', 'feature_preprocessor:__choice__': 'no_preprocessing', 'classifier:CBLOFClassifier:alpha': 0.9, 'classifier:CBLOFClassifier:beta': 8, 'classifier:CBLOFClassifier:contamination': 0.1, 'classifier:CBLOFClassifier:n_clusters': 4, 'classifier:CBLOFClassifier:use_weights': 'False'}",24,Success,0.0,CBLOFClassifier,NoPreprocessing,no_preprocessing,,,,,0.9,8.0,0.1,4.0,False,,,,,,,,,
0.21052631578947367,0.21052631578947367,0.0625,2.9200315475463867,"{'classifier:__choice__': 'CBLOFClassifier', 'data_preprocessor:__choice__': 'NoPreprocessing', 'feature_preprocessor:__choice__': 'no_preprocessing', 'classifier:CBLOFClassifier:alpha': 0.7, 'classifier:CBLOFClassifier:beta': 4, 'classifier:CBLOFClassifier:contamination': 0.05, 'classifier:CBLOFClassifier:n_clusters': 6, 'classifier:CBLOFClassifier:use_weights': 'False'}",28,Success,0.0,CBLOFClassifier,NoPreprocessing,no_preprocessing,,,,,0.7,4.0,0.05,6.0,False,,,,,,,,,
0.0,,,0.6454622745513916,"{'classifier:__choice__': 'CBLOFClassifier', 'data_preprocessor:__choice__': 'NoPreprocessing', 'feature_preprocessor:__choice__': 'no_preprocessing', 'classifier:CBLOFClassifier:alpha': 1.0, 'classifier:CBLOFClassifier:beta': 2, 'classifier:CBLOFClassifier:contamination': 0.05, 'classifier:CBLOFClassifier:n_clusters': 4, 'classifier:CBLOFClassifier:use_weights': 'False'}",35,Crash,0.0,CBLOFClassifier,NoPreprocessing,no_preprocessing,,,,,1.0,2.0,0.05,4.0,False,,,,,,,,,
0.10526315789473684,0.10526315789473684,0.05555555555555558,2.857161045074463,"{'classifier:__choice__': 'CBLOFClassifier', 'data_preprocessor:__choice__': 'NoPreprocessing', 'feature_preprocessor:__choice__': 'no_preprocessing', 'classifier:CBLOFClassifier:alpha': 0.95, 'classifier:CBLOFClassifier:beta': 6, 'classifier:CBLOFClassifier:contamination': 0.2, 'classifier:CBLOFClassifier:n_clusters': 8, 'classifier:CBLOFClassifier:use_weights': 'False'}",31,Success,0.0,CBLOFClassifier,NoPreprocessing,no_preprocessing,,,,,0.95,6.0,0.2,8.0,False,,,,,,,,,
0.368421052631579,0.368421052631579,0.07692307692307687,2.9162988662719727,"{'classifier:__choice__': 'CBLOFClassifier', 'data_preprocessor:__choice__': 'NoPreprocessing', 'feature_preprocessor:__choice__': 'no_preprocessing', 'classifier:CBLOFClassifier:alpha': 0.7, 'classifier:CBLOFClassifier:beta': 12, 'classifier:CBLOFClassifier:contamination': 0.3, 'classifier:CBLOFClassifier:n_clusters': 8, 'classifier:CBLOFClassifier:use_weights': 'False'}",11,Success,0.0,CBLOFClassifier,NoPreprocessing,no_preprocessing,,,,,0.7,12.0,0.3,8.0,False,,,,,,,,,
0.631578947368421,0.631578947368421,0.125,2.966580867767334,"{'classifier:__choice__': 'CBLOFClassifier', 'data_preprocessor:__choice__': 'NoPreprocessing', 'feature_preprocessor:__choice__': 'no_preprocessing', 'classifier:CBLOFClassifier:alpha': 0.95, 'classifier:CBLOFClassifier:beta': 20, 'classifier:CBLOFClassifier:contamination': 0.1, 'classifier:CBLOFClassifier:n_clusters': 16, 'classifier:CBLOFClassifier:use_weights': 'False'}",7,Success,0.0,CBLOFClassifier,NoPreprocessing,no_preprocessing,,,,,0.95,20.0,0.1,16.0,False,,,,,,,,,
1.0,1.0,1.0,3.044382095336914,"{'classifier:__choice__': 'CBLOFClassifier', 'data_preprocessor:__choice__': 'NoPreprocessing', 'feature_preprocessor:__choice__': 'no_preprocessing', 'classifier:CBLOFClassifier:alpha': 0.6, 'classifier:CBLOFClassifier:beta': 12, 'classifier:CBLOFClassifier:contamination': 0.15000000000000002, 'classifier:CBLOFClassifier:n_clusters': 16, 'classifier:CBLOFClassifier:use_weights': 'False'}",1,Success,0.0,CBLOFClassifier,NoPreprocessing,no_preprocessing,,,,,0.6,12.0,0.15000000000000002,16.0,False,,,,,,,,,
0.0,,,0.6716806888580322,"{'classifier:__choice__': 'CBLOFClassifier', 'data_preprocessor:__choice__': 'NoPreprocessing', 'feature_preprocessor:__choice__': 'no_preprocessing', 'classifier:CBLOFClassifier:alpha': 1.0, 'classifier:CBLOFClassifier:beta': 6, 'classifier:CBLOFClassifier:contamination': 0.05, 'classifier:CBLOFClassifier:n_clusters': 8, 'classifier:CBLOFClassifier:use_weights': 'False'}",35,Crash,0.0,CBLOFClassifier,NoPreprocessing,no_preprocessing,,,,,1.0,6.0,0.05,8.0,False,,,,,,,,,
0.10526315789473684,0.10526315789473684,0.05555555555555558,2.966521978378296,"{'classifier:__choice__': 'CBLOFClassifier', 'data_preprocessor:__choice__': 'NoPreprocessing', 'feature_preprocessor:__choice__': 'no_preprocessing', 'classifier:CBLOFClassifier:alpha': 0.8500000000000001, 'classifier:CBLOFClassifier:beta': 2, 'classifier:CBLOFClassifier:contamination': 0.3, 'classifier:CBLOFClassifier:n_clusters': 8, 'classifier:CBLOFClassifier:use_weights': 'False'}",31,Success,0.0,CBLOFClassifier,NoPreprocessing,no_preprocessing,,,,,0.8500000000000001,2.0,0.3,8.0,False,,,,,,,,,
0.0,,,0.619940996170044,"{'classifier:__choice__': 'CBLOFClassifier', 'data_preprocessor:__choice__': 'NoPreprocessing', 'feature_preprocessor:__choice__': 'no_preprocessing', 'classifier:CBLOFClassifier:alpha': 1.0, 'classifier:CBLOFClassifier:beta': 16, 'classifier:CBLOFClassifier:contamination': 0.1, 'classifier:CBLOFClassifier:n_clusters': 16, 'classifier:CBLOFClassifier:use_weights': 'False'}",35,Crash,0.0,CBLOFClassifier,NoPreprocessing,no_preprocessing,,,,,1.0,16.0,0.1,16.0,False,,,,,,,,,
0.26315789473684215,0.26315789473684215,0.06666666666666665,2.900867462158203,"{'classifier:__choice__': 'CBLOFClassifier', 'data_preprocessor:__choice__': 'NoPreprocessing', 'feature_preprocessor:__choice__': 'no_preprocessing', 'classifier:CBLOFClassifier:alpha': 0.9, 'classifier:CBLOFClassifier:beta': 16, 'classifier:CBLOFClassifier:contamination': 0.4, 'classifier:CBLOFClassifier:n_clusters': 4, 'classifier:CBLOFClassifier:use_weights': 'False'}",24,Success,0.0,CBLOFClassifier,NoPreprocessing,no_preprocessing,,,,,0.9,16.0,0.4,4.0,False,,,,,,,,,
0.368421052631579,0.368421052631579,0.07692307692307687,2.9635658264160156,"{'classifier:__choice__': 'CBLOFClassifier', 'data_preprocessor:__choice__': 'NoPreprocessing', 'feature_preprocessor:__choice__': 'no_preprocessing', 'classifier:CBLOFClassifier:alpha': 0.55, 'classifier:CBLOFClassifier:beta': 8, 'classifier:CBLOFClassifier:contamination': 0.15000000000000002, 'classifier:CBLOFClassifier:n_clusters': 10, 'classifier:CBLOFClassifier:use_weights': 'False'}",11,Success,0.0,CBLOFClassifier,NoPreprocessing,no_preprocessing,,,,,0.55,8.0,0.15000000000000002,10.0,False,,,,,,,,,
0.0,,,0.6238360404968262,"{'classifier:__choice__': 'CBLOFClassifier', 'data_preprocessor:__choice__': 'NoPreprocessing', 'feature_preprocessor:__choice__': 'no_preprocessing', 'classifier:CBLOFClassifier:alpha': 1.0, 'classifier:CBLOFClassifier:beta': 8, 'classifier:CBLOFClassifier:contamination': 0.25, 'classifier:CBLOFClassifier:n_clusters': 12, 'classifier:CBLOFClassifier:use_weights': 'False'}",35,Crash,0.0,CBLOFClassifier,NoPreprocessing,no_preprocessing,,,,,1.0,8.0,0.25,12.0,False,,,,,,,,,
0.368421052631579,0.368421052631579,0.07692307692307687,2.9508912563323975,"{'classifier:__choice__': 'CBLOFClassifier', 'data_preprocessor:__choice__': 'NoPreprocessing', 'feature_preprocessor:__choice__': 'no_preprocessing', 'classifier:CBLOFClassifier:alpha': 0.7, 'classifier:CBLOFClassifier:beta': 14, 'classifier:CBLOFClassifier:contamination': 0.1, 'classifier:CBLOFClassifier:n_clusters': 14, 'classifier:CBLOFClassifier:use_weights': 'False'}",11,Success,0.0,CBLOFClassifier,NoPreprocessing,no_preprocessing,,,,,0.7,14.0,0.1,14.0,False,,,,,,,,,
0.368421052631579,0.368421052631579,0.07692307692307687,2.9396841526031494,"{'classifier:__choice__': 'CBLOFClassifier', 'data_preprocessor:__choice__': 'NoPreprocessing', 'feature_preprocessor:__choice__': 'no_preprocessing', 'classifier:CBLOFClassifier:alpha': 0.5, 'classifier:CBLOFClassifier:beta': 4, 'classifier:CBLOFClassifier:contamination': 0.2, 'classifier:CBLOFClassifier:n_clusters': 8, 'classifier:CBLOFClassifier:use_weights': 'False'}",11,Success,0.0,CBLOFClassifier,NoPreprocessing,no_preprocessing,,,,,0.5,4.0,0.2,8.0,False,,,,,,,,,
0.631578947368421,0.631578947368421,0.125,3.010237693786621,"{'classifier:__choice__': 'CBLOFClassifier', 'data_preprocessor:__choice__': 'NoPreprocessing', 'feature_preprocessor:__choice__': 'no_preprocessing', 'classifier:CBLOFClassifier:alpha': 0.95, 'classifier:CBLOFClassifier:beta': 4, 'classifier:CBLOFClassifier:contamination': 0.45, 'classifier:CBLOFClassifier:n_clusters': 16, 'classifier:CBLOFClassifier:use_weights': 'False'}",7,Success,0.0,CBLOFClassifier,NoPreprocessing,no_preprocessing,,,,,0.95,4.0,0.45,16.0,False,,,,,,,,,
0.10526315789473684,0.10526315789473684,0.05555555555555558,2.936164140701294,"{'classifier:__choice__': 'CBLOFClassifier', 'data_preprocessor:__choice__': 'NoPreprocessing', 'feature_preprocessor:__choice__': 'no_preprocessing', 'classifier:CBLOFClassifier:alpha': 0.9, 'classifier:CBLOFClassifier:beta': 2, 'classifier:CBLOFClassifier:contamination': 0.3, 'classifier:CBLOFClassifier:n_clusters': 10, 'classifier:CBLOFClassifier:use_weights': 'False'}",31,Success,0.0,CBLOFClassifier,NoPreprocessing,no_preprocessing,,,,,0.9,2.0,0.3,10.0,False,,,,,,,,,
0.21052631578947367,0.21052631578947367,0.0625,2.916402816772461,"{'classifier:__choice__': 'CBLOFClassifier', 'data_preprocessor:__choice__': 'NoPreprocessing', 'feature_preprocessor:__choice__': 'no_preprocessing', 'classifier:CBLOFClassifier:alpha': 0.75, 'classifier:CBLOFClassifier:beta': 20, 'classifier:CBLOFClassifier:contamination': 0.45, 'classifier:CBLOFClassifier:n_clusters': 6, 'classifier:CBLOFClassifier:use_weights': 'False'}",28,Success,0.0,CBLOFClassifier,NoPreprocessing,no_preprocessing,,,,,0.75,20.0,0.45,6.0,False,,,,,,,,,
0.631578947368421,0.631578947368421,0.125,2.9996163845062256,"{'classifier:__choice__': 'CBLOFClassifier', 'data_preprocessor:__choice__': 'NoPreprocessing', 'feature_preprocessor:__choice__': 'no_preprocessing', 'classifier:CBLOFClassifier:alpha': 0.65, 'classifier:CBLOFClassifier:beta': 4, 'classifier:CBLOFClassifier:contamination': 0.45, 'classifier:CBLOFClassifier:n_clusters': 16, 'classifier:CBLOFClassifier:use_weights': 'False'}",7,Success,0.0,CBLOFClassifier,NoPreprocessing,no_preprocessing,,,,,0.65,4.0,0.45,16.0,False,,,,,,,,,
0.0,,,1.0122206211090088,"{'classifier:__choice__': 'CBLOFClassifier', 'data_preprocessor:__choice__': 'NoPreprocessing', 'feature_preprocessor:__choice__': 'no_preprocessing', 'classifier:CBLOFClassifier:alpha': 0.55, 'classifier:CBLOFClassifier:beta': 10, 'classifier:CBLOFClassifier:contamination': 0.35000000000000003, 'classifier:CBLOFClassifier:n_clusters': 10, 'classifier:CBLOFClassifier:use_weights': 'False'}",35,Timeout,0.0,CBLOFClassifier,NoPreprocessing,no_preprocessing,,,,,0.55,10.0,0.35000000000000003,10.0,False,,,,,,,,,
1.0,1.0,1.0,1.1532504558563232,"{'classifier:__choice__': 'COPODClassifier', 'data_preprocessor:__choice__': 'NoPreprocessing', 'feature_preprocessor:__choice__': 'no_preprocessing', 'classifier:COPODClassifier:contamination': 0.15000000000000002}",1,Success,0.0,COPODClassifier,NoPreprocessing,no_preprocessing,,,,,,,,,,0.15000000000000002,,,,,,,,
1.0,1.0,1.0,1.1686954498291016,"{'classifier:__choice__': 'COPODClassifier', 'data_preprocessor:__choice__': 'NoPreprocessing', 'feature_preprocessor:__choice__': 'no_preprocessing', 'classifier:COPODClassifier:contamination': 0.35000000000000003}",1,Success,0.0,COPODClassifier,NoPreprocessing,no_preprocessing,,,,,,,,,,0.35000000000000003,,,,,,,,
1.0,1.0,1.0,1.1827006340026855,"{'classifier:__choice__': 'COPODClassifier', 'data_preprocessor:__choice__': 'NoPreprocessing', 'feature_preprocessor:__choice__': 'no_preprocessing', 'classifier:COPODClassifier:contamination': 0.5}",1,Success,0.0,COPODClassifier,NoPreprocessing,no_preprocessing,,,,,,,,,,0.5,,,,,,,,
1.0,1.0,1.0,1.1530356407165527,"{'classifier:__choice__': 'COPODClassifier', 'data_preprocessor:__choice__': 'NoPreprocessing', 'feature_preprocessor:__choice__': 'no_preprocessing', 'classifier:COPODClassifier:contamination': 0.2}",1,Success,0.0,COPODClassifier,NoPreprocessing,no_preprocessing,,,,,,,,,,0.2,,,,,,,,
1.0,1.0,1.0,1.1615512371063232,"{'classifier:__choice__': 'COPODClassifier', 'data_preprocessor:__choice__': 'NoPreprocessing', 'feature_preprocessor:__choice__': 'no_preprocessing', 'classifier:COPODClassifier:contamination': 0.3}",1,Success,0.0,COPODClassifier,NoPreprocessing,no_preprocessing,,,,,,,,,,0.3,,,,,,,,
1.0,1.0,1.0,1.1313915252685547,"{'classifier:__choice__': 'COPODClassifier', 'data_preprocessor:__choice__': 'NoPreprocessing', 'feature_preprocessor:__choice__': 'no_preprocessing', 'classifier:COPODClassifier:contamination': 0.05}",1,Success,0.0,COPODClassifier,NoPreprocessing,no_preprocessing,,,,,,,,,,0.05,,,,,,,,
1.0,1.0,1.0,1.2210500240325928,"{'classifier:__choice__': 'COPODClassifier', 'data_preprocessor:__choice__': 'NoPreprocessing', 'feature_preprocessor:__choice__': 'no_preprocessing', 'classifier:COPODClassifier:contamination': 0.4}",1,Success,0.0,COPODClassifier,NoPreprocessing,no_preprocessing,,,,,,,,,,0.4,,,,,,,,
1.0,1.0,1.0,1.186021089553833,"{'classifier:__choice__': 'COPODClassifier', 'data_preprocessor:__choice__': 'NoPreprocessing', 'feature_preprocessor:__choice__': 'no_preprocessing', 'classifier:COPODClassifier:contamination': 0.25}",1,Success,0.0,COPODClassifier,NoPreprocessing,no_preprocessing,,,,,,,,,,0.25,,,,,,,,
1.0,1.0,1.0,1.1521573066711426,"{'classifier:__choice__': 'COPODClassifier', 'data_preprocessor:__choice__': 'NoPreprocessing', 'feature_preprocessor:__choice__': 'no_preprocessing', 'classifier:COPODClassifier:contamination': 0.45}",1,Success,0.0,COPODClassifier,NoPreprocessing,no_preprocessing,,,,,,,,,,0.45,,,,,,,,
1.0,1.0,1.0,1.1543524265289307,"{'classifier:__choice__': 'COPODClassifier', 'data_preprocessor:__choice__': 'NoPreprocessing', 'feature_preprocessor:__choice__': 'no_preprocessing', 'classifier:COPODClassifier:contamination': 0.1}",1,Success,0.0,COPODClassifier,NoPreprocessing,no_preprocessing,,,,,,,,,,0.1,,,,,,,,
1.0,1.0,1.0,1.805375337600708,"{'classifier:__choice__': 'LOFClassifier', 'data_preprocessor:__choice__': 'NoPreprocessing', 'feature_preprocessor:__choice__': 'no_preprocessing', 'classifier:LOFClassifier:contamination': 0.15000000000000002, 'classifier:LOFClassifier:n_neighbors': 136, 'classifier:LOFClassifier:p': 2}",1,Success,0.0,LOFClassifier,NoPreprocessing,no_preprocessing,,,,,,,,,,,0.15000000000000002,136.0,2.0,,,,,
1.0,1.0,1.0,1.913733720779419,"{'classifier:__choice__': 'LOFClassifier', 'data_preprocessor:__choice__': 'NoPreprocessing', 'feature_preprocessor:__choice__': 'no_preprocessing', 'classifier:LOFClassifier:contamination': 0.5, 'classifier:LOFClassifier:n_neighbors': 77, 'classifier:LOFClassifier:p': 2}",1,Success,0.0,LOFClassifier,NoPreprocessing,no_preprocessing,,,,,,,,,,,0.5,77.0,2.0,,,,,
1.0,1.0,1.0,1.887676477432251,"{'classifier:__choice__': 'LOFClassifier', 'data_preprocessor:__choice__': 'NoPreprocessing', 'feature_preprocessor:__choice__': 'no_preprocessing', 'classifier:LOFClassifier:contamination': 0.3, 'classifier:LOFClassifier:n_neighbors': 19, 'classifier:LOFClassifier:p': 2}",1,Success,0.0,LOFClassifier,NoPreprocessing,no_preprocessing,,,,,,,,,,,0.3,19.0,2.0,,,,,
1.0,1.0,1.0,1.9529619216918945,"{'classifier:__choice__': 'LOFClassifier', 'data_preprocessor:__choice__': 'NoPreprocessing', 'feature_preprocessor:__choice__': 'no_preprocessing', 'classifier:LOFClassifier:contamination': 0.4, 'classifier:LOFClassifier:n_neighbors': 47, 'classifier:LOFClassifier:p': 2}",1,Success,0.0,LOFClassifier,NoPreprocessing,no_preprocessing,,,,,,,,,,,0.4,47.0,2.0,,,,,
1.0,1.0,1.0,2.0876057147979736,"{'classifier:__choice__': 'LOFClassifier', 'data_preprocessor:__choice__': 'NoPreprocessing', 'feature_preprocessor:__choice__': 'no_preprocessing', 'classifier:LOFClassifier:contamination': 0.25, 'classifier:LOFClassifier:n_neighbors': 165, 'classifier:LOFClassifier:p': 2}",1,Success,0.0,LOFClassifier,NoPreprocessing,no_preprocessing,,,,,,,,,,,0.25,165.0,2.0,,,,,
1.0,1.0,1.0,1.8500096797943115,"{'classifier:__choice__': 'LOFClassifier', 'data_preprocessor:__choice__': 'NoPreprocessing', 'feature_preprocessor:__choice__': 'no_preprocessing', 'classifier:LOFClassifier:contamination': 0.5, 'classifier:LOFClassifier:n_neighbors': 17, 'classifier:LOFClassifier:p': 2}",1,Success,0.0,LOFClassifier,NoPreprocessing,no_preprocessing,,,,,,,,,,,0.5,17.0,2.0,,,,,
1.0,1.0,1.0,2.023986577987671,"{'classifier:__choice__': 'LOFClassifier', 'data_preprocessor:__choice__': 'NoPreprocessing', 'feature_preprocessor:__choice__': 'no_preprocessing', 'classifier:LOFClassifier:contamination': 0.5, 'classifier:LOFClassifier:n_neighbors': 91, 'classifier:LOFClassifier:p': 2}",1,Success,0.0,LOFClassifier,NoPreprocessing,no_preprocessing,,,,,,,,,,,0.5,91.0,2.0,,,,,
1.0,1.0,1.0,1.6776237487792969,"{'classifier:__choice__': 'LOFClassifier', 'data_preprocessor:__choice__': 'NoPreprocessing', 'feature_preprocessor:__choice__': 'no_preprocessing', 'classifier:LOFClassifier:contamination': 0.05, 'classifier:LOFClassifier:n_neighbors': 113, 'classifier:LOFClassifier:p': 2}",1,Success,0.0,LOFClassifier,NoPreprocessing,no_preprocessing,,,,,,,,,,,0.05,113.0,2.0,,,,,
1.0,1.0,1.0,1.847747564315796,"{'classifier:__choice__': 'LOFClassifier', 'data_preprocessor:__choice__': 'NoPreprocessing', 'feature_preprocessor:__choice__': 'no_preprocessing', 'classifier:LOFClassifier:contamination': 0.15000000000000002, 'classifier:LOFClassifier:n_neighbors': 29, 'classifier:LOFClassifier:p': 2}",1,Success,0.0,LOFClassifier,NoPreprocessing,no_preprocessing,,,,,,,,,,,0.15000000000000002,29.0,2.0,,,,,
1.0,1.0,1.0,1.8544819355010986,"{'classifier:__choice__': 'LOFClassifier', 'data_preprocessor:__choice__': 'NoPreprocessing', 'feature_preprocessor:__choice__': 'no_preprocessing', 'classifier:LOFClassifier:contamination': 0.2, 'classifier:LOFClassifier:n_neighbors': 75, 'classifier:LOFClassifier:p': 2}",1,Success,0.0,LOFClassifier,NoPreprocessing,no_preprocessing,,,,,,,,,,,0.2,75.0,2.0,,,,,
1.0,1.0,1.0,1.5198497772216797,"{'classifier:__choice__': 'LOFClassifier', 'data_preprocessor:__choice__': 'NoPreprocessing', 'feature_preprocessor:__choice__': 'no_preprocessing', 'classifier:LOFClassifier:contamination': 0.2, 'classifier:LOFClassifier:n_neighbors': 17, 'classifier:LOFClassifier:p': 2}",1,Success,0.0,LOFClassifier,NoPreprocessing,no_preprocessing,,,,,,,,,,,0.2,17.0,2.0,,,,,
1.0,1.0,1.0,2.0500714778900146,"{'classifier:__choice__': 'LOFClassifier', 'data_preprocessor:__choice__': 'NoPreprocessing', 'feature_preprocessor:__choice__': 'no_preprocessing', 'classifier:LOFClassifier:contamination': 0.25, 'classifier:LOFClassifier:n_neighbors': 117, 'classifier:LOFClassifier:p': 2}",1,Success,0.0,LOFClassifier,NoPreprocessing,no_preprocessing,,,,,,,,,,,0.25,117.0,2.0,,,,,
1.0,1.0,1.0,2.134172201156616,"{'classifier:__choice__': 'LOFClassifier', 'data_preprocessor:__choice__': 'NoPreprocessing', 'feature_preprocessor:__choice__': 'no_preprocessing', 'classifier:LOFClassifier:contamination': 0.5, 'classifier:LOFClassifier:n_neighbors': 103, 'classifier:LOFClassifier:p': 2}",1,Success,0.0,LOFClassifier,NoPreprocessing,no_preprocessing,,,,,,,,,,,0.5,103.0,2.0,,,,,
1.0,1.0,1.0,2.1139280796051025,"{'classifier:__choice__': 'LOFClassifier', 'data_preprocessor:__choice__': 'NoPreprocessing', 'feature_preprocessor:__choice__': 'no_preprocessing', 'classifier:LOFClassifier:contamination': 0.4, 'classifier:LOFClassifier:n_neighbors': 109, 'classifier:LOFClassifier:p': 2}",1,Success,0.0,LOFClassifier,NoPreprocessing,no_preprocessing,,,,,,,,,,,0.4,109.0,2.0,,,,,
1.0,1.0,1.0,1.8289968967437744,"{'classifier:__choice__': 'LOFClassifier', 'data_preprocessor:__choice__': 'NoPreprocessing', 'feature_preprocessor:__choice__': 'no_preprocessing', 'classifier:LOFClassifier:contamination': 0.05, 'classifier:LOFClassifier:n_neighbors': 33, 'classifier:LOFClassifier:p': 2}",1,Success,0.0,LOFClassifier,NoPreprocessing,no_preprocessing,,,,,,,,,,,0.05,33.0,2.0,,,,,
1.0,1.0,1.0,2.0083954334259033,"{'classifier:__choice__': 'LOFClassifier', 'data_preprocessor:__choice__': 'NoPreprocessing', 'feature_preprocessor:__choice__': 'no_preprocessing', 'classifier:LOFClassifier:contamination': 0.45, 'classifier:LOFClassifier:n_neighbors': 130, 'classifier:LOFClassifier:p': 2}",1,Success,0.0,LOFClassifier,NoPreprocessing,no_preprocessing,,,,,,,,,,,0.45,130.0,2.0,,,,,
1.0,1.0,1.0,1.8543286323547363,"{'classifier:__choice__': 'LOFClassifier', 'data_preprocessor:__choice__': 'NoPreprocessing', 'feature_preprocessor:__choice__': 'no_preprocessing', 'classifier:LOFClassifier:contamination': 0.5, 'classifier:LOFClassifier:n_neighbors': 84, 'classifier:LOFClassifier:p': 2}",1,Success,0.0,LOFClassifier,NoPreprocessing,no_preprocessing,,,,,,,,,,,0.5,84.0,2.0,,,,,
1.0,1.0,1.0,1.6643848419189453,"{'classifier:__choice__': 'LOFClassifier', 'data_preprocessor:__choice__': 'NoPreprocessing', 'feature_preprocessor:__choice__': 'no_preprocessing', 'classifier:LOFClassifier:contamination': 0.5, 'classifier:LOFClassifier:n_neighbors': 67, 'classifier:LOFClassifier:p': 2}",1,Success,0.0,LOFClassifier,NoPreprocessing,no_preprocessing,,,,,,,,,,,0.5,67.0,2.0,,,,,
1.0,1.0,1.0,2.244204044342041,"{'classifier:__choice__': 'LOFClassifier', 'data_preprocessor:__choice__': 'NoPreprocessing', 'feature_preprocessor:__choice__': 'no_preprocessing', 'classifier:LOFClassifier:contamination': 0.25, 'classifier:LOFClassifier:n_neighbors': 113, 'classifier:LOFClassifier:p': 2}",1,Success,0.0,LOFClassifier,NoPreprocessing,no_preprocessing,,,,,,,,,,,0.25,113.0,2.0,,,,,
1.0,1.0,1.0,2.001915216445923,"{'classifier:__choice__': 'LOFClassifier', 'data_preprocessor:__choice__': 'NoPreprocessing', 'feature_preprocessor:__choice__': 'no_preprocessing', 'classifier:LOFClassifier:contamination': 0.35000000000000003, 'classifier:LOFClassifier:n_neighbors': 173, 'classifier:LOFClassifier:p': 2}",1,Success,0.0,LOFClassifier,NoPreprocessing,no_preprocessing,,,,,,,,,,,0.35000000000000003,173.0,2.0,,,,,
1.0,1.0,1.0,1.9566781520843506,"{'classifier:__choice__': 'LOFClassifier', 'data_preprocessor:__choice__': 'NoPreprocessing', 'feature_preprocessor:__choice__': 'no_preprocessing', 'classifier:LOFClassifier:contamination': 0.2, 'classifier:LOFClassifier:n_neighbors': 179, 'classifier:LOFClassifier:p': 2}",1,Success,0.0,LOFClassifier,NoPreprocessing,no_preprocessing,,,,,,,,,,,0.2,179.0,2.0,,,,,
1.0,1.0,1.0,1.9851419925689697,"{'classifier:__choice__': 'LOFClassifier', 'data_preprocessor:__choice__': 'NoPreprocessing', 'feature_preprocessor:__choice__': 'no_preprocessing', 'classifier:LOFClassifier:contamination': 0.35000000000000003, 'classifier:LOFClassifier:n_neighbors': 181, 'classifier:LOFClassifier:p': 2}",1,Success,0.0,LOFClassifier,NoPreprocessing,no_preprocessing,,,,,,,,,,,0.35000000000000003,181.0,2.0,,,,,
1.0,1.0,1.0,1.9498927593231201,"{'classifier:__choice__': 'LOFClassifier', 'data_preprocessor:__choice__': 'NoPreprocessing', 'feature_preprocessor:__choice__': 'no_preprocessing', 'classifier:LOFClassifier:contamination': 0.25, 'classifier:LOFClassifier:n_neighbors': 127, 'classifier:LOFClassifier:p': 2}",1,Success,0.0,LOFClassifier,NoPreprocessing,no_preprocessing,,,,,,,,,,,0.25,127.0,2.0,,,,,
1.0,1.0,1.0,1.5927793979644775,"{'classifier:__choice__': 'LOFClassifier', 'data_preprocessor:__choice__': 'NoPreprocessing', 'feature_preprocessor:__choice__': 'no_preprocessing', 'classifier:LOFClassifier:contamination': 0.5, 'classifier:LOFClassifier:n_neighbors': 18, 'classifier:LOFClassifier:p': 2}",1,Success,0.0,LOFClassifier,NoPreprocessing,no_preprocessing,,,,,,,,,,,0.5,18.0,2.0,,,,,
1.0,1.0,1.0,1.9269545078277588,"{'classifier:__choice__': 'LOFClassifier', 'data_preprocessor:__choice__': 'NoPreprocessing', 'feature_preprocessor:__choice__': 'no_preprocessing', 'classifier:LOFClassifier:contamination': 0.35000000000000003, 'classifier:LOFClassifier:n_neighbors': 61, 'classifier:LOFClassifier:p': 2}",1,Success,0.0,LOFClassifier,NoPreprocessing,no_preprocessing,,,,,,,,,,,0.35000000000000003,61.0,2.0,,,,,
1.0,1.0,1.0,1.938206672668457,"{'classifier:__choice__': 'LOFClassifier', 'data_preprocessor:__choice__': 'NoPreprocessing', 'feature_preprocessor:__choice__': 'no_preprocessing', 'classifier:LOFClassifier:contamination': 0.35000000000000003, 'classifier:LOFClassifier:n_neighbors': 53, 'classifier:LOFClassifier:p': 2}",1,Success,0.0,LOFClassifier,NoPreprocessing,no_preprocessing,,,,,,,,,,,0.35000000000000003,53.0,2.0,,,,,
1.0,1.0,1.0,2.052868127822876,"{'classifier:__choice__': 'LOFClassifier', 'data_preprocessor:__choice__': 'NoPreprocessing', 'feature_preprocessor:__choice__': 'no_preprocessing', 'classifier:LOFClassifier:contamination': 0.2, 'classifier:LOFClassifier:n_neighbors': 129, 'classifier:LOFClassifier:p': 2}",1,Success,0.0,LOFClassifier,NoPreprocessing,no_preprocessing,,,,,,,,,,,0.2,129.0,2.0,,,,,
1.0,1.0,1.0,1.689091444015503,"{'classifier:__choice__': 'LOFClassifier', 'data_preprocessor:__choice__': 'NoPreprocessing', 'feature_preprocessor:__choice__': 'no_preprocessing', 'classifier:LOFClassifier:contamination': 0.4, 'classifier:LOFClassifier:n_neighbors': 105, 'classifier:LOFClassifier:p': 2}",1,Success,0.0,LOFClassifier,NoPreprocessing,no_preprocessing,,,,,,,,,,,0.4,105.0,2.0,,,,,
1.0,1.0,1.0,2.077333450317383,"{'classifier:__choice__': 'LOFClassifier', 'data_preprocessor:__choice__': 'NoPreprocessing', 'feature_preprocessor:__choice__': 'no_preprocessing', 'classifier:LOFClassifier:contamination': 0.5, 'classifier:LOFClassifier:n_neighbors': 181, 'classifier:LOFClassifier:p': 2}",1,Success,0.0,LOFClassifier,NoPreprocessing,no_preprocessing,,,,,,,,,,,0.5,181.0,2.0,,,,,
1.0,1.0,1.0,1.8745532035827637,"{'classifier:__choice__': 'LOFClassifier', 'data_preprocessor:__choice__': 'NoPreprocessing', 'feature_preprocessor:__choice__': 'no_preprocessing', 'classifier:LOFClassifier:contamination': 0.05, 'classifier:LOFClassifier:n_neighbors': 47, 'classifier:LOFClassifier:p': 2}",1,Success,0.0,LOFClassifier,NoPreprocessing,no_preprocessing,,,,,,,,,,,0.05,47.0,2.0,,,,,
1.0,1.0,1.0,2.156461477279663,"{'classifier:__choice__': 'LOFClassifier', 'data_preprocessor:__choice__': 'NoPreprocessing', 'feature_preprocessor:__choice__': 'no_preprocessing', 'classifier:LOFClassifier:contamination': 0.3, 'classifier:LOFClassifier:n_neighbors': 176, 'classifier:LOFClassifier:p': 2}",1,Success,0.0,LOFClassifier,NoPreprocessing,no_preprocessing,,,,,,,,,,,0.3,176.0,2.0,,,,,
1.0,1.0,1.0,1.763504981994629,"{'classifier:__choice__': 'LOFClassifier', 'data_preprocessor:__choice__': 'NoPreprocessing', 'feature_preprocessor:__choice__': 'no_preprocessing', 'classifier:LOFClassifier:contamination': 0.25, 'classifier:LOFClassifier:n_neighbors': 175, 'classifier:LOFClassifier:p': 2}",1,Success,0.0,LOFClassifier,NoPreprocessing,no_preprocessing,,,,,,,,,,,0.25,175.0,2.0,,,,,
1.0,1.0,1.0,2.0773465633392334,"{'classifier:__choice__': 'LOFClassifier', 'data_preprocessor:__choice__': 'NoPreprocessing', 'feature_preprocessor:__choice__': 'no_preprocessing', 'classifier:LOFClassifier:contamination': 0.25, 'classifier:LOFClassifier:n_neighbors': 193, 'classifier:LOFClassifier:p': 2}",1,Success,0.0,LOFClassifier,NoPreprocessing,no_preprocessing,,,,,,,,,,,0.25,193.0,2.0,,,,,
1.0,1.0,1.0,2.2972593307495117,"{'classifier:__choice__': 'LOFClassifier', 'data_preprocessor:__choice__': 'NoPreprocessing', 'feature_preprocessor:__choice__': 'no_preprocessing', 'classifier:LOFClassifier:contamination': 0.4, 'classifier:LOFClassifier:n_neighbors': 103, 'classifier:LOFClassifier:p': 2}",1,Success,0.0,LOFClassifier,NoPreprocessing,no_preprocessing,,,,,,,,,,,0.4,103.0,2.0,,,,,
1.0,1.0,1.0,1.7118024826049805,"{'classifier:__choice__': 'LOFClassifier', 'data_preprocessor:__choice__': 'NoPreprocessing', 'feature_preprocessor:__choice__': 'no_preprocessing', 'classifier:LOFClassifier:contamination': 0.2, 'classifier:LOFClassifier:n_neighbors': 136, 'classifier:LOFClassifier:p': 2}",1,Success,0.0,LOFClassifier,NoPreprocessing,no_preprocessing,,,,,,,,,,,0.2,136.0,2.0,,,,,
1.0,1.0,1.0,2.0554604530334473,"{'classifier:__choice__': 'LOFClassifier', 'data_preprocessor:__choice__': 'NoPreprocessing', 'feature_preprocessor:__choice__': 'no_preprocessing', 'classifier:LOFClassifier:contamination': 0.3, 'classifier:LOFClassifier:n_neighbors': 196, 'classifier:LOFClassifier:p': 2}",1,Success,0.0,LOFClassifier,NoPreprocessing,no_preprocessing,,,,,,,,,,,0.3,196.0,2.0,,,,,
1.0,1.0,1.0,2.0374879837036133,"{'classifier:__choice__': 'LOFClassifier', 'data_preprocessor:__choice__': 'NoPreprocessing', 'feature_preprocessor:__choice__': 'no_preprocessing', 'classifier:LOFClassifier:contamination': 0.35000000000000003, 'classifier:LOFClassifier:n_neighbors': 163, 'classifier:LOFClassifier:p': 2}",1,Success,0.0,LOFClassifier,NoPreprocessing,no_preprocessing,,,,,,,,,,,0.35000000000000003,163.0,2.0,,,,,
1.0,1.0,1.0,1.8996407985687256,"{'classifier:__choice__': 'LOFClassifier', 'data_preprocessor:__choice__': 'NoPreprocessing', 'feature_preprocessor:__choice__': 'no_preprocessing', 'classifier:LOFClassifier:contamination': 0.05, 'classifier:LOFClassifier:n_neighbors': 40, 'classifier:LOFClassifier:p': 2}",1,Success,0.0,LOFClassifier,NoPreprocessing,no_preprocessing,,,,,,,,,,,0.05,40.0,2.0,,,,,
1.0,1.0,1.0,2.1290221214294434,"{'classifier:__choice__': 'LOFClassifier', 'data_preprocessor:__choice__': 'NoPreprocessing', 'feature_preprocessor:__choice__': 'no_preprocessing', 'classifier:LOFClassifier:contamination': 0.2, 'classifier:LOFClassifier:n_neighbors': 149, 'classifier:LOFClassifier:p': 2}",1,Success,0.0,LOFClassifier,NoPreprocessing,no_preprocessing,,,,,,,,,,,0.2,149.0,2.0,,,,,
1.0,1.0,1.0,2.0236663818359375,"{'classifier:__choice__': 'LOFClassifier', 'data_preprocessor:__choice__': 'NoPreprocessing', 'feature_preprocessor:__choice__': 'no_preprocessing', 'classifier:LOFClassifier:contamination': 0.2, 'classifier:LOFClassifier:n_neighbors': 166, 'classifier:LOFClassifier:p': 2}",1,Success,0.0,LOFClassifier,NoPreprocessing,no_preprocessing,,,,,,,,,,,0.2,166.0,2.0,,,,,
1.0,1.0,1.0,1.9947259426116943,"{'classifier:__choice__': 'LOFClassifier', 'data_preprocessor:__choice__': 'NoPreprocessing', 'feature_preprocessor:__choice__': 'no_preprocessing', 'classifier:LOFClassifier:contamination': 0.05, 'classifier:LOFClassifier:n_neighbors': 160, 'classifier:LOFClassifier:p': 2}",1,Success,0.0,LOFClassifier,NoPreprocessing,no_preprocessing,,,,,,,,,,,0.05,160.0,2.0,,,,,
1.0,1.0,1.0,1.8216044902801514,"{'classifier:__choice__': 'LOFClassifier', 'data_preprocessor:__choice__': 'NoPreprocessing', 'feature_preprocessor:__choice__': 'no_preprocessing', 'classifier:LOFClassifier:contamination': 0.2, 'classifier:LOFClassifier:n_neighbors': 16, 'classifier:LOFClassifier:p': 2}",1,Success,0.0,LOFClassifier,NoPreprocessing,no_preprocessing,,,,,,,,,,,0.2,16.0,2.0,,,,,
1.0,1.0,1.0,2.0326285362243652,"{'classifier:__choice__': 'LOFClassifier', 'data_preprocessor:__choice__': 'NoPreprocessing', 'feature_preprocessor:__choice__': 'no_preprocessing', 'classifier:LOFClassifier:contamination': 0.35000000000000003, 'classifier:LOFClassifier:n_neighbors': 130, 'classifier:LOFClassifier:p': 2}",1,Success,0.0,LOFClassifier,NoPreprocessing,no_preprocessing,,,,,,,,,,,0.35000000000000003,130.0,2.0,,,,,
1.0,1.0,1.0,1.5843286514282227,"{'classifier:__choice__': 'LOFClassifier', 'data_preprocessor:__choice__': 'NoPreprocessing', 'feature_preprocessor:__choice__': 'no_preprocessing', 'classifier:LOFClassifier:contamination': 0.2, 'classifier:LOFClassifier:n_neighbors': 24, 'classifier:LOFClassifier:p': 2}",1,Success,0.0,LOFClassifier,NoPreprocessing,no_preprocessing,,,,,,,,,,,0.2,24.0,2.0,,,,,
1.0,1.0,1.0,2.0506598949432373,"{'classifier:__choice__': 'LOFClassifier', 'data_preprocessor:__choice__': 'NoPreprocessing', 'feature_preprocessor:__choice__': 'no_preprocessing', 'classifier:LOFClassifier:contamination': 0.4, 'classifier:LOFClassifier:n_neighbors': 73, 'classifier:LOFClassifier:p': 2}",1,Success,0.0,LOFClassifier,NoPreprocessing,no_preprocessing,,,,,,,,,,,0.4,73.0,2.0,,,,,
1.0,1.0,1.0,1.8951778411865234,"{'classifier:__choice__': 'LOFClassifier', 'data_preprocessor:__choice__': 'NoPreprocessing', 'feature_preprocessor:__choice__': 'no_preprocessing', 'classifier:LOFClassifier:contamination': 0.1, 'classifier:LOFClassifier:n_neighbors': 28, 'classifier:LOFClassifier:p': 2}",1,Success,0.0,LOFClassifier,NoPreprocessing,no_preprocessing,,,,,,,,,,,0.1,28.0,2.0,,,,,
1.0,1.0,1.0,2.0497491359710693,"{'classifier:__choice__': 'LOFClassifier', 'data_preprocessor:__choice__': 'NoPreprocessing', 'feature_preprocessor:__choice__': 'no_preprocessing', 'classifier:LOFClassifier:contamination': 0.25, 'classifier:LOFClassifier:n_neighbors': 34, 'classifier:LOFClassifier:p': 2}",1,Success,0.0,LOFClassifier,NoPreprocessing,no_preprocessing,,,,,,,,,,,0.25,34.0,2.0,,,,,
1.0,1.0,1.0,1.9061393737792969,"{'classifier:__choice__': 'LOFClassifier', 'data_preprocessor:__choice__': 'NoPreprocessing', 'feature_preprocessor:__choice__': 'no_preprocessing', 'classifier:LOFClassifier:contamination': 0.05, 'classifier:LOFClassifier:n_neighbors': 57, 'classifier:LOFClassifier:p': 2}",1,Success,0.0,LOFClassifier,NoPreprocessing,no_preprocessing,,,,,,,,,,,0.05,57.0,2.0,,,,,
1.0,1.0,1.0,1.7312016487121582,"{'classifier:__choice__': 'LOFClassifier', 'data_preprocessor:__choice__': 'NoPreprocessing', 'feature_preprocessor:__choice__': 'no_preprocessing', 'classifier:LOFClassifier:contamination': 0.5, 'classifier:LOFClassifier:n_neighbors': 13, 'classifier:LOFClassifier:p': 2}",1,Success,0.0,LOFClassifier,NoPreprocessing,no_preprocessing,,,,,,,,,,,0.5,13.0,2.0,,,,,
1.0,1.0,1.0,1.8962955474853516,"{'classifier:__choice__': 'LOFClassifier', 'data_preprocessor:__choice__': 'NoPreprocessing', 'feature_preprocessor:__choice__': 'no_preprocessing', 'classifier:LOFClassifier:contamination': 0.05, 'classifier:LOFClassifier:n_neighbors': 29, 'classifier:LOFClassifier:p': 2}",1,Success,0.0,LOFClassifier,NoPreprocessing,no_preprocessing,,,,,,,,,,,0.05,29.0,2.0,,,,,
1.0,1.0,1.0,1.9033477306365967,"{'classifier:__choice__': 'LOFClassifier', 'data_preprocessor:__choice__': 'NoPreprocessing', 'feature_preprocessor:__choice__': 'no_preprocessing', 'classifier:LOFClassifier:contamination': 0.45, 'classifier:LOFClassifier:n_neighbors': 52, 'classifier:LOFClassifier:p': 2}",1,Success,0.0,LOFClassifier,NoPreprocessing,no_preprocessing,,,,,,,,,,,0.45,52.0,2.0,,,,,
1.0,1.0,1.0,2.072479248046875,"{'classifier:__choice__': 'LOFClassifier', 'data_preprocessor:__choice__': 'NoPreprocessing', 'feature_preprocessor:__choice__': 'no_preprocessing', 'classifier:LOFClassifier:contamination': 0.2, 'classifier:LOFClassifier:n_neighbors': 84, 'classifier:LOFClassifier:p': 2}",1,Success,0.0,LOFClassifier,NoPreprocessing,no_preprocessing,,,,,,,,,,,0.2,84.0,2.0,,,,,
1.0,1.0,1.0,1.7797882556915283,"{'classifier:__choice__': 'LOFClassifier', 'data_preprocessor:__choice__': 'NoPreprocessing', 'feature_preprocessor:__choice__': 'no_preprocessing', 'classifier:LOFClassifier:contamination': 0.2, 'classifier:LOFClassifier:n_neighbors': 116, 'classifier:LOFClassifier:p': 2}",1,Success,0.0,LOFClassifier,NoPreprocessing,no_preprocessing,,,,,,,,,,,0.2,116.0,2.0,,,,,
1.0,1.0,1.0,1.8211793899536133,"{'classifier:__choice__': 'LOFClassifier', 'data_preprocessor:__choice__': 'NoPreprocessing', 'feature_preprocessor:__choice__': 'no_preprocessing', 'classifier:LOFClassifier:contamination': 0.3, 'classifier:LOFClassifier:n_neighbors': 94, 'classifier:LOFClassifier:p': 2}",1,Success,0.0,LOFClassifier,NoPreprocessing,no_preprocessing,,,,,,,,,,,0.3,94.0,2.0,,,,,
0.0,,,2.015383720397949,"{'classifier:__choice__': 'LOFClassifier', 'data_preprocessor:__choice__': 'NoPreprocessing', 'feature_preprocessor:__choice__': 'no_preprocessing', 'classifier:LOFClassifier:contamination': 0.45, 'classifier:LOFClassifier:n_neighbors': 189, 'classifier:LOFClassifier:p': 2}",55,Timeout,0.0,LOFClassifier,NoPreprocessing,no_preprocessing,,,,,,,,,,,0.45,189.0,2.0,,,,,
1.0,1.0,1.0,3.4658098220825195,"{'classifier:__choice__': 'IForestClassifier', 'data_preprocessor:__choice__': 'NoPreprocessing', 'feature_preprocessor:__choice__': 'no_preprocessing', 'classifier:IForestClassifier:bootstrap': 'False', 'classifier:IForestClassifier:contamination': 0.15000000000000002, 'classifier:IForestClassifier:max_features': 1.0, 'classifier:IForestClassifier:max_samples': 0.75, 'classifier:IForestClassifier:n_estimators': 190}",1,Success,0.0,IForestClassifier,NoPreprocessing,no_preprocessing,,,,,,,,,,,,,,False,0.15000000000000002,1.0,0.75,190.0
1.0,1.0,1.0,1.0216615200042725,"{'classifier:__choice__': 'IForestClassifier', 'data_preprocessor:__choice__': 'NoPreprocessing', 'feature_preprocessor:__choice__': 'no_preprocessing', 'classifier:IForestClassifier:bootstrap': 'False', 'classifier:IForestClassifier:contamination': 0.2, 'classifier:IForestClassifier:max_features': 1.0, 'classifier:IForestClassifier:max_samples': 0.65, 'classifier:IForestClassifier:n_estimators': 20}",1,Success,0.0,IForestClassifier,NoPreprocessing,no_preprocessing,,,,,,,,,,,,,,False,0.2,1.0,0.65,20.0
1.0,1.0,1.0,2.1146304607391357,"{'classifier:__choice__': 'IForestClassifier', 'data_preprocessor:__choice__': 'NoPreprocessing', 'feature_preprocessor:__choice__': 'no_preprocessing', 'classifier:IForestClassifier:bootstrap': 'False', 'classifier:IForestClassifier:contamination': 0.4, 'classifier:IForestClassifier:max_features': 1.0, 'classifier:IForestClassifier:max_samples': 0.35000000000000003, 'classifier:IForestClassifier:n_estimators': 100}",1,Success,0.0,IForestClassifier,NoPreprocessing,no_preprocessing,,,,,,,,,,,,,,False,0.4,1.0,0.35000000000000003,100.0
1.0,1.0,1.0,0.9748961925506592,"{'classifier:__choice__': 'IForestClassifier', 'data_preprocessor:__choice__': 'NoPreprocessing', 'feature_preprocessor:__choice__': 'no_preprocessing', 'classifier:IForestClassifier:bootstrap': 'False', 'classifier:IForestClassifier:contamination': 0.45, 'classifier:IForestClassifier:max_features': 1.0, 'classifier:IForestClassifier:max_samples': 0.95, 'classifier:IForestClassifier:n_estimators': 20}",1,Success,0.0,IForestClassifier,NoPreprocessing,no_preprocessing,,,,,,,,,,,,,,False,0.45,1.0,0.95,20.0
1.0,1.0,1.0,0.9646573066711426,"{'classifier:__choice__': 'IForestClassifier', 'data_preprocessor:__choice__': 'NoPreprocessing', 'feature_preprocessor:__choice__': 'no_preprocessing', 'classifier:IForestClassifier:bootstrap': 'False', 'classifier:IForestClassifier:contamination': 0.5, 'classifier:IForestClassifier:max_features': 1.0, 'classifier:IForestClassifier:max_samples': 0.55, 'classifier:IForestClassifier:n_estimators': 20}",1,Success,0.0,IForestClassifier,NoPreprocessing,no_preprocessing,,,,,,,,,,,,,,False,0.5,1.0,0.55,20.0
1.0,1.0,1.0,1.2696237564086914,"{'classifier:__choice__': 'IForestClassifier', 'data_preprocessor:__choice__': 'NoPreprocessing', 'feature_preprocessor:__choice__': 'no_preprocessing', 'classifier:IForestClassifier:bootstrap': 'False', 'classifier:IForestClassifier:contamination': 0.3, 'classifier:IForestClassifier:max_features': 1.0, 'classifier:IForestClassifier:max_samples': 0.35000000000000003, 'classifier:IForestClassifier:n_estimators': 35}",1,Success,0.0,IForestClassifier,NoPreprocessing,no_preprocessing,,,,,,,,,,,,,,False,0.3,1.0,0.35000000000000003,35.0
1.0,1.0,1.0,1.9236218929290771,"{'classifier:__choice__': 'IForestClassifier', 'data_preprocessor:__choice__': 'NoPreprocessing', 'feature_preprocessor:__choice__': 'no_preprocessing', 'classifier:IForestClassifier:bootstrap': 'False', 'classifier:IForestClassifier:contamination': 0.2, 'classifier:IForestClassifier:max_features': 1.0, 'classifier:IForestClassifier:max_samples': 0.5, 'classifier:IForestClassifier:n_estimators': 80}",1,Success,0.0,IForestClassifier,NoPreprocessing,no_preprocessing,,,,,,,,,,,,,,False,0.2,1.0,0.5,80.0
1.0,1.0,1.0,2.447727680206299,"{'classifier:__choice__': 'IForestClassifier', 'data_preprocessor:__choice__': 'NoPreprocessing', 'feature_preprocessor:__choice__': 'no_preprocessing', 'classifier:IForestClassifier:bootstrap': 'False', 'classifier:IForestClassifier:contamination': 0.05, 'classifier:IForestClassifier:max_features': 1.0, 'classifier:IForestClassifier:max_samples': 0.55, 'classifier:IForestClassifier:n_estimators': 120}",1,Success,0.0,IForestClassifier,NoPreprocessing,no_preprocessing,,,,,,,,,,,,,,False,0.05,1.0,0.55,120.0
1.0,1.0,1.0,2.7708935737609863,"{'classifier:__choice__': 'IForestClassifier', 'data_preprocessor:__choice__': 'NoPreprocessing', 'feature_preprocessor:__choice__': 'no_preprocessing', 'classifier:IForestClassifier:bootstrap': 'False', 'classifier:IForestClassifier:contamination': 0.5, 'classifier:IForestClassifier:max_features': 1.0, 'classifier:IForestClassifier:max_samples': 0.6000000000000001, 'classifier:IForestClassifier:n_estimators': 145}",1,Success,0.0,IForestClassifier,NoPreprocessing,no_preprocessing,,,,,,,,,,,,,,False,0.5,1.0,0.6000000000000001,145.0
1.0,1.0,1.0,1.1906986236572266,"{'classifier:__choice__': 'IForestClassifier', 'data_preprocessor:__choice__': 'NoPreprocessing', 'feature_preprocessor:__choice__': 'no_preprocessing', 'classifier:IForestClassifier:bootstrap': 'False', 'classifier:IForestClassifier:contamination': 0.3, 'classifier:IForestClassifier:max_features': 1.0, 'classifier:IForestClassifier:max_samples': 0.25, 'classifier:IForestClassifier:n_estimators': 35}",1,Success,0.0,IForestClassifier,NoPreprocessing,no_preprocessing,,,,,,,,,,,,,,False,0.3,1.0,0.25,35.0
1.0,1.0,1.0,3.3966989517211914,"{'classifier:__choice__': 'IForestClassifier', 'data_preprocessor:__choice__': 'NoPreprocessing', 'feature_preprocessor:__choice__': 'no_preprocessing', 'classifier:IForestClassifier:bootstrap': 'False', 'classifier:IForestClassifier:contamination': 0.45, 'classifier:IForestClassifier:max_features': 1.0, 'classifier:IForestClassifier:max_samples': 0.7, 'classifier:IForestClassifier:n_estimators': 185}",1,Success,0.0,IForestClassifier,NoPreprocessing,no_preprocessing,,,,,,,,,,,,,,False,0.45,1.0,0.7,185.0
1.0,1.0,1.0,1.7525434494018555,"{'classifier:__choice__': 'IForestClassifier', 'data_preprocessor:__choice__': 'NoPreprocessing', 'feature_preprocessor:__choice__': 'no_preprocessing', 'classifier:IForestClassifier:bootstrap': 'False', 'classifier:IForestClassifier:contamination': 0.25, 'classifier:IForestClassifier:max_features': 1.0, 'classifier:IForestClassifier:max_samples': 0.95, 'classifier:IForestClassifier:n_estimators': 70}",1,Success,0.0,IForestClassifier,NoPreprocessing,no_preprocessing,,,,,,,,,,,,,,False,0.25,1.0,0.95,70.0
1.0,1.0,1.0,2.8086700439453125,"{'classifier:__choice__': 'IForestClassifier', 'data_preprocessor:__choice__': 'NoPreprocessing', 'feature_preprocessor:__choice__': 'no_preprocessing', 'classifier:IForestClassifier:bootstrap': 'False', 'classifier:IForestClassifier:contamination': 0.25, 'classifier:IForestClassifier:max_features': 1.0, 'classifier:IForestClassifier:max_samples': 0.65, 'classifier:IForestClassifier:n_estimators': 140}",1,Success,0.0,IForestClassifier,NoPreprocessing,no_preprocessing,,,,,,,,,,,,,,False,0.25,1.0,0.65,140.0
1.0,1.0,1.0,3.2408447265625,"{'classifier:__choice__': 'IForestClassifier', 'data_preprocessor:__choice__': 'NoPreprocessing', 'feature_preprocessor:__choice__': 'no_preprocessing', 'classifier:IForestClassifier:bootstrap': 'False', 'classifier:IForestClassifier:contamination': 0.45, 'classifier:IForestClassifier:max_features': 1.0, 'classifier:IForestClassifier:max_samples': 0.5, 'classifier:IForestClassifier:n_estimators': 180}",1,Success,0.0,IForestClassifier,NoPreprocessing,no_preprocessing,,,,,,,,,,,,,,False,0.45,1.0,0.5,180.0
1.0,1.0,1.0,2.241001605987549,"{'classifier:__choice__': 'IForestClassifier', 'data_preprocessor:__choice__': 'NoPreprocessing', 'feature_preprocessor:__choice__': 'no_preprocessing', 'classifier:IForestClassifier:bootstrap': 'False', 'classifier:IForestClassifier:contamination': 0.35000000000000003, 'classifier:IForestClassifier:max_features': 1.0, 'classifier:IForestClassifier:max_samples': 0.95, 'classifier:IForestClassifier:n_estimators': 100}",1,Success,0.0,IForestClassifier,NoPreprocessing,no_preprocessing,,,,,,,,,,,,,,False,0.35000000000000003,1.0,0.95,100.0
1.0,1.0,1.0,1.052617073059082,"{'classifier:__choice__': 'IForestClassifier', 'data_preprocessor:__choice__': 'NoPreprocessing', 'feature_preprocessor:__choice__': 'no_preprocessing', 'classifier:IForestClassifier:bootstrap': 'False', 'classifier:IForestClassifier:contamination': 0.35000000000000003, 'classifier:IForestClassifier:max_features': 1.0, 'classifier:IForestClassifier:max_samples': 1.0, 'classifier:IForestClassifier:n_estimators': 20}",1,Success,0.0,IForestClassifier,NoPreprocessing,no_preprocessing,,,,,,,,,,,,,,False,0.35000000000000003,1.0,1.0,20.0
1.0,1.0,1.0,2.751035213470459,"{'classifier:__choice__': 'IForestClassifier', 'data_preprocessor:__choice__': 'NoPreprocessing', 'feature_preprocessor:__choice__': 'no_preprocessing', 'classifier:IForestClassifier:bootstrap': 'False', 'classifier:IForestClassifier:contamination': 0.35000000000000003, 'classifier:IForestClassifier:max_features': 1.0, 'classifier:IForestClassifier:max_samples': 0.45, 'classifier:IForestClassifier:n_estimators': 140}",1,Success,0.0,IForestClassifier,NoPreprocessing,no_preprocessing,,,,,,,,,,,,,,False,0.35000000000000003,1.0,0.45,140.0
1.0,1.0,1.0,2.5633997917175293,"{'classifier:__choice__': 'IForestClassifier', 'data_preprocessor:__choice__': 'NoPreprocessing', 'feature_preprocessor:__choice__': 'no_preprocessing', 'classifier:IForestClassifier:bootstrap': 'False', 'classifier:IForestClassifier:contamination': 0.15000000000000002, 'classifier:IForestClassifier:max_features': 1.0, 'classifier:IForestClassifier:max_samples': 0.5, 'classifier:IForestClassifier:n_estimators': 130}",1,Success,0.0,IForestClassifier,NoPreprocessing,no_preprocessing,,,,,,,,,,,,,,False,0.15000000000000002,1.0,0.5,130.0
1.0,1.0,1.0,3.4653232097625732,"{'classifier:__choice__': 'IForestClassifier', 'data_preprocessor:__choice__': 'NoPreprocessing', 'feature_preprocessor:__choice__': 'no_preprocessing', 'classifier:IForestClassifier:bootstrap': 'False', 'classifier:IForestClassifier:contamination': 0.4, 'classifier:IForestClassifier:max_features': 1.0, 'classifier:IForestClassifier:max_samples': 0.6000000000000001, 'classifier:IForestClassifier:n_estimators': 190}",1,Success,0.0,IForestClassifier,NoPreprocessing,no_preprocessing,,,,,,,,,,,,,,False,0.4,1.0,0.6000000000000001,190.0
1.0,1.0,1.0,1.4193828105926514,"{'classifier:__choice__': 'IForestClassifier', 'data_preprocessor:__choice__': 'NoPreprocessing', 'feature_preprocessor:__choice__': 'no_preprocessing', 'classifier:IForestClassifier:bootstrap': 'False', 'classifier:IForestClassifier:contamination': 0.5, 'classifier:IForestClassifier:max_features': 1.0, 'classifier:IForestClassifier:max_samples': 0.25, 'classifier:IForestClassifier:n_estimators': 50}",1,Success,0.0,IForestClassifier,NoPreprocessing,no_preprocessing,,,,,,,,,,,,,,False,0.5,1.0,0.25,50.0
1.0,1.0,1.0,2.161698341369629,"{'classifier:__choice__': 'IForestClassifier', 'data_preprocessor:__choice__': 'NoPreprocessing', 'feature_preprocessor:__choice__': 'no_preprocessing', 'classifier:IForestClassifier:bootstrap': 'False', 'classifier:IForestClassifier:contamination': 0.3, 'classifier:IForestClassifier:max_features': 1.0, 'classifier:IForestClassifier:max_samples': 0.9000000000000001, 'classifier:IForestClassifier:n_estimators': 100}",1,Success,0.0,IForestClassifier,NoPreprocessing,no_preprocessing,,,,,,,,,,,,,,False,0.3,1.0,0.9000000000000001,100.0
1.0,1.0,1.0,3.5689609050750732,"{'classifier:__choice__': 'IForestClassifier', 'data_preprocessor:__choice__': 'NoPreprocessing', 'feature_preprocessor:__choice__': 'no_preprocessing', 'classifier:IForestClassifier:bootstrap': 'False', 'classifier:IForestClassifier:contamination': 0.45, 'classifier:IForestClassifier:max_features': 1.0, 'classifier:IForestClassifier:max_samples': 0.55, 'classifier:IForestClassifier:n_estimators': 195}",1,Success,0.0,IForestClassifier,NoPreprocessing,no_preprocessing,,,,,,,,,,,,,,False,0.45,1.0,0.55,195.0
1.0,1.0,1.0,1.7222487926483154,"{'classifier:__choice__': 'IForestClassifier', 'data_preprocessor:__choice__': 'NoPreprocessing', 'feature_preprocessor:__choice__': 'no_preprocessing', 'classifier:IForestClassifier:bootstrap': 'False', 'classifier:IForestClassifier:contamination': 0.4, 'classifier:IForestClassifier:max_features': 1.0, 'classifier:IForestClassifier:max_samples': 0.6000000000000001, 'classifier:IForestClassifier:n_estimators': 70}",1,Success,0.0,IForestClassifier,NoPreprocessing,no_preprocessing,,,,,,,,,,,,,,False,0.4,1.0,0.6000000000000001,70.0
1.0,1.0,1.0,3.575194835662842,"{'classifier:__choice__': 'IForestClassifier', 'data_preprocessor:__choice__': 'NoPreprocessing', 'feature_preprocessor:__choice__': 'no_preprocessing', 'classifier:IForestClassifier:bootstrap': 'False', 'classifier:IForestClassifier:contamination': 0.35000000000000003, 'classifier:IForestClassifier:max_features': 1.0, 'classifier:IForestClassifier:max_samples': 0.6000000000000001, 'classifier:IForestClassifier:n_estimators': 195}",1,Success,0.0,IForestClassifier,NoPreprocessing,no_preprocessing,,,,,,,,,,,,,,False,0.35000000000000003,1.0,0.6000000000000001,195.0
1.0,1.0,1.0,0.929814338684082,"{'classifier:__choice__': 'IForestClassifier', 'data_preprocessor:__choice__': 'NoPreprocessing', 'feature_preprocessor:__choice__': 'no_preprocessing', 'classifier:IForestClassifier:bootstrap': 'False', 'classifier:IForestClassifier:contamination': 0.35000000000000003, 'classifier:IForestClassifier:max_features': 1.0, 'classifier:IForestClassifier:max_samples': 0.8500000000000001, 'classifier:IForestClassifier:n_estimators': 15}",1,Success,0.0,IForestClassifier,NoPreprocessing,no_preprocessing,,,,,,,,,,,,,,False,0.35000000000000003,1.0,0.8500000000000001,15.0
1.0,1.0,1.0,2.9438745975494385,"{'classifier:__choice__': 'IForestClassifier', 'data_preprocessor:__choice__': 'NoPreprocessing', 'feature_preprocessor:__choice__': 'no_preprocessing', 'classifier:IForestClassifier:bootstrap': 'False', 'classifier:IForestClassifier:contamination': 0.1, 'classifier:IForestClassifier:max_features': 1.0, 'classifier:IForestClassifier:max_samples': 0.5, 'classifier:IForestClassifier:n_estimators': 150}",1,Success,0.0,IForestClassifier,NoPreprocessing,no_preprocessing,,,,,,,,,,,,,,False,0.1,1.0,0.5,150.0
1.0,1.0,1.0,1.0064380168914795,"{'classifier:__choice__': 'IForestClassifier', 'data_preprocessor:__choice__': 'NoPreprocessing', 'feature_preprocessor:__choice__': 'no_preprocessing', 'classifier:IForestClassifier:bootstrap': 'False', 'classifier:IForestClassifier:contamination': 0.2, 'classifier:IForestClassifier:max_features': 1.0, 'classifier:IForestClassifier:max_samples': 0.9000000000000001, 'classifier:IForestClassifier:n_estimators': 20}",1,Success,0.0,IForestClassifier,NoPreprocessing,no_preprocessing,,,,,,,,,,,,,,False,0.2,1.0,0.9000000000000001,20.0
1.0,1.0,1.0,0.9666197299957275,"{'classifier:__choice__': 'IForestClassifier', 'data_preprocessor:__choice__': 'NoPreprocessing', 'feature_preprocessor:__choice__': 'no_preprocessing', 'classifier:IForestClassifier:bootstrap': 'False', 'classifier:IForestClassifier:contamination': 0.4, 'classifier:IForestClassifier:max_features': 1.0, 'classifier:IForestClassifier:max_samples': 0.45, 'classifier:IForestClassifier:n_estimators': 20}",1,Success,0.0,IForestClassifier,NoPreprocessing,no_preprocessing,,,,,,,,,,,,,,False,0.4,1.0,0.45,20.0
1.0,1.0,1.0,1.9103105068206787,"{'classifier:__choice__': 'IForestClassifier', 'data_preprocessor:__choice__': 'NoPreprocessing', 'feature_preprocessor:__choice__': 'no_preprocessing', 'classifier:IForestClassifier:bootstrap': 'False', 'classifier:IForestClassifier:contamination': 0.35000000000000003, 'classifier:IForestClassifier:max_features': 1.0, 'classifier:IForestClassifier:max_samples': 0.7, 'classifier:IForestClassifier:n_estimators': 80}",1,Success,0.0,IForestClassifier,NoPreprocessing,no_preprocessing,,,,,,,,,,,,,,False,0.35000000000000003,1.0,0.7,80.0
1.0,1.0,1.0,1.8383796215057373,"{'classifier:__choice__': 'IForestClassifier', 'data_preprocessor:__choice__': 'NoPreprocessing', 'feature_preprocessor:__choice__': 'no_preprocessing', 'classifier:IForestClassifier:bootstrap': 'False', 'classifier:IForestClassifier:contamination': 0.1, 'classifier:IForestClassifier:max_features': 1.0, 'classifier:IForestClassifier:max_samples': 0.8500000000000001, 'classifier:IForestClassifier:n_estimators': 75}",1,Success,0.0,IForestClassifier,NoPreprocessing,no_preprocessing,,,,,,,,,,,,,,False,0.1,1.0,0.8500000000000001,75.0
1.0,1.0,1.0,1.939239740371704,"{'classifier:__choice__': 'IForestClassifier', 'data_preprocessor:__choice__': 'NoPreprocessing', 'feature_preprocessor:__choice__': 'no_preprocessing', 'classifier:IForestClassifier:bootstrap': 'False', 'classifier:IForestClassifier:contamination': 0.1, 'classifier:IForestClassifier:max_features': 1.0, 'classifier:IForestClassifier:max_samples': 0.30000000000000004, 'classifier:IForestClassifier:n_estimators': 85}",1,Success,0.0,IForestClassifier,NoPreprocessing,no_preprocessing,,,,,,,,,,,,,,False,0.1,1.0,0.30000000000000004,85.0
1.0,1.0,1.0,1.5640790462493896,"{'classifier:__choice__': 'IForestClassifier', 'data_preprocessor:__choice__': 'NoPreprocessing', 'feature_preprocessor:__choice__': 'no_preprocessing', 'classifier:IForestClassifier:bootstrap': 'False', 'classifier:IForestClassifier:contamination': 0.1, 'classifier:IForestClassifier:max_features': 1.0, 'classifier:IForestClassifier:max_samples': 0.25, 'classifier:IForestClassifier:n_estimators': 60}",1,Success,0.0,IForestClassifier,NoPreprocessing,no_preprocessing,,,,,,,,,,,,,,False,0.1,1.0,0.25,60.0
1.0,1.0,1.0,0.9225668907165527,"{'classifier:__choice__': 'IForestClassifier', 'data_preprocessor:__choice__': 'NoPreprocessing', 'feature_preprocessor:__choice__': 'no_preprocessing', 'classifier:IForestClassifier:bootstrap': 'False', 'classifier:IForestClassifier:contamination': 0.5, 'classifier:IForestClassifier:max_features': 1.0, 'classifier:IForestClassifier:max_samples': 0.25, 'classifier:IForestClassifier:n_estimators': 15}",1,Success,0.0,IForestClassifier,NoPreprocessing,no_preprocessing,,,,,,,,,,,,,,False,0.5,1.0,0.25,15.0
1.0,1.0,1.0,1.5134198665618896,"{'classifier:__choice__': 'IForestClassifier', 'data_preprocessor:__choice__': 'NoPreprocessing', 'feature_preprocessor:__choice__': 'no_preprocessing', 'classifier:IForestClassifier:bootstrap': 'False', 'classifier:IForestClassifier:contamination': 0.1, 'classifier:IForestClassifier:max_features': 1.0, 'classifier:IForestClassifier:max_samples': 0.9000000000000001, 'classifier:IForestClassifier:n_estimators': 55}",1,Success,0.0,IForestClassifier,NoPreprocessing,no_preprocessing,,,,,,,,,,,,,,False,0.1,1.0,0.9000000000000001,55.0
1.0,1.0,1.0,1.873626947402954,"{'classifier:__choice__': 'IForestClassifier', 'data_preprocessor:__choice__': 'NoPreprocessing', 'feature_preprocessor:__choice__': 'no_preprocessing', 'classifier:IForestClassifier:bootstrap': 'False', 'classifier:IForestClassifier:contamination': 0.2, 'classifier:IForestClassifier:max_features': 1.0, 'classifier:IForestClassifier:max_samples': 0.55, 'classifier:IForestClassifier:n_estimators': 80}",1,Success,0.0,IForestClassifier,NoPreprocessing,no_preprocessing,,,,,,,,,,,,,,False,0.2,1.0,0.55,80.0
1.0,1.0,1.0,2.0952868461608887,"{'classifier:__choice__': 'IForestClassifier', 'data_preprocessor:__choice__': 'NoPreprocessing', 'feature_preprocessor:__choice__': 'no_preprocessing', 'classifier:IForestClassifier:bootstrap': 'False', 'classifier:IForestClassifier:contamination': 0.3, 'classifier:IForestClassifier:max_features': 1.0, 'classifier:IForestClassifier:max_samples': 0.6000000000000001, 'classifier:IForestClassifier:n_estimators': 95}",1,Success,0.0,IForestClassifier,NoPreprocessing,no_preprocessing,,,,,,,,,,,,,,False,0.3,1.0,0.6000000000000001,95.0
1.0,1.0,1.0,1.4096307754516602,"{'classifier:__choice__': 'IForestClassifier', 'data_preprocessor:__choice__': 'NoPreprocessing', 'feature_preprocessor:__choice__': 'no_preprocessing', 'classifier:IForestClassifier:bootstrap': 'False', 'classifier:IForestClassifier:contamination': 0.45, 'classifier:IForestClassifier:max_features': 1.0, 'classifier:IForestClassifier:max_samples': 0.95, 'classifier:IForestClassifier:n_estimators': 45}",1,Success,0.0,IForestClassifier,NoPreprocessing,no_preprocessing,,,,,,,,,,,,,,False,0.45,1.0,0.95,45.0
1.0,1.0,1.0,2.424450397491455,"{'classifier:__choice__': 'IForestClassifier', 'data_preprocessor:__choice__': 'NoPreprocessing', 'feature_preprocessor:__choice__': 'no_preprocessing', 'classifier:IForestClassifier:bootstrap': 'False', 'classifier:IForestClassifier:contamination': 0.5, 'classifier:IForestClassifier:max_features': 1.0, 'classifier:IForestClassifier:max_samples': 0.35000000000000003, 'classifier:IForestClassifier:n_estimators': 120}",1,Success,0.0,IForestClassifier,NoPreprocessing,no_preprocessing,,,,,,,,,,,,,,False,0.5,1.0,0.35000000000000003,120.0
1.0,1.0,1.0,3.4244234561920166,"{'classifier:__choice__': 'IForestClassifier', 'data_preprocessor:__choice__': 'NoPreprocessing', 'feature_preprocessor:__choice__': 'no_preprocessing', 'classifier:IForestClassifier:bootstrap': 'False', 'classifier:IForestClassifier:contamination': 0.15000000000000002, 'classifier:IForestClassifier:max_features': 1.0, 'classifier:IForestClassifier:max_samples': 0.95, 'classifier:IForestClassifier:n_estimators': 185}",1,Success,0.0,IForestClassifier,NoPreprocessing,no_preprocessing,,,,,,,,,,,,,,False,0.15000000000000002,1.0,0.95,185.0
1.0,1.0,1.0,1.8226995468139648,"{'classifier:__choice__': 'IForestClassifier', 'data_preprocessor:__choice__': 'NoPreprocessing', 'feature_preprocessor:__choice__': 'no_preprocessing', 'classifier:IForestClassifier:bootstrap': 'False', 'classifier:IForestClassifier:contamination': 0.1, 'classifier:IForestClassifier:max_features': 1.0, 'classifier:IForestClassifier:max_samples': 0.25, 'classifier:IForestClassifier:n_estimators': 80}",1,Success,0.0,IForestClassifier,NoPreprocessing,no_preprocessing,,,,,,,,,,,,,,False,0.1,1.0,0.25,80.0
1.0,1.0,1.0,2.30367112159729,"{'classifier:__choice__': 'IForestClassifier', 'data_preprocessor:__choice__': 'NoPreprocessing', 'feature_preprocessor:__choice__': 'no_preprocessing', 'classifier:IForestClassifier:bootstrap': 'False', 'classifier:IForestClassifier:contamination': 0.35000000000000003, 'classifier:IForestClassifier:max_features': 1.0, 'classifier:IForestClassifier:max_samples': 0.2, 'classifier:IForestClassifier:n_estimators': 110}",1,Success,0.0,IForestClassifier,NoPreprocessing,no_preprocessing,,,,,,,,,,,,,,False,0.35000000000000003,1.0,0.2,110.0
1.0,1.0,1.0,3.0137970447540283,"{'classifier:__choice__': 'IForestClassifier', 'data_preprocessor:__choice__': 'NoPreprocessing', 'feature_preprocessor:__choice__': 'no_preprocessing', 'classifier:IForestClassifier:bootstrap': 'False', 'classifier:IForestClassifier:contamination': 0.25, 'classifier:IForestClassifier:max_features': 1.0, 'classifier:IForestClassifier:max_samples': 1.0, 'classifier:IForestClassifier:n_estimators': 160}",1,Success,0.0,IForestClassifier,NoPreprocessing,no_preprocessing,,,,,,,,,,,,,,False,0.25,1.0,1.0,160.0
1.0,1.0,1.0,3.0053958892822266,"{'classifier:__choice__': 'IForestClassifier', 'data_preprocessor:__choice__': 'NoPreprocessing', 'feature_preprocessor:__choice__': 'no_preprocessing', 'classifier:IForestClassifier:bootstrap': 'False', 'classifier:IForestClassifier:contamination': 0.1, 'classifier:IForestClassifier:max_features': 1.0, 'classifier:IForestClassifier:max_samples': 0.95, 'classifier:IForestClassifier:n_estimators': 150}",1,Success,0.0,IForestClassifier,NoPreprocessing,no_preprocessing,,,,,,,,,,,,,,False,0.1,1.0,0.95,150.0
1.0,1.0,1.0,1.515028476715088,"{'classifier:__choice__': 'IForestClassifier', 'data_preprocessor:__choice__': 'NoPreprocessing', 'feature_preprocessor:__choice__': 'no_preprocessing', 'classifier:IForestClassifier:bootstrap': 'False', 'classifier:IForestClassifier:contamination': 0.4, 'classifier:IForestClassifier:max_features': 1.0, 'classifier:IForestClassifier:max_samples': 0.8, 'classifier:IForestClassifier:n_estimators': 50}",1,Success,0.0,IForestClassifier,NoPreprocessing,no_preprocessing,,,,,,,,,,,,,,False,0.4,1.0,0.8,50.0
1.0,1.0,1.0,1.5049529075622559,"{'classifier:__choice__': 'IForestClassifier', 'data_preprocessor:__choice__': 'NoPreprocessing', 'feature_preprocessor:__choice__': 'no_preprocessing', 'classifier:IForestClassifier:bootstrap': 'False', 'classifier:IForestClassifier:contamination': 0.1, 'classifier:IForestClassifier:max_features': 1.0, 'classifier:IForestClassifier:max_samples': 0.45, 'classifier:IForestClassifier:n_estimators': 60}",1,Success,0.0,IForestClassifier,NoPreprocessing,no_preprocessing,,,,,,,,,,,,,,False,0.1,1.0,0.45,60.0
1.0,1.0,1.0,1.7749066352844238,"{'classifier:__choice__': 'IForestClassifier', 'data_preprocessor:__choice__': 'NoPreprocessing', 'feature_preprocessor:__choice__': 'no_preprocessing', 'classifier:IForestClassifier:bootstrap': 'False', 'classifier:IForestClassifier:contamination': 0.3, 'classifier:IForestClassifier:max_features': 1.0, 'classifier:IForestClassifier:max_samples': 1.0, 'classifier:IForestClassifier:n_estimators': 70}",1,Success,0.0,IForestClassifier,NoPreprocessing,no_preprocessing,,,,,,,,,,,,,,False,0.3,1.0,1.0,70.0
1.0,1.0,1.0,2.022738456726074,"{'classifier:__choice__': 'IForestClassifier', 'data_preprocessor:__choice__': 'NoPreprocessing', 'feature_preprocessor:__choice__': 'no_preprocessing', 'classifier:IForestClassifier:bootstrap': 'False', 'classifier:IForestClassifier:contamination': 0.25, 'classifier:IForestClassifier:max_features': 1.0, 'classifier:IForestClassifier:max_samples': 0.75, 'classifier:IForestClassifier:n_estimators': 90}",1,Success,0.0,IForestClassifier,NoPreprocessing,no_preprocessing,,,,,,,,,,,,,,False,0.25,1.0,0.75,90.0
1.0,1.0,1.0,3.127725839614868,"{'classifier:__choice__': 'IForestClassifier', 'data_preprocessor:__choice__': 'NoPreprocessing', 'feature_preprocessor:__choice__': 'no_preprocessing', 'classifier:IForestClassifier:bootstrap': 'False', 'classifier:IForestClassifier:contamination': 0.35000000000000003, 'classifier:IForestClassifier:max_features': 1.0, 'classifier:IForestClassifier:max_samples': 0.30000000000000004, 'classifier:IForestClassifier:n_estimators': 170}",1,Success,0.0,IForestClassifier,NoPreprocessing,no_preprocessing,,,,,,,,,,,,,,False,0.35000000000000003,1.0,0.30000000000000004,170.0
1.0,1.0,1.0,1.822713851928711,"{'classifier:__choice__': 'IForestClassifier', 'data_preprocessor:__choice__': 'NoPreprocessing', 'feature_preprocessor:__choice__': 'no_preprocessing', 'classifier:IForestClassifier:bootstrap': 'False', 'classifier:IForestClassifier:contamination': 0.05, 'classifier:IForestClassifier:max_features': 1.0, 'classifier:IForestClassifier:max_samples': 0.25, 'classifier:IForestClassifier:n_estimators': 80}",1,Success,0.0,IForestClassifier,NoPreprocessing,no_preprocessing,,,,,,,,,,,,,,False,0.05,1.0,0.25,80.0
1.0,1.0,1.0,1.0705299377441406,"{'classifier:__choice__': 'IForestClassifier', 'data_preprocessor:__choice__': 'NoPreprocessing', 'feature_preprocessor:__choice__': 'no_preprocessing', 'classifier:IForestClassifier:bootstrap': 'False', 'classifier:IForestClassifier:contamination': 0.25, 'classifier:IForestClassifier:max_features': 1.0, 'classifier:IForestClassifier:max_samples': 0.9000000000000001, 'classifier:IForestClassifier:n_estimators': 25}",1,Success,0.0,IForestClassifier,NoPreprocessing,no_preprocessing,,,,,,,,,,,,,,False,0.25,1.0,0.9000000000000001,25.0
0.0,,,2.009352922439575,"{'classifier:__choice__': 'IForestClassifier', 'data_preprocessor:__choice__': 'NoPreprocessing', 'feature_preprocessor:__choice__': 'no_preprocessing', 'classifier:IForestClassifier:bootstrap': 'False', 'classifier:IForestClassifier:contamination': 0.45, 'classifier:IForestClassifier:max_features': 1.0, 'classifier:IForestClassifier:max_samples': 0.95, 'classifier:IForestClassifier:n_estimators': 165}",51,Timeout,0.0,IForestClassifier,NoPreprocessing,no_preprocessing,,,,,,,,,,,,,,False,0.45,1.0,0.95,165.0
