mean_test_score,metric_roc_auc,metric_average_precision,mean_fit_time,params,rank_test_scores,status,budgets,param_classifier:__choice__,param_data_preprocessor:__choice__,param_feature_preprocessor:__choice__,param_classifier:IForestClassifier:bootstrap,param_classifier:IForestClassifier:contamination,param_classifier:IForestClassifier:max_features,param_classifier:IForestClassifier:max_samples,param_classifier:IForestClassifier:n_estimators,param_classifier:LOFClassifier:contamination,param_classifier:LOFClassifier:n_neighbors,param_classifier:LOFClassifier:p,param_classifier:KNNClassifier:contamination,param_classifier:KNNClassifier:method,param_classifier:KNNClassifier:n_neighbors,param_classifier:KNNClassifier:p,param_classifier:CBLOFClassifier:alpha,param_classifier:CBLOFClassifier:beta,param_classifier:CBLOFClassifier:contamination,param_classifier:CBLOFClassifier:n_clusters,param_classifier:CBLOFClassifier:use_weights,param_classifier:COPODClassifier:contamination
0.9776,0.9776,0.9796513962736416,3.5547003746032715,"{'classifier:__choice__': 'IForestClassifier', 'data_preprocessor:__choice__': 'NoPreprocessing', 'feature_preprocessor:__choice__': 'no_preprocessing', 'classifier:IForestClassifier:bootstrap': 'False', 'classifier:IForestClassifier:contamination': 0.15000000000000002, 'classifier:IForestClassifier:max_features': 1.0, 'classifier:IForestClassifier:max_samples': 0.75, 'classifier:IForestClassifier:n_estimators': 190}",30,Success,0.0,IForestClassifier,NoPreprocessing,no_preprocessing,False,0.15000000000000002,1.0,0.75,190.0,,,,,,,,,,,,,
0.9824,0.9824,0.9826446492987626,0.9789285659790039,"{'classifier:__choice__': 'IForestClassifier', 'data_preprocessor:__choice__': 'NoPreprocessing', 'feature_preprocessor:__choice__': 'no_preprocessing', 'classifier:IForestClassifier:bootstrap': 'False', 'classifier:IForestClassifier:contamination': 0.2, 'classifier:IForestClassifier:max_features': 1.0, 'classifier:IForestClassifier:max_samples': 0.65, 'classifier:IForestClassifier:n_estimators': 20}",8,Success,0.0,IForestClassifier,NoPreprocessing,no_preprocessing,False,0.2,1.0,0.65,20.0,,,,,,,,,,,,,
0.9792000000000001,0.9792000000000001,0.9807183346779204,2.195546865463257,"{'classifier:__choice__': 'IForestClassifier', 'data_preprocessor:__choice__': 'NoPreprocessing', 'feature_preprocessor:__choice__': 'no_preprocessing', 'classifier:IForestClassifier:bootstrap': 'False', 'classifier:IForestClassifier:contamination': 0.1, 'classifier:IForestClassifier:max_features': 1.0, 'classifier:IForestClassifier:max_samples': 1.0, 'classifier:IForestClassifier:n_estimators': 100}",21,Success,0.0,IForestClassifier,NoPreprocessing,no_preprocessing,False,0.1,1.0,1.0,100.0,,,,,,,,,,,,,
0.9780000000000001,0.9780000000000001,0.9788225560139165,2.1857340335845947,"{'classifier:__choice__': 'IForestClassifier', 'data_preprocessor:__choice__': 'NoPreprocessing', 'feature_preprocessor:__choice__': 'no_preprocessing', 'classifier:IForestClassifier:bootstrap': 'False', 'classifier:IForestClassifier:contamination': 0.4, 'classifier:IForestClassifier:max_features': 1.0, 'classifier:IForestClassifier:max_samples': 0.35000000000000003, 'classifier:IForestClassifier:n_estimators': 100}",26,Success,0.0,IForestClassifier,NoPreprocessing,no_preprocessing,False,0.4,1.0,0.35000000000000003,100.0,,,,,,,,,,,,,
0.9748,0.9748,0.9764156663871058,1.096923589706421,"{'classifier:__choice__': 'IForestClassifier', 'data_preprocessor:__choice__': 'NoPreprocessing', 'feature_preprocessor:__choice__': 'no_preprocessing', 'classifier:IForestClassifier:bootstrap': 'False', 'classifier:IForestClassifier:contamination': 0.45, 'classifier:IForestClassifier:max_features': 1.0, 'classifier:IForestClassifier:max_samples': 0.95, 'classifier:IForestClassifier:n_estimators': 20}",44,Success,0.0,IForestClassifier,NoPreprocessing,no_preprocessing,False,0.45,1.0,0.95,20.0,,,,,,,,,,,,,
0.9772000000000001,0.9772000000000001,0.9768819250925128,1.0189213752746582,"{'classifier:__choice__': 'IForestClassifier', 'data_preprocessor:__choice__': 'NoPreprocessing', 'feature_preprocessor:__choice__': 'no_preprocessing', 'classifier:IForestClassifier:bootstrap': 'False', 'classifier:IForestClassifier:contamination': 0.5, 'classifier:IForestClassifier:max_features': 1.0, 'classifier:IForestClassifier:max_samples': 0.55, 'classifier:IForestClassifier:n_estimators': 20}",32,Success,0.0,IForestClassifier,NoPreprocessing,no_preprocessing,False,0.5,1.0,0.55,20.0,,,,,,,,,,,,,
0.9783999999999999,0.9783999999999999,0.9789238712602087,1.260573148727417,"{'classifier:__choice__': 'IForestClassifier', 'data_preprocessor:__choice__': 'NoPreprocessing', 'feature_preprocessor:__choice__': 'no_preprocessing', 'classifier:IForestClassifier:bootstrap': 'False', 'classifier:IForestClassifier:contamination': 0.3, 'classifier:IForestClassifier:max_features': 1.0, 'classifier:IForestClassifier:max_samples': 0.35000000000000003, 'classifier:IForestClassifier:n_estimators': 35}",25,Success,0.0,IForestClassifier,NoPreprocessing,no_preprocessing,False,0.3,1.0,0.35000000000000003,35.0,,,,,,,,,,,,,
0.982,0.982,0.9821930165706614,1.9066162109375,"{'classifier:__choice__': 'IForestClassifier', 'data_preprocessor:__choice__': 'NoPreprocessing', 'feature_preprocessor:__choice__': 'no_preprocessing', 'classifier:IForestClassifier:bootstrap': 'False', 'classifier:IForestClassifier:contamination': 0.2, 'classifier:IForestClassifier:max_features': 1.0, 'classifier:IForestClassifier:max_samples': 0.5, 'classifier:IForestClassifier:n_estimators': 80}",10,Success,0.0,IForestClassifier,NoPreprocessing,no_preprocessing,False,0.2,1.0,0.5,80.0,,,,,,,,,,,,,
0.9807999999999999,0.9807999999999999,0.9814372586329573,2.5482728481292725,"{'classifier:__choice__': 'IForestClassifier', 'data_preprocessor:__choice__': 'NoPreprocessing', 'feature_preprocessor:__choice__': 'no_preprocessing', 'classifier:IForestClassifier:bootstrap': 'False', 'classifier:IForestClassifier:contamination': 0.05, 'classifier:IForestClassifier:max_features': 1.0, 'classifier:IForestClassifier:max_samples': 0.55, 'classifier:IForestClassifier:n_estimators': 120}",15,Success,0.0,IForestClassifier,NoPreprocessing,no_preprocessing,False,0.05,1.0,0.55,120.0,,,,,,,,,,,,,
0.9756,0.9756,0.9771575546349841,2.8229520320892334,"{'classifier:__choice__': 'IForestClassifier', 'data_preprocessor:__choice__': 'NoPreprocessing', 'feature_preprocessor:__choice__': 'no_preprocessing', 'classifier:IForestClassifier:bootstrap': 'False', 'classifier:IForestClassifier:contamination': 0.5, 'classifier:IForestClassifier:max_features': 1.0, 'classifier:IForestClassifier:max_samples': 0.6000000000000001, 'classifier:IForestClassifier:n_estimators': 145}",39,Success,0.0,IForestClassifier,NoPreprocessing,no_preprocessing,False,0.5,1.0,0.6000000000000001,145.0,,,,,,,,,,,,,
0.9724,0.9724,0.9741804587799847,1.1900250911712646,"{'classifier:__choice__': 'IForestClassifier', 'data_preprocessor:__choice__': 'NoPreprocessing', 'feature_preprocessor:__choice__': 'no_preprocessing', 'classifier:IForestClassifier:bootstrap': 'False', 'classifier:IForestClassifier:contamination': 0.3, 'classifier:IForestClassifier:max_features': 1.0, 'classifier:IForestClassifier:max_samples': 0.25, 'classifier:IForestClassifier:n_estimators': 35}",49,Success,0.0,IForestClassifier,NoPreprocessing,no_preprocessing,False,0.3,1.0,0.25,35.0,,,,,,,,,,,,,
0.9788000000000001,0.9788000000000001,0.9802440493669284,3.7498092651367188,"{'classifier:__choice__': 'IForestClassifier', 'data_preprocessor:__choice__': 'NoPreprocessing', 'feature_preprocessor:__choice__': 'no_preprocessing', 'classifier:IForestClassifier:bootstrap': 'False', 'classifier:IForestClassifier:contamination': 0.45, 'classifier:IForestClassifier:max_features': 1.0, 'classifier:IForestClassifier:max_samples': 0.7, 'classifier:IForestClassifier:n_estimators': 185}",23,Success,0.0,IForestClassifier,NoPreprocessing,no_preprocessing,False,0.45,1.0,0.7,185.0,,,,,,,,,,,,,
0.9808,0.9808,0.981366952670994,1.7824842929840088,"{'classifier:__choice__': 'IForestClassifier', 'data_preprocessor:__choice__': 'NoPreprocessing', 'feature_preprocessor:__choice__': 'no_preprocessing', 'classifier:IForestClassifier:bootstrap': 'False', 'classifier:IForestClassifier:contamination': 0.25, 'classifier:IForestClassifier:max_features': 1.0, 'classifier:IForestClassifier:max_samples': 0.95, 'classifier:IForestClassifier:n_estimators': 70}",12,Success,0.0,IForestClassifier,NoPreprocessing,no_preprocessing,False,0.25,1.0,0.95,70.0,,,,,,,,,,,,,
0.9764,0.9764,0.9786340253152241,2.8117847442626953,"{'classifier:__choice__': 'IForestClassifier', 'data_preprocessor:__choice__': 'NoPreprocessing', 'feature_preprocessor:__choice__': 'no_preprocessing', 'classifier:IForestClassifier:bootstrap': 'False', 'classifier:IForestClassifier:contamination': 0.25, 'classifier:IForestClassifier:max_features': 1.0, 'classifier:IForestClassifier:max_samples': 0.65, 'classifier:IForestClassifier:n_estimators': 140}",35,Success,0.0,IForestClassifier,NoPreprocessing,no_preprocessing,False,0.25,1.0,0.65,140.0,,,,,,,,,,,,,
0.9792000000000001,0.9792000000000001,0.9807479950145027,3.3558425903320312,"{'classifier:__choice__': 'IForestClassifier', 'data_preprocessor:__choice__': 'NoPreprocessing', 'feature_preprocessor:__choice__': 'no_preprocessing', 'classifier:IForestClassifier:bootstrap': 'False', 'classifier:IForestClassifier:contamination': 0.45, 'classifier:IForestClassifier:max_features': 1.0, 'classifier:IForestClassifier:max_samples': 0.5, 'classifier:IForestClassifier:n_estimators': 180}",21,Success,0.0,IForestClassifier,NoPreprocessing,no_preprocessing,False,0.45,1.0,0.5,180.0,,,,,,,,,,,,,
0.9784,0.9784,0.9797022323826039,2.213988780975342,"{'classifier:__choice__': 'IForestClassifier', 'data_preprocessor:__choice__': 'NoPreprocessing', 'feature_preprocessor:__choice__': 'no_preprocessing', 'classifier:IForestClassifier:bootstrap': 'False', 'classifier:IForestClassifier:contamination': 0.35000000000000003, 'classifier:IForestClassifier:max_features': 1.0, 'classifier:IForestClassifier:max_samples': 0.95, 'classifier:IForestClassifier:n_estimators': 100}",24,Success,0.0,IForestClassifier,NoPreprocessing,no_preprocessing,False,0.35000000000000003,1.0,0.95,100.0,,,,,,,,,,,,,
0.9823999999999999,0.9823999999999999,0.9832724899304291,1.0118060111999512,"{'classifier:__choice__': 'IForestClassifier', 'data_preprocessor:__choice__': 'NoPreprocessing', 'feature_preprocessor:__choice__': 'no_preprocessing', 'classifier:IForestClassifier:bootstrap': 'False', 'classifier:IForestClassifier:contamination': 0.35000000000000003, 'classifier:IForestClassifier:max_features': 1.0, 'classifier:IForestClassifier:max_samples': 1.0, 'classifier:IForestClassifier:n_estimators': 20}",9,Success,0.0,IForestClassifier,NoPreprocessing,no_preprocessing,False,0.35000000000000003,1.0,1.0,20.0,,,,,,,,,,,,,
0.98,0.98,0.9803671244482051,2.734236240386963,"{'classifier:__choice__': 'IForestClassifier', 'data_preprocessor:__choice__': 'NoPreprocessing', 'feature_preprocessor:__choice__': 'no_preprocessing', 'classifier:IForestClassifier:bootstrap': 'False', 'classifier:IForestClassifier:contamination': 0.35000000000000003, 'classifier:IForestClassifier:max_features': 1.0, 'classifier:IForestClassifier:max_samples': 0.45, 'classifier:IForestClassifier:n_estimators': 140}",17,Success,0.0,IForestClassifier,NoPreprocessing,no_preprocessing,False,0.35000000000000003,1.0,0.45,140.0,,,,,,,,,,,,,
0.9804,0.9804,0.9815104998666322,2.6157944202423096,"{'classifier:__choice__': 'IForestClassifier', 'data_preprocessor:__choice__': 'NoPreprocessing', 'feature_preprocessor:__choice__': 'no_preprocessing', 'classifier:IForestClassifier:bootstrap': 'False', 'classifier:IForestClassifier:contamination': 0.15000000000000002, 'classifier:IForestClassifier:max_features': 1.0, 'classifier:IForestClassifier:max_samples': 0.5, 'classifier:IForestClassifier:n_estimators': 130}",16,Success,0.0,IForestClassifier,NoPreprocessing,no_preprocessing,False,0.15000000000000002,1.0,0.5,130.0,,,,,,,,,,,,,
0.9796,0.9796,0.9810533490895477,3.5257797241210938,"{'classifier:__choice__': 'IForestClassifier', 'data_preprocessor:__choice__': 'NoPreprocessing', 'feature_preprocessor:__choice__': 'no_preprocessing', 'classifier:IForestClassifier:bootstrap': 'False', 'classifier:IForestClassifier:contamination': 0.4, 'classifier:IForestClassifier:max_features': 1.0, 'classifier:IForestClassifier:max_samples': 0.6000000000000001, 'classifier:IForestClassifier:n_estimators': 190}",20,Success,0.0,IForestClassifier,NoPreprocessing,no_preprocessing,False,0.4,1.0,0.6000000000000001,190.0,,,,,,,,,,,,,
0.9728,0.9728,0.9741389197367671,1.4424078464508057,"{'classifier:__choice__': 'IForestClassifier', 'data_preprocessor:__choice__': 'NoPreprocessing', 'feature_preprocessor:__choice__': 'no_preprocessing', 'classifier:IForestClassifier:bootstrap': 'False', 'classifier:IForestClassifier:contamination': 0.5, 'classifier:IForestClassifier:max_features': 1.0, 'classifier:IForestClassifier:max_samples': 0.25, 'classifier:IForestClassifier:n_estimators': 50}",48,Success,0.0,IForestClassifier,NoPreprocessing,no_preprocessing,False,0.5,1.0,0.25,50.0,,,,,,,,,,,,,
0.9764,0.9764,0.9775416891012495,2.1988413333892822,"{'classifier:__choice__': 'IForestClassifier', 'data_preprocessor:__choice__': 'NoPreprocessing', 'feature_preprocessor:__choice__': 'no_preprocessing', 'classifier:IForestClassifier:bootstrap': 'False', 'classifier:IForestClassifier:contamination': 0.3, 'classifier:IForestClassifier:max_features': 1.0, 'classifier:IForestClassifier:max_samples': 0.9000000000000001, 'classifier:IForestClassifier:n_estimators': 100}",35,Success,0.0,IForestClassifier,NoPreprocessing,no_preprocessing,False,0.3,1.0,0.9000000000000001,100.0,,,,,,,,,,,,,
0.978,0.978,0.9793453750676407,3.5342721939086914,"{'classifier:__choice__': 'IForestClassifier', 'data_preprocessor:__choice__': 'NoPreprocessing', 'feature_preprocessor:__choice__': 'no_preprocessing', 'classifier:IForestClassifier:bootstrap': 'False', 'classifier:IForestClassifier:contamination': 0.45, 'classifier:IForestClassifier:max_features': 1.0, 'classifier:IForestClassifier:max_samples': 0.55, 'classifier:IForestClassifier:n_estimators': 195}",27,Success,0.0,IForestClassifier,NoPreprocessing,no_preprocessing,False,0.45,1.0,0.55,195.0,,,,,,,,,,,,,
0.9844,0.9844,0.9838507190938501,1.7783608436584473,"{'classifier:__choice__': 'IForestClassifier', 'data_preprocessor:__choice__': 'NoPreprocessing', 'feature_preprocessor:__choice__': 'no_preprocessing', 'classifier:IForestClassifier:bootstrap': 'False', 'classifier:IForestClassifier:contamination': 0.4, 'classifier:IForestClassifier:max_features': 1.0, 'classifier:IForestClassifier:max_samples': 0.6000000000000001, 'classifier:IForestClassifier:n_estimators': 70}",4,Success,0.0,IForestClassifier,NoPreprocessing,no_preprocessing,False,0.4,1.0,0.6000000000000001,70.0,,,,,,,,,,,,,
0.978,0.978,0.9793724313532567,3.6128990650177,"{'classifier:__choice__': 'IForestClassifier', 'data_preprocessor:__choice__': 'NoPreprocessing', 'feature_preprocessor:__choice__': 'no_preprocessing', 'classifier:IForestClassifier:bootstrap': 'False', 'classifier:IForestClassifier:contamination': 0.35000000000000003, 'classifier:IForestClassifier:max_features': 1.0, 'classifier:IForestClassifier:max_samples': 0.6000000000000001, 'classifier:IForestClassifier:n_estimators': 195}",27,Success,0.0,IForestClassifier,NoPreprocessing,no_preprocessing,False,0.35000000000000003,1.0,0.6000000000000001,195.0,,,,,,,,,,,,,
0.9863999999999999,0.9863999999999999,0.9865459986575509,0.9648728370666504,"{'classifier:__choice__': 'IForestClassifier', 'data_preprocessor:__choice__': 'NoPreprocessing', 'feature_preprocessor:__choice__': 'no_preprocessing', 'classifier:IForestClassifier:bootstrap': 'False', 'classifier:IForestClassifier:contamination': 0.35000000000000003, 'classifier:IForestClassifier:max_features': 1.0, 'classifier:IForestClassifier:max_samples': 0.8500000000000001, 'classifier:IForestClassifier:n_estimators': 15}",2,Success,0.0,IForestClassifier,NoPreprocessing,no_preprocessing,False,0.35000000000000003,1.0,0.8500000000000001,15.0,,,,,,,,,,,,,
0.9776,0.9776,0.9794870522047806,2.914332389831543,"{'classifier:__choice__': 'IForestClassifier', 'data_preprocessor:__choice__': 'NoPreprocessing', 'feature_preprocessor:__choice__': 'no_preprocessing', 'classifier:IForestClassifier:bootstrap': 'False', 'classifier:IForestClassifier:contamination': 0.1, 'classifier:IForestClassifier:max_features': 1.0, 'classifier:IForestClassifier:max_samples': 0.5, 'classifier:IForestClassifier:n_estimators': 150}",30,Success,0.0,IForestClassifier,NoPreprocessing,no_preprocessing,False,0.1,1.0,0.5,150.0,,,,,,,,,,,,,
0.9843999999999999,0.9843999999999999,0.9824603373494316,1.0376453399658203,"{'classifier:__choice__': 'IForestClassifier', 'data_preprocessor:__choice__': 'NoPreprocessing', 'feature_preprocessor:__choice__': 'no_preprocessing', 'classifier:IForestClassifier:bootstrap': 'False', 'classifier:IForestClassifier:contamination': 0.2, 'classifier:IForestClassifier:max_features': 1.0, 'classifier:IForestClassifier:max_samples': 0.9000000000000001, 'classifier:IForestClassifier:n_estimators': 20}",5,Success,0.0,IForestClassifier,NoPreprocessing,no_preprocessing,False,0.2,1.0,0.9000000000000001,20.0,,,,,,,,,,,,,
0.9768000000000001,0.9768000000000001,0.9778692724839563,0.9995548725128174,"{'classifier:__choice__': 'IForestClassifier', 'data_preprocessor:__choice__': 'NoPreprocessing', 'feature_preprocessor:__choice__': 'no_preprocessing', 'classifier:IForestClassifier:bootstrap': 'False', 'classifier:IForestClassifier:contamination': 0.4, 'classifier:IForestClassifier:max_features': 1.0, 'classifier:IForestClassifier:max_samples': 0.45, 'classifier:IForestClassifier:n_estimators': 20}",34,Success,0.0,IForestClassifier,NoPreprocessing,no_preprocessing,False,0.4,1.0,0.45,20.0,,,,,,,,,,,,,
0.9808,0.9808,0.9814156365330149,1.9565162658691406,"{'classifier:__choice__': 'IForestClassifier', 'data_preprocessor:__choice__': 'NoPreprocessing', 'feature_preprocessor:__choice__': 'no_preprocessing', 'classifier:IForestClassifier:bootstrap': 'False', 'classifier:IForestClassifier:contamination': 0.35000000000000003, 'classifier:IForestClassifier:max_features': 1.0, 'classifier:IForestClassifier:max_samples': 0.7, 'classifier:IForestClassifier:n_estimators': 80}",12,Success,0.0,IForestClassifier,NoPreprocessing,no_preprocessing,False,0.35000000000000003,1.0,0.7,80.0,,,,,,,,,,,,,
0.9748000000000001,0.9748000000000001,0.9768608718455214,1.8564269542694092,"{'classifier:__choice__': 'IForestClassifier', 'data_preprocessor:__choice__': 'NoPreprocessing', 'feature_preprocessor:__choice__': 'no_preprocessing', 'classifier:IForestClassifier:bootstrap': 'False', 'classifier:IForestClassifier:contamination': 0.1, 'classifier:IForestClassifier:max_features': 1.0, 'classifier:IForestClassifier:max_samples': 0.8500000000000001, 'classifier:IForestClassifier:n_estimators': 75}",43,Success,0.0,IForestClassifier,NoPreprocessing,no_preprocessing,False,0.1,1.0,0.8500000000000001,75.0,,,,,,,,,,,,,
0.9728000000000001,0.9728000000000001,0.9743323745597867,1.9419326782226562,"{'classifier:__choice__': 'IForestClassifier', 'data_preprocessor:__choice__': 'NoPreprocessing', 'feature_preprocessor:__choice__': 'no_preprocessing', 'classifier:IForestClassifier:bootstrap': 'False', 'classifier:IForestClassifier:contamination': 0.1, 'classifier:IForestClassifier:max_features': 1.0, 'classifier:IForestClassifier:max_samples': 0.30000000000000004, 'classifier:IForestClassifier:n_estimators': 85}",47,Success,0.0,IForestClassifier,NoPreprocessing,no_preprocessing,False,0.1,1.0,0.30000000000000004,85.0,,,,,,,,,,,,,
0.9732000000000001,0.9732000000000001,0.9746620138326233,1.5754311084747314,"{'classifier:__choice__': 'IForestClassifier', 'data_preprocessor:__choice__': 'NoPreprocessing', 'feature_preprocessor:__choice__': 'no_preprocessing', 'classifier:IForestClassifier:bootstrap': 'False', 'classifier:IForestClassifier:contamination': 0.1, 'classifier:IForestClassifier:max_features': 1.0, 'classifier:IForestClassifier:max_samples': 0.25, 'classifier:IForestClassifier:n_estimators': 60}",45,Success,0.0,IForestClassifier,NoPreprocessing,no_preprocessing,False,0.1,1.0,0.25,60.0,,,,,,,,,,,,,
0.978,0.978,0.9782857138934803,0.9304471015930176,"{'classifier:__choice__': 'IForestClassifier', 'data_preprocessor:__choice__': 'NoPreprocessing', 'feature_preprocessor:__choice__': 'no_preprocessing', 'classifier:IForestClassifier:bootstrap': 'False', 'classifier:IForestClassifier:contamination': 0.5, 'classifier:IForestClassifier:max_features': 1.0, 'classifier:IForestClassifier:max_samples': 0.25, 'classifier:IForestClassifier:n_estimators': 15}",27,Success,0.0,IForestClassifier,NoPreprocessing,no_preprocessing,False,0.5,1.0,0.25,15.0,,,,,,,,,,,,,
0.9808,0.9808,0.9812524320997658,1.5206389427185059,"{'classifier:__choice__': 'IForestClassifier', 'data_preprocessor:__choice__': 'NoPreprocessing', 'feature_preprocessor:__choice__': 'no_preprocessing', 'classifier:IForestClassifier:bootstrap': 'False', 'classifier:IForestClassifier:contamination': 0.1, 'classifier:IForestClassifier:max_features': 1.0, 'classifier:IForestClassifier:max_samples': 0.9000000000000001, 'classifier:IForestClassifier:n_estimators': 55}",12,Success,0.0,IForestClassifier,NoPreprocessing,no_preprocessing,False,0.1,1.0,0.9000000000000001,55.0,,,,,,,,,,,,,
0.9832,0.9832,0.983069864478872,1.900223970413208,"{'classifier:__choice__': 'IForestClassifier', 'data_preprocessor:__choice__': 'NoPreprocessing', 'feature_preprocessor:__choice__': 'no_preprocessing', 'classifier:IForestClassifier:bootstrap': 'False', 'classifier:IForestClassifier:contamination': 0.2, 'classifier:IForestClassifier:max_features': 1.0, 'classifier:IForestClassifier:max_samples': 0.55, 'classifier:IForestClassifier:n_estimators': 80}",6,Success,0.0,IForestClassifier,NoPreprocessing,no_preprocessing,False,0.2,1.0,0.55,80.0,,,,,,,,,,,,,
0.9772000000000001,0.9772000000000001,0.9781323489500252,2.1073360443115234,"{'classifier:__choice__': 'IForestClassifier', 'data_preprocessor:__choice__': 'NoPreprocessing', 'feature_preprocessor:__choice__': 'no_preprocessing', 'classifier:IForestClassifier:bootstrap': 'False', 'classifier:IForestClassifier:contamination': 0.3, 'classifier:IForestClassifier:max_features': 1.0, 'classifier:IForestClassifier:max_samples': 0.6000000000000001, 'classifier:IForestClassifier:n_estimators': 95}",32,Success,0.0,IForestClassifier,NoPreprocessing,no_preprocessing,False,0.3,1.0,0.6000000000000001,95.0,,,,,,,,,,,,,
0.9752,0.9752,0.9773753833920776,1.3766913414001465,"{'classifier:__choice__': 'IForestClassifier', 'data_preprocessor:__choice__': 'NoPreprocessing', 'feature_preprocessor:__choice__': 'no_preprocessing', 'classifier:IForestClassifier:bootstrap': 'False', 'classifier:IForestClassifier:contamination': 0.45, 'classifier:IForestClassifier:max_features': 1.0, 'classifier:IForestClassifier:max_samples': 0.95, 'classifier:IForestClassifier:n_estimators': 45}",42,Success,0.0,IForestClassifier,NoPreprocessing,no_preprocessing,False,0.45,1.0,0.95,45.0,,,,,,,,,,,,,
0.9756,0.9756,0.9765806706083161,2.3880958557128906,"{'classifier:__choice__': 'IForestClassifier', 'data_preprocessor:__choice__': 'NoPreprocessing', 'feature_preprocessor:__choice__': 'no_preprocessing', 'classifier:IForestClassifier:bootstrap': 'False', 'classifier:IForestClassifier:contamination': 0.5, 'classifier:IForestClassifier:max_features': 1.0, 'classifier:IForestClassifier:max_samples': 0.35000000000000003, 'classifier:IForestClassifier:n_estimators': 120}",39,Success,0.0,IForestClassifier,NoPreprocessing,no_preprocessing,False,0.5,1.0,0.35000000000000003,120.0,,,,,,,,,,,,,
0.9812,0.9812,0.9825028202285373,3.5306472778320312,"{'classifier:__choice__': 'IForestClassifier', 'data_preprocessor:__choice__': 'NoPreprocessing', 'feature_preprocessor:__choice__': 'no_preprocessing', 'classifier:IForestClassifier:bootstrap': 'False', 'classifier:IForestClassifier:contamination': 0.15000000000000002, 'classifier:IForestClassifier:max_features': 1.0, 'classifier:IForestClassifier:max_samples': 0.95, 'classifier:IForestClassifier:n_estimators': 185}",11,Success,0.0,IForestClassifier,NoPreprocessing,no_preprocessing,False,0.15000000000000002,1.0,0.95,185.0,,,,,,,,,,,,,
0.9732000000000001,0.9732000000000001,0.9745058711725896,2.0582685470581055,"{'classifier:__choice__': 'IForestClassifier', 'data_preprocessor:__choice__': 'NoPreprocessing', 'feature_preprocessor:__choice__': 'no_preprocessing', 'classifier:IForestClassifier:bootstrap': 'False', 'classifier:IForestClassifier:contamination': 0.1, 'classifier:IForestClassifier:max_features': 1.0, 'classifier:IForestClassifier:max_samples': 0.25, 'classifier:IForestClassifier:n_estimators': 80}",45,Success,0.0,IForestClassifier,NoPreprocessing,no_preprocessing,False,0.1,1.0,0.25,80.0,,,,,,,,,,,,,
0.98,0.98,0.9808416100305075,2.2768938541412354,"{'classifier:__choice__': 'IForestClassifier', 'data_preprocessor:__choice__': 'NoPreprocessing', 'feature_preprocessor:__choice__': 'no_preprocessing', 'classifier:IForestClassifier:bootstrap': 'False', 'classifier:IForestClassifier:contamination': 0.35000000000000003, 'classifier:IForestClassifier:max_features': 1.0, 'classifier:IForestClassifier:max_samples': 0.2, 'classifier:IForestClassifier:n_estimators': 110}",17,Success,0.0,IForestClassifier,NoPreprocessing,no_preprocessing,False,0.35000000000000003,1.0,0.2,110.0,,,,,,,,,,,,,
0.98,0.98,0.98165461221924,3.1772587299346924,"{'classifier:__choice__': 'IForestClassifier', 'data_preprocessor:__choice__': 'NoPreprocessing', 'feature_preprocessor:__choice__': 'no_preprocessing', 'classifier:IForestClassifier:bootstrap': 'False', 'classifier:IForestClassifier:contamination': 0.25, 'classifier:IForestClassifier:max_features': 1.0, 'classifier:IForestClassifier:max_samples': 1.0, 'classifier:IForestClassifier:n_estimators': 160}",17,Success,0.0,IForestClassifier,NoPreprocessing,no_preprocessing,False,0.25,1.0,1.0,160.0,,,,,,,,,,,,,
0.9764,0.9764,0.978280662593247,2.9192440509796143,"{'classifier:__choice__': 'IForestClassifier', 'data_preprocessor:__choice__': 'NoPreprocessing', 'feature_preprocessor:__choice__': 'no_preprocessing', 'classifier:IForestClassifier:bootstrap': 'False', 'classifier:IForestClassifier:contamination': 0.1, 'classifier:IForestClassifier:max_features': 1.0, 'classifier:IForestClassifier:max_samples': 0.95, 'classifier:IForestClassifier:n_estimators': 150}",35,Success,0.0,IForestClassifier,NoPreprocessing,no_preprocessing,False,0.1,1.0,0.95,150.0,,,,,,,,,,,,,
0.9852,0.9852,0.9855565030098705,1.4829037189483643,"{'classifier:__choice__': 'IForestClassifier', 'data_preprocessor:__choice__': 'NoPreprocessing', 'feature_preprocessor:__choice__': 'no_preprocessing', 'classifier:IForestClassifier:bootstrap': 'False', 'classifier:IForestClassifier:contamination': 0.4, 'classifier:IForestClassifier:max_features': 1.0, 'classifier:IForestClassifier:max_samples': 0.8, 'classifier:IForestClassifier:n_estimators': 50}",3,Success,0.0,IForestClassifier,NoPreprocessing,no_preprocessing,False,0.4,1.0,0.8,50.0,,,,,,,,,,,,,
0.9892,0.9892,0.9891385328248936,1.6850299835205078,"{'classifier:__choice__': 'IForestClassifier', 'data_preprocessor:__choice__': 'NoPreprocessing', 'feature_preprocessor:__choice__': 'no_preprocessing', 'classifier:IForestClassifier:bootstrap': 'False', 'classifier:IForestClassifier:contamination': 0.1, 'classifier:IForestClassifier:max_features': 1.0, 'classifier:IForestClassifier:max_samples': 0.45, 'classifier:IForestClassifier:n_estimators': 60}",1,Success,0.0,IForestClassifier,NoPreprocessing,no_preprocessing,False,0.1,1.0,0.45,60.0,,,,,,,,,,,,,
0.9828,0.9828,0.9836516759187435,1.8257637023925781,"{'classifier:__choice__': 'IForestClassifier', 'data_preprocessor:__choice__': 'NoPreprocessing', 'feature_preprocessor:__choice__': 'no_preprocessing', 'classifier:IForestClassifier:bootstrap': 'False', 'classifier:IForestClassifier:contamination': 0.3, 'classifier:IForestClassifier:max_features': 1.0, 'classifier:IForestClassifier:max_samples': 1.0, 'classifier:IForestClassifier:n_estimators': 70}",7,Success,0.0,IForestClassifier,NoPreprocessing,no_preprocessing,False,0.3,1.0,1.0,70.0,,,,,,,,,,,,,
0.9763999999999999,0.9763999999999999,0.9778852941025031,2.0375828742980957,"{'classifier:__choice__': 'IForestClassifier', 'data_preprocessor:__choice__': 'NoPreprocessing', 'feature_preprocessor:__choice__': 'no_preprocessing', 'classifier:IForestClassifier:bootstrap': 'False', 'classifier:IForestClassifier:contamination': 0.25, 'classifier:IForestClassifier:max_features': 1.0, 'classifier:IForestClassifier:max_samples': 0.75, 'classifier:IForestClassifier:n_estimators': 90}",38,Success,0.0,IForestClassifier,NoPreprocessing,no_preprocessing,False,0.25,1.0,0.75,90.0,,,,,,,,,,,,,
0.9756,0.9756,0.9769880769775829,3.1295886039733887,"{'classifier:__choice__': 'IForestClassifier', 'data_preprocessor:__choice__': 'NoPreprocessing', 'feature_preprocessor:__choice__': 'no_preprocessing', 'classifier:IForestClassifier:bootstrap': 'False', 'classifier:IForestClassifier:contamination': 0.35000000000000003, 'classifier:IForestClassifier:max_features': 1.0, 'classifier:IForestClassifier:max_samples': 0.30000000000000004, 'classifier:IForestClassifier:n_estimators': 170}",39,Success,0.0,IForestClassifier,NoPreprocessing,no_preprocessing,False,0.35000000000000003,1.0,0.30000000000000004,170.0,,,,,,,,,,,,,
0.0,,,1.0098917484283447,"{'classifier:__choice__': 'IForestClassifier', 'data_preprocessor:__choice__': 'NoPreprocessing', 'feature_preprocessor:__choice__': 'no_preprocessing', 'classifier:IForestClassifier:bootstrap': 'False', 'classifier:IForestClassifier:contamination': 0.05, 'classifier:IForestClassifier:max_features': 1.0, 'classifier:IForestClassifier:max_samples': 0.25, 'classifier:IForestClassifier:n_estimators': 80}",50,Timeout,0.0,IForestClassifier,NoPreprocessing,no_preprocessing,False,0.05,1.0,0.25,80.0,,,,,,,,,,,,,
0.8375999999999999,0.8375999999999999,0.7516017613855615,2.1290643215179443,"{'classifier:__choice__': 'LOFClassifier', 'data_preprocessor:__choice__': 'NoPreprocessing', 'feature_preprocessor:__choice__': 'no_preprocessing', 'classifier:LOFClassifier:contamination': 0.15000000000000002, 'classifier:LOFClassifier:n_neighbors': 136, 'classifier:LOFClassifier:p': 2}",25,Success,0.0,LOFClassifier,NoPreprocessing,no_preprocessing,,,,,,0.15000000000000002,136.0,2.0,,,,,,,,,,
0.858,0.858,0.7563413204283425,1.6736183166503906,"{'classifier:__choice__': 'LOFClassifier', 'data_preprocessor:__choice__': 'NoPreprocessing', 'feature_preprocessor:__choice__': 'no_preprocessing', 'classifier:LOFClassifier:contamination': 0.5, 'classifier:LOFClassifier:n_neighbors': 77, 'classifier:LOFClassifier:p': 2}",8,Success,0.0,LOFClassifier,NoPreprocessing,no_preprocessing,,,,,,0.5,77.0,2.0,,,,,,,,,,
0.5264,0.5264,0.5611726900138876,2.004855155944824,"{'classifier:__choice__': 'LOFClassifier', 'data_preprocessor:__choice__': 'NoPreprocessing', 'feature_preprocessor:__choice__': 'no_preprocessing', 'classifier:LOFClassifier:contamination': 0.1, 'classifier:LOFClassifier:n_neighbors': 20, 'classifier:LOFClassifier:p': 2}",50,Success,0.0,LOFClassifier,NoPreprocessing,no_preprocessing,,,,,,0.1,20.0,2.0,,,,,,,,,,
0.5188,0.5188,0.5577959633498053,1.8861274719238281,"{'classifier:__choice__': 'LOFClassifier', 'data_preprocessor:__choice__': 'NoPreprocessing', 'feature_preprocessor:__choice__': 'no_preprocessing', 'classifier:LOFClassifier:contamination': 0.3, 'classifier:LOFClassifier:n_neighbors': 19, 'classifier:LOFClassifier:p': 2}",52,Success,0.0,LOFClassifier,NoPreprocessing,no_preprocessing,,,,,,0.3,19.0,2.0,,,,,,,,,,
0.8283999999999999,0.8283999999999999,0.7214430033146984,1.8787124156951904,"{'classifier:__choice__': 'LOFClassifier', 'data_preprocessor:__choice__': 'NoPreprocessing', 'feature_preprocessor:__choice__': 'no_preprocessing', 'classifier:LOFClassifier:contamination': 0.4, 'classifier:LOFClassifier:n_neighbors': 47, 'classifier:LOFClassifier:p': 2}",29,Success,0.0,LOFClassifier,NoPreprocessing,no_preprocessing,,,,,,0.4,47.0,2.0,,,,,,,,,,
0.828,0.828,0.7474777180032647,2.1289052963256836,"{'classifier:__choice__': 'LOFClassifier', 'data_preprocessor:__choice__': 'NoPreprocessing', 'feature_preprocessor:__choice__': 'no_preprocessing', 'classifier:LOFClassifier:contamination': 0.25, 'classifier:LOFClassifier:n_neighbors': 165, 'classifier:LOFClassifier:p': 2}",31,Success,0.0,LOFClassifier,NoPreprocessing,no_preprocessing,,,,,,0.25,165.0,2.0,,,,,,,,,,
0.5144,0.5144,0.5612042905376928,1.8834228515625,"{'classifier:__choice__': 'LOFClassifier', 'data_preprocessor:__choice__': 'NoPreprocessing', 'feature_preprocessor:__choice__': 'no_preprocessing', 'classifier:LOFClassifier:contamination': 0.5, 'classifier:LOFClassifier:n_neighbors': 17, 'classifier:LOFClassifier:p': 2}",54,Success,0.0,LOFClassifier,NoPreprocessing,no_preprocessing,,,,,,0.5,17.0,2.0,,,,,,,,,,
0.8512,0.8512,0.7548575861557069,2.082676887512207,"{'classifier:__choice__': 'LOFClassifier', 'data_preprocessor:__choice__': 'NoPreprocessing', 'feature_preprocessor:__choice__': 'no_preprocessing', 'classifier:LOFClassifier:contamination': 0.5, 'classifier:LOFClassifier:n_neighbors': 91, 'classifier:LOFClassifier:p': 2}",19,Success,0.0,LOFClassifier,NoPreprocessing,no_preprocessing,,,,,,0.5,91.0,2.0,,,,,,,,,,
0.8543999999999999,0.8543999999999999,0.7636545431382407,2.174523115158081,"{'classifier:__choice__': 'LOFClassifier', 'data_preprocessor:__choice__': 'NoPreprocessing', 'feature_preprocessor:__choice__': 'no_preprocessing', 'classifier:LOFClassifier:contamination': 0.05, 'classifier:LOFClassifier:n_neighbors': 113, 'classifier:LOFClassifier:p': 2}",13,Success,0.0,LOFClassifier,NoPreprocessing,no_preprocessing,,,,,,0.05,113.0,2.0,,,,,,,,,,
0.5608,0.5608,0.5889475329869422,1.7162914276123047,"{'classifier:__choice__': 'LOFClassifier', 'data_preprocessor:__choice__': 'NoPreprocessing', 'feature_preprocessor:__choice__': 'no_preprocessing', 'classifier:LOFClassifier:contamination': 0.15000000000000002, 'classifier:LOFClassifier:n_neighbors': 29, 'classifier:LOFClassifier:p': 2}",45,Success,0.0,LOFClassifier,NoPreprocessing,no_preprocessing,,,,,,0.15000000000000002,29.0,2.0,,,,,,,,,,
0.8616,0.8616,0.7581286360746309,1.9016106128692627,"{'classifier:__choice__': 'LOFClassifier', 'data_preprocessor:__choice__': 'NoPreprocessing', 'feature_preprocessor:__choice__': 'no_preprocessing', 'classifier:LOFClassifier:contamination': 0.2, 'classifier:LOFClassifier:n_neighbors': 75, 'classifier:LOFClassifier:p': 2}",4,Success,0.0,LOFClassifier,NoPreprocessing,no_preprocessing,,,,,,0.2,75.0,2.0,,,,,,,,,,
0.5144,0.5144,0.5612042905376928,1.7591111660003662,"{'classifier:__choice__': 'LOFClassifier', 'data_preprocessor:__choice__': 'NoPreprocessing', 'feature_preprocessor:__choice__': 'no_preprocessing', 'classifier:LOFClassifier:contamination': 0.2, 'classifier:LOFClassifier:n_neighbors': 17, 'classifier:LOFClassifier:p': 2}",54,Success,0.0,LOFClassifier,NoPreprocessing,no_preprocessing,,,,,,0.2,17.0,2.0,,,,,,,,,,
0.8515999999999999,0.8515999999999999,0.7613781344659613,1.8678231239318848,"{'classifier:__choice__': 'LOFClassifier', 'data_preprocessor:__choice__': 'NoPreprocessing', 'feature_preprocessor:__choice__': 'no_preprocessing', 'classifier:LOFClassifier:contamination': 0.25, 'classifier:LOFClassifier:n_neighbors': 117, 'classifier:LOFClassifier:p': 2}",18,Success,0.0,LOFClassifier,NoPreprocessing,no_preprocessing,,,,,,0.25,117.0,2.0,,,,,,,,,,
0.8568,0.8568,0.7633754341112424,1.7991414070129395,"{'classifier:__choice__': 'LOFClassifier', 'data_preprocessor:__choice__': 'NoPreprocessing', 'feature_preprocessor:__choice__': 'no_preprocessing', 'classifier:LOFClassifier:contamination': 0.5, 'classifier:LOFClassifier:n_neighbors': 103, 'classifier:LOFClassifier:p': 2}",9,Success,0.0,LOFClassifier,NoPreprocessing,no_preprocessing,,,,,,0.5,103.0,2.0,,,,,,,,,,
0.8555999999999999,0.8555999999999999,0.764337117466178,1.8285703659057617,"{'classifier:__choice__': 'LOFClassifier', 'data_preprocessor:__choice__': 'NoPreprocessing', 'feature_preprocessor:__choice__': 'no_preprocessing', 'classifier:LOFClassifier:contamination': 0.4, 'classifier:LOFClassifier:n_neighbors': 109, 'classifier:LOFClassifier:p': 2}",11,Success,0.0,LOFClassifier,NoPreprocessing,no_preprocessing,,,,,,0.4,109.0,2.0,,,,,,,,,,
0.5584,0.5584,0.6062578760421412,1.8378829956054688,"{'classifier:__choice__': 'LOFClassifier', 'data_preprocessor:__choice__': 'NoPreprocessing', 'feature_preprocessor:__choice__': 'no_preprocessing', 'classifier:LOFClassifier:contamination': 0.05, 'classifier:LOFClassifier:n_neighbors': 33, 'classifier:LOFClassifier:p': 2}",47,Success,0.0,LOFClassifier,NoPreprocessing,no_preprocessing,,,,,,0.05,33.0,2.0,,,,,,,,,,
0.8404,0.8404,0.7538027978927828,2.0503382682800293,"{'classifier:__choice__': 'LOFClassifier', 'data_preprocessor:__choice__': 'NoPreprocessing', 'feature_preprocessor:__choice__': 'no_preprocessing', 'classifier:LOFClassifier:contamination': 0.45, 'classifier:LOFClassifier:n_neighbors': 130, 'classifier:LOFClassifier:p': 2}",23,Success,0.0,LOFClassifier,NoPreprocessing,no_preprocessing,,,,,,0.45,130.0,2.0,,,,,,,,,,
0.854,0.854,0.756505090898131,1.8132562637329102,"{'classifier:__choice__': 'LOFClassifier', 'data_preprocessor:__choice__': 'NoPreprocessing', 'feature_preprocessor:__choice__': 'no_preprocessing', 'classifier:LOFClassifier:contamination': 0.5, 'classifier:LOFClassifier:n_neighbors': 84, 'classifier:LOFClassifier:p': 2}",15,Success,0.0,LOFClassifier,NoPreprocessing,no_preprocessing,,,,,,0.5,84.0,2.0,,,,,,,,,,
0.8615999999999999,0.8615999999999999,0.7584235605774493,1.8822717666625977,"{'classifier:__choice__': 'LOFClassifier', 'data_preprocessor:__choice__': 'NoPreprocessing', 'feature_preprocessor:__choice__': 'no_preprocessing', 'classifier:LOFClassifier:contamination': 0.5, 'classifier:LOFClassifier:n_neighbors': 67, 'classifier:LOFClassifier:p': 2}",5,Success,0.0,LOFClassifier,NoPreprocessing,no_preprocessing,,,,,,0.5,67.0,2.0,,,,,,,,,,
0.8543999999999999,0.8543999999999999,0.7636545431382407,1.8894917964935303,"{'classifier:__choice__': 'LOFClassifier', 'data_preprocessor:__choice__': 'NoPreprocessing', 'feature_preprocessor:__choice__': 'no_preprocessing', 'classifier:LOFClassifier:contamination': 0.25, 'classifier:LOFClassifier:n_neighbors': 113, 'classifier:LOFClassifier:p': 2}",13,Success,0.0,LOFClassifier,NoPreprocessing,no_preprocessing,,,,,,0.25,113.0,2.0,,,,,,,,,,
0.8228,0.8228,0.7548086626734666,1.9711906909942627,"{'classifier:__choice__': 'LOFClassifier', 'data_preprocessor:__choice__': 'NoPreprocessing', 'feature_preprocessor:__choice__': 'no_preprocessing', 'classifier:LOFClassifier:contamination': 0.35000000000000003, 'classifier:LOFClassifier:n_neighbors': 173, 'classifier:LOFClassifier:p': 2}",38,Success,0.0,LOFClassifier,NoPreprocessing,no_preprocessing,,,,,,0.35000000000000003,173.0,2.0,,,,,,,,,,
0.8264,0.8264,0.7657313449930939,1.9760057926177979,"{'classifier:__choice__': 'LOFClassifier', 'data_preprocessor:__choice__': 'NoPreprocessing', 'feature_preprocessor:__choice__': 'no_preprocessing', 'classifier:LOFClassifier:contamination': 0.2, 'classifier:LOFClassifier:n_neighbors': 179, 'classifier:LOFClassifier:p': 2}",34,Success,0.0,LOFClassifier,NoPreprocessing,no_preprocessing,,,,,,0.2,179.0,2.0,,,,,,,,,,
0.8256,0.8256,0.7651095126311097,1.9730761051177979,"{'classifier:__choice__': 'LOFClassifier', 'data_preprocessor:__choice__': 'NoPreprocessing', 'feature_preprocessor:__choice__': 'no_preprocessing', 'classifier:LOFClassifier:contamination': 0.35000000000000003, 'classifier:LOFClassifier:n_neighbors': 181, 'classifier:LOFClassifier:p': 2}",35,Success,0.0,LOFClassifier,NoPreprocessing,no_preprocessing,,,,,,0.35000000000000003,181.0,2.0,,,,,,,,,,
0.8443999999999999,0.8443999999999999,0.75485405569285,1.9818670749664307,"{'classifier:__choice__': 'LOFClassifier', 'data_preprocessor:__choice__': 'NoPreprocessing', 'feature_preprocessor:__choice__': 'no_preprocessing', 'classifier:LOFClassifier:contamination': 0.25, 'classifier:LOFClassifier:n_neighbors': 127, 'classifier:LOFClassifier:p': 2}",21,Success,0.0,LOFClassifier,NoPreprocessing,no_preprocessing,,,,,,0.25,127.0,2.0,,,,,,,,,,
0.5244,0.5244,0.5603205222261318,1.748415470123291,"{'classifier:__choice__': 'LOFClassifier', 'data_preprocessor:__choice__': 'NoPreprocessing', 'feature_preprocessor:__choice__': 'no_preprocessing', 'classifier:LOFClassifier:contamination': 0.5, 'classifier:LOFClassifier:n_neighbors': 18, 'classifier:LOFClassifier:p': 2}",51,Success,0.0,LOFClassifier,NoPreprocessing,no_preprocessing,,,,,,0.5,18.0,2.0,,,,,,,,,,
0.8644000000000001,0.8644000000000001,0.7604204340283812,1.7971022129058838,"{'classifier:__choice__': 'LOFClassifier', 'data_preprocessor:__choice__': 'NoPreprocessing', 'feature_preprocessor:__choice__': 'no_preprocessing', 'classifier:LOFClassifier:contamination': 0.35000000000000003, 'classifier:LOFClassifier:n_neighbors': 61, 'classifier:LOFClassifier:p': 2}",2,Success,0.0,LOFClassifier,NoPreprocessing,no_preprocessing,,,,,,0.35000000000000003,61.0,2.0,,,,,,,,,,
0.8652,0.8652,0.7607692142272426,1.791792869567871,"{'classifier:__choice__': 'LOFClassifier', 'data_preprocessor:__choice__': 'NoPreprocessing', 'feature_preprocessor:__choice__': 'no_preprocessing', 'classifier:LOFClassifier:contamination': 0.35000000000000003, 'classifier:LOFClassifier:n_neighbors': 53, 'classifier:LOFClassifier:p': 2}",1,Success,0.0,LOFClassifier,NoPreprocessing,no_preprocessing,,,,,,0.35000000000000003,53.0,2.0,,,,,,,,,,
0.8432000000000001,0.8432000000000001,0.755515861336443,2.0256760120391846,"{'classifier:__choice__': 'LOFClassifier', 'data_preprocessor:__choice__': 'NoPreprocessing', 'feature_preprocessor:__choice__': 'no_preprocessing', 'classifier:LOFClassifier:contamination': 0.2, 'classifier:LOFClassifier:n_neighbors': 129, 'classifier:LOFClassifier:p': 2}",22,Success,0.0,LOFClassifier,NoPreprocessing,no_preprocessing,,,,,,0.2,129.0,2.0,,,,,,,,,,
0.8555999999999999,0.8555999999999999,0.7633873575994845,2.012410879135132,"{'classifier:__choice__': 'LOFClassifier', 'data_preprocessor:__choice__': 'NoPreprocessing', 'feature_preprocessor:__choice__': 'no_preprocessing', 'classifier:LOFClassifier:contamination': 0.4, 'classifier:LOFClassifier:n_neighbors': 105, 'classifier:LOFClassifier:p': 2}",11,Success,0.0,LOFClassifier,NoPreprocessing,no_preprocessing,,,,,,0.4,105.0,2.0,,,,,,,,,,
0.8256,0.8256,0.7651095126311097,2.064263343811035,"{'classifier:__choice__': 'LOFClassifier', 'data_preprocessor:__choice__': 'NoPreprocessing', 'feature_preprocessor:__choice__': 'no_preprocessing', 'classifier:LOFClassifier:contamination': 0.5, 'classifier:LOFClassifier:n_neighbors': 181, 'classifier:LOFClassifier:p': 2}",35,Success,0.0,LOFClassifier,NoPreprocessing,no_preprocessing,,,,,,0.5,181.0,2.0,,,,,,,,,,
0.8283999999999999,0.8283999999999999,0.7214430033146984,1.9329495429992676,"{'classifier:__choice__': 'LOFClassifier', 'data_preprocessor:__choice__': 'NoPreprocessing', 'feature_preprocessor:__choice__': 'no_preprocessing', 'classifier:LOFClassifier:contamination': 0.05, 'classifier:LOFClassifier:n_neighbors': 47, 'classifier:LOFClassifier:p': 2}",29,Success,0.0,LOFClassifier,NoPreprocessing,no_preprocessing,,,,,,0.05,47.0,2.0,,,,,,,,,,
0.8232,0.8232,0.7587629040189502,2.263442277908325,"{'classifier:__choice__': 'LOFClassifier', 'data_preprocessor:__choice__': 'NoPreprocessing', 'feature_preprocessor:__choice__': 'no_preprocessing', 'classifier:LOFClassifier:contamination': 0.3, 'classifier:LOFClassifier:n_neighbors': 176, 'classifier:LOFClassifier:p': 2}",37,Success,0.0,LOFClassifier,NoPreprocessing,no_preprocessing,,,,,,0.3,176.0,2.0,,,,,,,,,,
0.8220000000000001,0.8220000000000001,0.7545964620915536,1.8705458641052246,"{'classifier:__choice__': 'LOFClassifier', 'data_preprocessor:__choice__': 'NoPreprocessing', 'feature_preprocessor:__choice__': 'no_preprocessing', 'classifier:LOFClassifier:contamination': 0.25, 'classifier:LOFClassifier:n_neighbors': 175, 'classifier:LOFClassifier:p': 2}",39,Success,0.0,LOFClassifier,NoPreprocessing,no_preprocessing,,,,,,0.25,175.0,2.0,,,,,,,,,,
0.8208,0.8208,0.7621478991438072,1.9532747268676758,"{'classifier:__choice__': 'LOFClassifier', 'data_preprocessor:__choice__': 'NoPreprocessing', 'feature_preprocessor:__choice__': 'no_preprocessing', 'classifier:LOFClassifier:contamination': 0.25, 'classifier:LOFClassifier:n_neighbors': 193, 'classifier:LOFClassifier:p': 2}",40,Success,0.0,LOFClassifier,NoPreprocessing,no_preprocessing,,,,,,0.25,193.0,2.0,,,,,,,,,,
0.8568,0.8568,0.7633754341112424,1.8074705600738525,"{'classifier:__choice__': 'LOFClassifier', 'data_preprocessor:__choice__': 'NoPreprocessing', 'feature_preprocessor:__choice__': 'no_preprocessing', 'classifier:LOFClassifier:contamination': 0.4, 'classifier:LOFClassifier:n_neighbors': 103, 'classifier:LOFClassifier:p': 2}",9,Success,0.0,LOFClassifier,NoPreprocessing,no_preprocessing,,,,,,0.4,103.0,2.0,,,,,,,,,,
0.8375999999999999,0.8375999999999999,0.7516017613855615,1.855623483657837,"{'classifier:__choice__': 'LOFClassifier', 'data_preprocessor:__choice__': 'NoPreprocessing', 'feature_preprocessor:__choice__': 'no_preprocessing', 'classifier:LOFClassifier:contamination': 0.2, 'classifier:LOFClassifier:n_neighbors': 136, 'classifier:LOFClassifier:p': 2}",25,Success,0.0,LOFClassifier,NoPreprocessing,no_preprocessing,,,,,,0.2,136.0,2.0,,,,,,,,,,
0.8204,0.8204,0.7617924976223194,1.9695589542388916,"{'classifier:__choice__': 'LOFClassifier', 'data_preprocessor:__choice__': 'NoPreprocessing', 'feature_preprocessor:__choice__': 'no_preprocessing', 'classifier:LOFClassifier:contamination': 0.3, 'classifier:LOFClassifier:n_neighbors': 196, 'classifier:LOFClassifier:p': 2}",41,Success,0.0,LOFClassifier,NoPreprocessing,no_preprocessing,,,,,,0.3,196.0,2.0,,,,,,,,,,
0.828,0.828,0.7472413719220758,1.9783024787902832,"{'classifier:__choice__': 'LOFClassifier', 'data_preprocessor:__choice__': 'NoPreprocessing', 'feature_preprocessor:__choice__': 'no_preprocessing', 'classifier:LOFClassifier:contamination': 0.35000000000000003, 'classifier:LOFClassifier:n_neighbors': 163, 'classifier:LOFClassifier:p': 2}",31,Success,0.0,LOFClassifier,NoPreprocessing,no_preprocessing,,,,,,0.35000000000000003,163.0,2.0,,,,,,,,,,
0.6439999999999999,0.6439999999999999,0.6223029531544034,1.8014013767242432,"{'classifier:__choice__': 'LOFClassifier', 'data_preprocessor:__choice__': 'NoPreprocessing', 'feature_preprocessor:__choice__': 'no_preprocessing', 'classifier:LOFClassifier:contamination': 0.05, 'classifier:LOFClassifier:n_neighbors': 40, 'classifier:LOFClassifier:p': 2}",42,Success,0.0,LOFClassifier,NoPreprocessing,no_preprocessing,,,,,,0.05,40.0,2.0,,,,,,,,,,
0.8300000000000001,0.8300000000000001,0.7486323929621957,1.7572224140167236,"{'classifier:__choice__': 'LOFClassifier', 'data_preprocessor:__choice__': 'NoPreprocessing', 'feature_preprocessor:__choice__': 'no_preprocessing', 'classifier:LOFClassifier:contamination': 0.2, 'classifier:LOFClassifier:n_neighbors': 149, 'classifier:LOFClassifier:p': 2}",27,Success,0.0,LOFClassifier,NoPreprocessing,no_preprocessing,,,,,,0.2,149.0,2.0,,,,,,,,,,
0.8276,0.8276,0.747242745325669,2.064896583557129,"{'classifier:__choice__': 'LOFClassifier', 'data_preprocessor:__choice__': 'NoPreprocessing', 'feature_preprocessor:__choice__': 'no_preprocessing', 'classifier:LOFClassifier:contamination': 0.2, 'classifier:LOFClassifier:n_neighbors': 166, 'classifier:LOFClassifier:p': 2}",33,Success,0.0,LOFClassifier,NoPreprocessing,no_preprocessing,,,,,,0.2,166.0,2.0,,,,,,,,,,
0.8288,0.8288,0.7476029710275773,2.190556526184082,"{'classifier:__choice__': 'LOFClassifier', 'data_preprocessor:__choice__': 'NoPreprocessing', 'feature_preprocessor:__choice__': 'no_preprocessing', 'classifier:LOFClassifier:contamination': 0.05, 'classifier:LOFClassifier:n_neighbors': 160, 'classifier:LOFClassifier:p': 2}",28,Success,0.0,LOFClassifier,NoPreprocessing,no_preprocessing,,,,,,0.05,160.0,2.0,,,,,,,,,,
0.5188,0.5188,0.5783963102670292,1.9160146713256836,"{'classifier:__choice__': 'LOFClassifier', 'data_preprocessor:__choice__': 'NoPreprocessing', 'feature_preprocessor:__choice__': 'no_preprocessing', 'classifier:LOFClassifier:contamination': 0.2, 'classifier:LOFClassifier:n_neighbors': 16, 'classifier:LOFClassifier:p': 2}",52,Success,0.0,LOFClassifier,NoPreprocessing,no_preprocessing,,,,,,0.2,16.0,2.0,,,,,,,,,,
0.8404,0.8404,0.7538027978927828,1.973357915878296,"{'classifier:__choice__': 'LOFClassifier', 'data_preprocessor:__choice__': 'NoPreprocessing', 'feature_preprocessor:__choice__': 'no_preprocessing', 'classifier:LOFClassifier:contamination': 0.35000000000000003, 'classifier:LOFClassifier:n_neighbors': 130, 'classifier:LOFClassifier:p': 2}",23,Success,0.0,LOFClassifier,NoPreprocessing,no_preprocessing,,,,,,0.35000000000000003,130.0,2.0,,,,,,,,,,
0.5476,0.5476,0.5742789449309074,1.8922393321990967,"{'classifier:__choice__': 'LOFClassifier', 'data_preprocessor:__choice__': 'NoPreprocessing', 'feature_preprocessor:__choice__': 'no_preprocessing', 'classifier:LOFClassifier:contamination': 0.2, 'classifier:LOFClassifier:n_neighbors': 24, 'classifier:LOFClassifier:p': 2}",49,Success,0.0,LOFClassifier,NoPreprocessing,no_preprocessing,,,,,,0.2,24.0,2.0,,,,,,,,,,
0.8615999999999999,0.8615999999999999,0.7590734692560919,1.9995901584625244,"{'classifier:__choice__': 'LOFClassifier', 'data_preprocessor:__choice__': 'NoPreprocessing', 'feature_preprocessor:__choice__': 'no_preprocessing', 'classifier:LOFClassifier:contamination': 0.4, 'classifier:LOFClassifier:n_neighbors': 73, 'classifier:LOFClassifier:p': 2}",5,Success,0.0,LOFClassifier,NoPreprocessing,no_preprocessing,,,,,,0.4,73.0,2.0,,,,,,,,,,
0.5519999999999999,0.5519999999999999,0.5816706190562217,2.1073057651519775,"{'classifier:__choice__': 'LOFClassifier', 'data_preprocessor:__choice__': 'NoPreprocessing', 'feature_preprocessor:__choice__': 'no_preprocessing', 'classifier:LOFClassifier:contamination': 0.1, 'classifier:LOFClassifier:n_neighbors': 28, 'classifier:LOFClassifier:p': 2}",48,Success,0.0,LOFClassifier,NoPreprocessing,no_preprocessing,,,,,,0.1,28.0,2.0,,,,,,,,,,
0.5712,0.5712,0.6153885399940573,1.967381477355957,"{'classifier:__choice__': 'LOFClassifier', 'data_preprocessor:__choice__': 'NoPreprocessing', 'feature_preprocessor:__choice__': 'no_preprocessing', 'classifier:LOFClassifier:contamination': 0.25, 'classifier:LOFClassifier:n_neighbors': 34, 'classifier:LOFClassifier:p': 2}",44,Success,0.0,LOFClassifier,NoPreprocessing,no_preprocessing,,,,,,0.25,34.0,2.0,,,,,,,,,,
0.8644,0.8644,0.7603355234049469,1.8185217380523682,"{'classifier:__choice__': 'LOFClassifier', 'data_preprocessor:__choice__': 'NoPreprocessing', 'feature_preprocessor:__choice__': 'no_preprocessing', 'classifier:LOFClassifier:contamination': 0.05, 'classifier:LOFClassifier:n_neighbors': 57, 'classifier:LOFClassifier:p': 2}",3,Success,0.0,LOFClassifier,NoPreprocessing,no_preprocessing,,,,,,0.05,57.0,2.0,,,,,,,,,,
0.6072000000000001,0.6072000000000001,0.677974180715169,1.7946956157684326,"{'classifier:__choice__': 'LOFClassifier', 'data_preprocessor:__choice__': 'NoPreprocessing', 'feature_preprocessor:__choice__': 'no_preprocessing', 'classifier:LOFClassifier:contamination': 0.5, 'classifier:LOFClassifier:n_neighbors': 13, 'classifier:LOFClassifier:p': 2}",43,Success,0.0,LOFClassifier,NoPreprocessing,no_preprocessing,,,,,,0.5,13.0,2.0,,,,,,,,,,
0.5608,0.5608,0.5889475329869422,1.6293833255767822,"{'classifier:__choice__': 'LOFClassifier', 'data_preprocessor:__choice__': 'NoPreprocessing', 'feature_preprocessor:__choice__': 'no_preprocessing', 'classifier:LOFClassifier:contamination': 0.05, 'classifier:LOFClassifier:n_neighbors': 29, 'classifier:LOFClassifier:p': 2}",45,Success,0.0,LOFClassifier,NoPreprocessing,no_preprocessing,,,,,,0.05,29.0,2.0,,,,,,,,,,
0.8600000000000001,0.8600000000000001,0.7555219586212615,1.8909969329833984,"{'classifier:__choice__': 'LOFClassifier', 'data_preprocessor:__choice__': 'NoPreprocessing', 'feature_preprocessor:__choice__': 'no_preprocessing', 'classifier:LOFClassifier:contamination': 0.45, 'classifier:LOFClassifier:n_neighbors': 52, 'classifier:LOFClassifier:p': 2}",7,Success,0.0,LOFClassifier,NoPreprocessing,no_preprocessing,,,,,,0.45,52.0,2.0,,,,,,,,,,
0.854,0.854,0.756505090898131,1.9319560527801514,"{'classifier:__choice__': 'LOFClassifier', 'data_preprocessor:__choice__': 'NoPreprocessing', 'feature_preprocessor:__choice__': 'no_preprocessing', 'classifier:LOFClassifier:contamination': 0.2, 'classifier:LOFClassifier:n_neighbors': 84, 'classifier:LOFClassifier:p': 2}",15,Success,0.0,LOFClassifier,NoPreprocessing,no_preprocessing,,,,,,0.2,84.0,2.0,,,,,,,,,,
0.854,0.854,0.7631284219182544,1.7994816303253174,"{'classifier:__choice__': 'LOFClassifier', 'data_preprocessor:__choice__': 'NoPreprocessing', 'feature_preprocessor:__choice__': 'no_preprocessing', 'classifier:LOFClassifier:contamination': 0.2, 'classifier:LOFClassifier:n_neighbors': 116, 'classifier:LOFClassifier:p': 2}",15,Success,0.0,LOFClassifier,NoPreprocessing,no_preprocessing,,,,,,0.2,116.0,2.0,,,,,,,,,,
0.8492,0.8492,0.7537657078163901,1.918290376663208,"{'classifier:__choice__': 'LOFClassifier', 'data_preprocessor:__choice__': 'NoPreprocessing', 'feature_preprocessor:__choice__': 'no_preprocessing', 'classifier:LOFClassifier:contamination': 0.3, 'classifier:LOFClassifier:n_neighbors': 94, 'classifier:LOFClassifier:p': 2}",20,Success,0.0,LOFClassifier,NoPreprocessing,no_preprocessing,,,,,,0.3,94.0,2.0,,,,,,,,,,
0.9816,0.9816,0.9800536170328452,4.03174090385437,"{'classifier:__choice__': 'KNNClassifier', 'data_preprocessor:__choice__': 'NoPreprocessing', 'feature_preprocessor:__choice__': 'no_preprocessing', 'classifier:KNNClassifier:contamination': 0.15000000000000002, 'classifier:KNNClassifier:method': 'largest', 'classifier:KNNClassifier:n_neighbors': 136, 'classifier:KNNClassifier:p': 2}",18,Success,0.0,KNNClassifier,NoPreprocessing,no_preprocessing,,,,,,,,,0.15000000000000002,largest,136.0,2.0,,,,,,
0.9828,0.9828,0.9809766380021956,3.6286427974700928,"{'classifier:__choice__': 'KNNClassifier', 'data_preprocessor:__choice__': 'NoPreprocessing', 'feature_preprocessor:__choice__': 'no_preprocessing', 'classifier:KNNClassifier:contamination': 0.5, 'classifier:KNNClassifier:method': 'largest', 'classifier:KNNClassifier:n_neighbors': 77, 'classifier:KNNClassifier:p': 2}",3,Success,0.0,KNNClassifier,NoPreprocessing,no_preprocessing,,,,,,,,,0.5,largest,77.0,2.0,,,,,,
0.7656000000000001,0.7656000000000001,0.8106003214660464,3.098928928375244,"{'classifier:__choice__': 'KNNClassifier', 'data_preprocessor:__choice__': 'NoPreprocessing', 'feature_preprocessor:__choice__': 'no_preprocessing', 'classifier:KNNClassifier:contamination': 0.1, 'classifier:KNNClassifier:method': 'largest', 'classifier:KNNClassifier:n_neighbors': 5, 'classifier:KNNClassifier:p': 2}",29,Success,0.0,KNNClassifier,NoPreprocessing,no_preprocessing,,,,,,,,,0.1,largest,5.0,2.0,,,,,,
0.8916,0.8916,0.8870679301463424,3.6356825828552246,"{'classifier:__choice__': 'KNNClassifier', 'data_preprocessor:__choice__': 'NoPreprocessing', 'feature_preprocessor:__choice__': 'no_preprocessing', 'classifier:KNNClassifier:contamination': 0.3, 'classifier:KNNClassifier:method': 'largest', 'classifier:KNNClassifier:n_neighbors': 19, 'classifier:KNNClassifier:p': 2}",25,Success,0.0,KNNClassifier,NoPreprocessing,no_preprocessing,,,,,,,,,0.3,largest,19.0,2.0,,,,,,
0.9828,0.9828,0.9807925432709311,3.1482620239257812,"{'classifier:__choice__': 'KNNClassifier', 'data_preprocessor:__choice__': 'NoPreprocessing', 'feature_preprocessor:__choice__': 'no_preprocessing', 'classifier:KNNClassifier:contamination': 0.4, 'classifier:KNNClassifier:method': 'largest', 'classifier:KNNClassifier:n_neighbors': 47, 'classifier:KNNClassifier:p': 2}",3,Success,0.0,KNNClassifier,NoPreprocessing,no_preprocessing,,,,,,,,,0.4,largest,47.0,2.0,,,,,,
0.9824,0.9824,0.9809842702165505,4.09396767616272,"{'classifier:__choice__': 'KNNClassifier', 'data_preprocessor:__choice__': 'NoPreprocessing', 'feature_preprocessor:__choice__': 'no_preprocessing', 'classifier:KNNClassifier:contamination': 0.25, 'classifier:KNNClassifier:method': 'largest', 'classifier:KNNClassifier:n_neighbors': 165, 'classifier:KNNClassifier:p': 2}",8,Success,0.0,KNNClassifier,NoPreprocessing,no_preprocessing,,,,,,,,,0.25,largest,165.0,2.0,,,,,,
0.878,0.878,0.8783860114454427,3.411527395248413,"{'classifier:__choice__': 'KNNClassifier', 'data_preprocessor:__choice__': 'NoPreprocessing', 'feature_preprocessor:__choice__': 'no_preprocessing', 'classifier:KNNClassifier:contamination': 0.5, 'classifier:KNNClassifier:method': 'largest', 'classifier:KNNClassifier:n_neighbors': 17, 'classifier:KNNClassifier:p': 2}",27,Success,0.0,KNNClassifier,NoPreprocessing,no_preprocessing,,,,,,,,,0.5,largest,17.0,2.0,,,,,,
0.9824,0.9824,0.9807977546879072,3.7737457752227783,"{'classifier:__choice__': 'KNNClassifier', 'data_preprocessor:__choice__': 'NoPreprocessing', 'feature_preprocessor:__choice__': 'no_preprocessing', 'classifier:KNNClassifier:contamination': 0.5, 'classifier:KNNClassifier:method': 'largest', 'classifier:KNNClassifier:n_neighbors': 91, 'classifier:KNNClassifier:p': 2}",8,Success,0.0,KNNClassifier,NoPreprocessing,no_preprocessing,,,,,,,,,0.5,largest,91.0,2.0,,,,,,
0.982,0.982,0.9804204251663353,3.389218330383301,"{'classifier:__choice__': 'KNNClassifier', 'data_preprocessor:__choice__': 'NoPreprocessing', 'feature_preprocessor:__choice__': 'no_preprocessing', 'classifier:KNNClassifier:contamination': 0.05, 'classifier:KNNClassifier:method': 'largest', 'classifier:KNNClassifier:n_neighbors': 113, 'classifier:KNNClassifier:p': 2}",13,Success,0.0,KNNClassifier,NoPreprocessing,no_preprocessing,,,,,,,,,0.05,largest,113.0,2.0,,,,,,
0.9059999999999999,0.9059999999999999,0.896005109004048,3.7130205631256104,"{'classifier:__choice__': 'KNNClassifier', 'data_preprocessor:__choice__': 'NoPreprocessing', 'feature_preprocessor:__choice__': 'no_preprocessing', 'classifier:KNNClassifier:contamination': 0.15000000000000002, 'classifier:KNNClassifier:method': 'largest', 'classifier:KNNClassifier:n_neighbors': 29, 'classifier:KNNClassifier:p': 2}",24,Success,0.0,KNNClassifier,NoPreprocessing,no_preprocessing,,,,,,,,,0.15000000000000002,largest,29.0,2.0,,,,,,
0.9828,0.9828,0.9809766380021956,3.6166789531707764,"{'classifier:__choice__': 'KNNClassifier', 'data_preprocessor:__choice__': 'NoPreprocessing', 'feature_preprocessor:__choice__': 'no_preprocessing', 'classifier:KNNClassifier:contamination': 0.2, 'classifier:KNNClassifier:method': 'largest', 'classifier:KNNClassifier:n_neighbors': 75, 'classifier:KNNClassifier:p': 2}",3,Success,0.0,KNNClassifier,NoPreprocessing,no_preprocessing,,,,,,,,,0.2,largest,75.0,2.0,,,,,,
0.878,0.878,0.8783860114454427,2.93538498878479,"{'classifier:__choice__': 'KNNClassifier', 'data_preprocessor:__choice__': 'NoPreprocessing', 'feature_preprocessor:__choice__': 'no_preprocessing', 'classifier:KNNClassifier:contamination': 0.2, 'classifier:KNNClassifier:method': 'largest', 'classifier:KNNClassifier:n_neighbors': 17, 'classifier:KNNClassifier:p': 2}",27,Success,0.0,KNNClassifier,NoPreprocessing,no_preprocessing,,,,,,,,,0.2,largest,17.0,2.0,,,,,,
0.982,0.982,0.9803960349224329,3.6041038036346436,"{'classifier:__choice__': 'KNNClassifier', 'data_preprocessor:__choice__': 'NoPreprocessing', 'feature_preprocessor:__choice__': 'no_preprocessing', 'classifier:KNNClassifier:contamination': 0.25, 'classifier:KNNClassifier:method': 'largest', 'classifier:KNNClassifier:n_neighbors': 117, 'classifier:KNNClassifier:p': 2}",13,Success,0.0,KNNClassifier,NoPreprocessing,no_preprocessing,,,,,,,,,0.25,largest,117.0,2.0,,,,,,
0.9816,0.9816,0.9800536170328452,3.713714122772217,"{'classifier:__choice__': 'KNNClassifier', 'data_preprocessor:__choice__': 'NoPreprocessing', 'feature_preprocessor:__choice__': 'no_preprocessing', 'classifier:KNNClassifier:contamination': 0.5, 'classifier:KNNClassifier:method': 'largest', 'classifier:KNNClassifier:n_neighbors': 103, 'classifier:KNNClassifier:p': 2}",18,Success,0.0,KNNClassifier,NoPreprocessing,no_preprocessing,,,,,,,,,0.5,largest,103.0,2.0,,,,,,
0.982,0.982,0.9803960349224329,3.4740257263183594,"{'classifier:__choice__': 'KNNClassifier', 'data_preprocessor:__choice__': 'NoPreprocessing', 'feature_preprocessor:__choice__': 'no_preprocessing', 'classifier:KNNClassifier:contamination': 0.4, 'classifier:KNNClassifier:method': 'largest', 'classifier:KNNClassifier:n_neighbors': 109, 'classifier:KNNClassifier:p': 2}",13,Success,0.0,KNNClassifier,NoPreprocessing,no_preprocessing,,,,,,,,,0.4,largest,109.0,2.0,,,,,,
0.9087999999999999,0.9087999999999999,0.8981271765790333,3.6276681423187256,"{'classifier:__choice__': 'KNNClassifier', 'data_preprocessor:__choice__': 'NoPreprocessing', 'feature_preprocessor:__choice__': 'no_preprocessing', 'classifier:KNNClassifier:contamination': 0.05, 'classifier:KNNClassifier:method': 'largest', 'classifier:KNNClassifier:n_neighbors': 33, 'classifier:KNNClassifier:p': 2}",23,Success,0.0,KNNClassifier,NoPreprocessing,no_preprocessing,,,,,,,,,0.05,largest,33.0,2.0,,,,,,
0.9816,0.9816,0.9800536170328452,3.824002504348755,"{'classifier:__choice__': 'KNNClassifier', 'data_preprocessor:__choice__': 'NoPreprocessing', 'feature_preprocessor:__choice__': 'no_preprocessing', 'classifier:KNNClassifier:contamination': 0.45, 'classifier:KNNClassifier:method': 'largest', 'classifier:KNNClassifier:n_neighbors': 130, 'classifier:KNNClassifier:p': 2}",18,Success,0.0,KNNClassifier,NoPreprocessing,no_preprocessing,,,,,,,,,0.45,largest,130.0,2.0,,,,,,
0.9828,0.9828,0.9811401725774949,3.4687559604644775,"{'classifier:__choice__': 'KNNClassifier', 'data_preprocessor:__choice__': 'NoPreprocessing', 'feature_preprocessor:__choice__': 'no_preprocessing', 'classifier:KNNClassifier:contamination': 0.5, 'classifier:KNNClassifier:method': 'largest', 'classifier:KNNClassifier:n_neighbors': 84, 'classifier:KNNClassifier:p': 2}",3,Success,0.0,KNNClassifier,NoPreprocessing,no_preprocessing,,,,,,,,,0.5,largest,84.0,2.0,,,,,,
0.9824,0.9824,0.9804369554625131,3.653554677963257,"{'classifier:__choice__': 'KNNClassifier', 'data_preprocessor:__choice__': 'NoPreprocessing', 'feature_preprocessor:__choice__': 'no_preprocessing', 'classifier:KNNClassifier:contamination': 0.5, 'classifier:KNNClassifier:method': 'largest', 'classifier:KNNClassifier:n_neighbors': 67, 'classifier:KNNClassifier:p': 2}",8,Success,0.0,KNNClassifier,NoPreprocessing,no_preprocessing,,,,,,,,,0.5,largest,67.0,2.0,,,,,,
0.982,0.982,0.9804204251663353,3.7201929092407227,"{'classifier:__choice__': 'KNNClassifier', 'data_preprocessor:__choice__': 'NoPreprocessing', 'feature_preprocessor:__choice__': 'no_preprocessing', 'classifier:KNNClassifier:contamination': 0.25, 'classifier:KNNClassifier:method': 'largest', 'classifier:KNNClassifier:n_neighbors': 113, 'classifier:KNNClassifier:p': 2}",13,Success,0.0,KNNClassifier,NoPreprocessing,no_preprocessing,,,,,,,,,0.25,largest,113.0,2.0,,,,,,
0.9824,0.9824,0.9809842702165505,3.972662925720215,"{'classifier:__choice__': 'KNNClassifier', 'data_preprocessor:__choice__': 'NoPreprocessing', 'feature_preprocessor:__choice__': 'no_preprocessing', 'classifier:KNNClassifier:contamination': 0.35000000000000003, 'classifier:KNNClassifier:method': 'largest', 'classifier:KNNClassifier:n_neighbors': 173, 'classifier:KNNClassifier:p': 2}",8,Success,0.0,KNNClassifier,NoPreprocessing,no_preprocessing,,,,,,,,,0.35000000000000003,largest,173.0,2.0,,,,,,
0.9832000000000001,0.9832000000000001,0.9818330615916577,4.03225302696228,"{'classifier:__choice__': 'KNNClassifier', 'data_preprocessor:__choice__': 'NoPreprocessing', 'feature_preprocessor:__choice__': 'no_preprocessing', 'classifier:KNNClassifier:contamination': 0.2, 'classifier:KNNClassifier:method': 'largest', 'classifier:KNNClassifier:n_neighbors': 179, 'classifier:KNNClassifier:p': 2}",1,Success,0.0,KNNClassifier,NoPreprocessing,no_preprocessing,,,,,,,,,0.2,largest,179.0,2.0,,,,,,
0.9832000000000001,0.9832000000000001,0.9818330615916577,3.509641408920288,"{'classifier:__choice__': 'KNNClassifier', 'data_preprocessor:__choice__': 'NoPreprocessing', 'feature_preprocessor:__choice__': 'no_preprocessing', 'classifier:KNNClassifier:contamination': 0.35000000000000003, 'classifier:KNNClassifier:method': 'largest', 'classifier:KNNClassifier:n_neighbors': 181, 'classifier:KNNClassifier:p': 2}",1,Success,0.0,KNNClassifier,NoPreprocessing,no_preprocessing,,,,,,,,,0.35000000000000003,largest,181.0,2.0,,,,,,
0.9816,0.9816,0.9800536170328452,4.4259161949157715,"{'classifier:__choice__': 'KNNClassifier', 'data_preprocessor:__choice__': 'NoPreprocessing', 'feature_preprocessor:__choice__': 'no_preprocessing', 'classifier:KNNClassifier:contamination': 0.25, 'classifier:KNNClassifier:method': 'largest', 'classifier:KNNClassifier:n_neighbors': 127, 'classifier:KNNClassifier:p': 2}",18,Success,0.0,KNNClassifier,NoPreprocessing,no_preprocessing,,,,,,,,,0.25,largest,127.0,2.0,,,,,,
0.888,0.888,0.8844117245697982,3.310636043548584,"{'classifier:__choice__': 'KNNClassifier', 'data_preprocessor:__choice__': 'NoPreprocessing', 'feature_preprocessor:__choice__': 'no_preprocessing', 'classifier:KNNClassifier:contamination': 0.5, 'classifier:KNNClassifier:method': 'largest', 'classifier:KNNClassifier:n_neighbors': 18, 'classifier:KNNClassifier:p': 2}",26,Success,0.0,KNNClassifier,NoPreprocessing,no_preprocessing,,,,,,,,,0.5,largest,18.0,2.0,,,,,,
0.9824,0.9824,0.9804613457064155,3.6273176670074463,"{'classifier:__choice__': 'KNNClassifier', 'data_preprocessor:__choice__': 'NoPreprocessing', 'feature_preprocessor:__choice__': 'no_preprocessing', 'classifier:KNNClassifier:contamination': 0.35000000000000003, 'classifier:KNNClassifier:method': 'largest', 'classifier:KNNClassifier:n_neighbors': 61, 'classifier:KNNClassifier:p': 2}",8,Success,0.0,KNNClassifier,NoPreprocessing,no_preprocessing,,,,,,,,,0.35000000000000003,largest,61.0,2.0,,,,,,
0.9828,0.9828,0.9807925432709311,3.513801336288452,"{'classifier:__choice__': 'KNNClassifier', 'data_preprocessor:__choice__': 'NoPreprocessing', 'feature_preprocessor:__choice__': 'no_preprocessing', 'classifier:KNNClassifier:contamination': 0.35000000000000003, 'classifier:KNNClassifier:method': 'largest', 'classifier:KNNClassifier:n_neighbors': 53, 'classifier:KNNClassifier:p': 2}",3,Success,0.0,KNNClassifier,NoPreprocessing,no_preprocessing,,,,,,,,,0.35000000000000003,largest,53.0,2.0,,,,,,
0.9816,0.9816,0.9800536170328452,3.768808126449585,"{'classifier:__choice__': 'KNNClassifier', 'data_preprocessor:__choice__': 'NoPreprocessing', 'feature_preprocessor:__choice__': 'no_preprocessing', 'classifier:KNNClassifier:contamination': 0.2, 'classifier:KNNClassifier:method': 'largest', 'classifier:KNNClassifier:n_neighbors': 129, 'classifier:KNNClassifier:p': 2}",18,Success,0.0,KNNClassifier,NoPreprocessing,no_preprocessing,,,,,,,,,0.2,largest,129.0,2.0,,,,,,
0.982,0.982,0.9803960349224329,3.715482711791992,"{'classifier:__choice__': 'KNNClassifier', 'data_preprocessor:__choice__': 'NoPreprocessing', 'feature_preprocessor:__choice__': 'no_preprocessing', 'classifier:KNNClassifier:contamination': 0.4, 'classifier:KNNClassifier:method': 'largest', 'classifier:KNNClassifier:n_neighbors': 105, 'classifier:KNNClassifier:p': 2}",13,Success,0.0,KNNClassifier,NoPreprocessing,no_preprocessing,,,,,,,,,0.4,largest,105.0,2.0,,,,,,
0.0,,,1.0074360370635986,"{'classifier:__choice__': 'KNNClassifier', 'data_preprocessor:__choice__': 'NoPreprocessing', 'feature_preprocessor:__choice__': 'no_preprocessing', 'classifier:KNNClassifier:contamination': 0.5, 'classifier:KNNClassifier:method': 'largest', 'classifier:KNNClassifier:n_neighbors': 181, 'classifier:KNNClassifier:p': 2}",30,Timeout,0.0,KNNClassifier,NoPreprocessing,no_preprocessing,,,,,,,,,0.5,largest,181.0,2.0,,,,,,
0.24680000000000002,0.24680000000000002,0.41011336380333463,3.094080686569214,"{'classifier:__choice__': 'CBLOFClassifier', 'data_preprocessor:__choice__': 'NoPreprocessing', 'feature_preprocessor:__choice__': 'no_preprocessing', 'classifier:CBLOFClassifier:alpha': 0.6, 'classifier:CBLOFClassifier:beta': 14, 'classifier:CBLOFClassifier:contamination': 0.5, 'classifier:CBLOFClassifier:n_clusters': 8, 'classifier:CBLOFClassifier:use_weights': 'False'}",18,Success,0.0,CBLOFClassifier,NoPreprocessing,no_preprocessing,,,,,,,,,,,,,0.6,14.0,0.5,8.0,False,
0.4204000000000001,0.4204000000000001,0.5554596636315592,3.0984268188476562,"{'classifier:__choice__': 'CBLOFClassifier', 'data_preprocessor:__choice__': 'NoPreprocessing', 'feature_preprocessor:__choice__': 'no_preprocessing', 'classifier:CBLOFClassifier:alpha': 0.8, 'classifier:CBLOFClassifier:beta': 4, 'classifier:CBLOFClassifier:contamination': 0.4, 'classifier:CBLOFClassifier:n_clusters': 4, 'classifier:CBLOFClassifier:use_weights': 'False'}",8,Success,0.0,CBLOFClassifier,NoPreprocessing,no_preprocessing,,,,,,,,,,,,,0.8,4.0,0.4,4.0,False,
0.19599999999999995,0.19599999999999995,0.38987824433226714,2.9384119510650635,"{'classifier:__choice__': 'CBLOFClassifier', 'data_preprocessor:__choice__': 'NoPreprocessing', 'feature_preprocessor:__choice__': 'no_preprocessing', 'classifier:CBLOFClassifier:alpha': 0.9, 'classifier:CBLOFClassifier:beta': 6, 'classifier:CBLOFClassifier:contamination': 0.1, 'classifier:CBLOFClassifier:n_clusters': 8, 'classifier:CBLOFClassifier:use_weights': 'False'}",23,Success,0.0,CBLOFClassifier,NoPreprocessing,no_preprocessing,,,,,,,,,,,,,0.9,6.0,0.1,8.0,False,
0.568,0.568,0.7344244917847065,2.83646297454834,"{'classifier:__choice__': 'CBLOFClassifier', 'data_preprocessor:__choice__': 'NoPreprocessing', 'feature_preprocessor:__choice__': 'no_preprocessing', 'classifier:CBLOFClassifier:alpha': 0.75, 'classifier:CBLOFClassifier:beta': 18, 'classifier:CBLOFClassifier:contamination': 0.5, 'classifier:CBLOFClassifier:n_clusters': 2, 'classifier:CBLOFClassifier:use_weights': 'False'}",1,Success,0.0,CBLOFClassifier,NoPreprocessing,no_preprocessing,,,,,,,,,,,,,0.75,18.0,0.5,2.0,False,
0.0,,,0.6889774799346924,"{'classifier:__choice__': 'CBLOFClassifier', 'data_preprocessor:__choice__': 'NoPreprocessing', 'feature_preprocessor:__choice__': 'no_preprocessing', 'classifier:CBLOFClassifier:alpha': 1.0, 'classifier:CBLOFClassifier:beta': 10, 'classifier:CBLOFClassifier:contamination': 0.05, 'classifier:CBLOFClassifier:n_clusters': 10, 'classifier:CBLOFClassifier:use_weights': 'False'}",34,Crash,0.0,CBLOFClassifier,NoPreprocessing,no_preprocessing,,,,,,,,,,,,,1.0,10.0,0.05,10.0,False,
0.24680000000000002,0.24680000000000002,0.41011336380333463,2.8894736766815186,"{'classifier:__choice__': 'CBLOFClassifier', 'data_preprocessor:__choice__': 'NoPreprocessing', 'feature_preprocessor:__choice__': 'no_preprocessing', 'classifier:CBLOFClassifier:alpha': 0.6, 'classifier:CBLOFClassifier:beta': 4, 'classifier:CBLOFClassifier:contamination': 0.2, 'classifier:CBLOFClassifier:n_clusters': 8, 'classifier:CBLOFClassifier:use_weights': 'False'}",18,Success,0.0,CBLOFClassifier,NoPreprocessing,no_preprocessing,,,,,,,,,,,,,0.6,4.0,0.2,8.0,False,
0.16880000000000006,0.16880000000000006,0.4013793763944198,2.9729156494140625,"{'classifier:__choice__': 'CBLOFClassifier', 'data_preprocessor:__choice__': 'NoPreprocessing', 'feature_preprocessor:__choice__': 'no_preprocessing', 'classifier:CBLOFClassifier:alpha': 0.7, 'classifier:CBLOFClassifier:beta': 4, 'classifier:CBLOFClassifier:contamination': 0.25, 'classifier:CBLOFClassifier:n_clusters': 10, 'classifier:CBLOFClassifier:use_weights': 'False'}",25,Success,0.0,CBLOFClassifier,NoPreprocessing,no_preprocessing,,,,,,,,,,,,,0.7,4.0,0.25,10.0,False,
0.0,,,0.6491756439208984,"{'classifier:__choice__': 'CBLOFClassifier', 'data_preprocessor:__choice__': 'NoPreprocessing', 'feature_preprocessor:__choice__': 'no_preprocessing', 'classifier:CBLOFClassifier:alpha': 1.0, 'classifier:CBLOFClassifier:beta': 12, 'classifier:CBLOFClassifier:contamination': 0.4, 'classifier:CBLOFClassifier:n_clusters': 10, 'classifier:CBLOFClassifier:use_weights': 'False'}",34,Crash,0.0,CBLOFClassifier,NoPreprocessing,no_preprocessing,,,,,,,,,,,,,1.0,12.0,0.4,10.0,False,
0.26680000000000004,0.26680000000000004,0.45129933007439627,2.999697685241699,"{'classifier:__choice__': 'CBLOFClassifier', 'data_preprocessor:__choice__': 'NoPreprocessing', 'feature_preprocessor:__choice__': 'no_preprocessing', 'classifier:CBLOFClassifier:alpha': 0.5, 'classifier:CBLOFClassifier:beta': 4, 'classifier:CBLOFClassifier:contamination': 0.45, 'classifier:CBLOFClassifier:n_clusters': 12, 'classifier:CBLOFClassifier:use_weights': 'False'}",17,Success,0.0,CBLOFClassifier,NoPreprocessing,no_preprocessing,,,,,,,,,,,,,0.5,4.0,0.45,12.0,False,
0.0,,,0.7780561447143555,"{'classifier:__choice__': 'CBLOFClassifier', 'data_preprocessor:__choice__': 'NoPreprocessing', 'feature_preprocessor:__choice__': 'no_preprocessing', 'classifier:CBLOFClassifier:alpha': 1.0, 'classifier:CBLOFClassifier:beta': 10, 'classifier:CBLOFClassifier:contamination': 0.5, 'classifier:CBLOFClassifier:n_clusters': 6, 'classifier:CBLOFClassifier:use_weights': 'False'}",34,Crash,0.0,CBLOFClassifier,NoPreprocessing,no_preprocessing,,,,,,,,,,,,,1.0,10.0,0.5,6.0,False,
0.1492,0.1492,0.3867181108452755,3.131688356399536,"{'classifier:__choice__': 'CBLOFClassifier', 'data_preprocessor:__choice__': 'NoPreprocessing', 'feature_preprocessor:__choice__': 'no_preprocessing', 'classifier:CBLOFClassifier:alpha': 0.75, 'classifier:CBLOFClassifier:beta': 12, 'classifier:CBLOFClassifier:contamination': 0.35000000000000003, 'classifier:CBLOFClassifier:n_clusters': 14, 'classifier:CBLOFClassifier:use_weights': 'False'}",30,Success,0.0,CBLOFClassifier,NoPreprocessing,no_preprocessing,,,,,,,,,,,,,0.75,12.0,0.35000000000000003,14.0,False,
0.48239999999999994,0.48239999999999994,0.5659566566017128,3.055105686187744,"{'classifier:__choice__': 'CBLOFClassifier', 'data_preprocessor:__choice__': 'NoPreprocessing', 'feature_preprocessor:__choice__': 'no_preprocessing', 'classifier:CBLOFClassifier:alpha': 0.65, 'classifier:CBLOFClassifier:beta': 18, 'classifier:CBLOFClassifier:contamination': 0.35000000000000003, 'classifier:CBLOFClassifier:n_clusters': 16, 'classifier:CBLOFClassifier:use_weights': 'False'}",4,Success,0.0,CBLOFClassifier,NoPreprocessing,no_preprocessing,,,,,,,,,,,,,0.65,18.0,0.35000000000000003,16.0,False,
0.568,0.568,0.7344244917847065,2.8736722469329834,"{'classifier:__choice__': 'CBLOFClassifier', 'data_preprocessor:__choice__': 'NoPreprocessing', 'feature_preprocessor:__choice__': 'no_preprocessing', 'classifier:CBLOFClassifier:alpha': 0.75, 'classifier:CBLOFClassifier:beta': 14, 'classifier:CBLOFClassifier:contamination': 0.5, 'classifier:CBLOFClassifier:n_clusters': 2, 'classifier:CBLOFClassifier:use_weights': 'False'}",1,Success,0.0,CBLOFClassifier,NoPreprocessing,no_preprocessing,,,,,,,,,,,,,0.75,14.0,0.5,2.0,False,
0.2851999999999999,0.2851999999999999,0.43403972528494905,2.9493610858917236,"{'classifier:__choice__': 'CBLOFClassifier', 'data_preprocessor:__choice__': 'NoPreprocessing', 'feature_preprocessor:__choice__': 'no_preprocessing', 'classifier:CBLOFClassifier:alpha': 0.8500000000000001, 'classifier:CBLOFClassifier:beta': 8, 'classifier:CBLOFClassifier:contamination': 0.35000000000000003, 'classifier:CBLOFClassifier:n_clusters': 6, 'classifier:CBLOFClassifier:use_weights': 'False'}",13,Success,0.0,CBLOFClassifier,NoPreprocessing,no_preprocessing,,,,,,,,,,,,,0.8500000000000001,8.0,0.35000000000000003,6.0,False,
0.16880000000000006,0.16880000000000006,0.4013793763944198,2.9954028129577637,"{'classifier:__choice__': 'CBLOFClassifier', 'data_preprocessor:__choice__': 'NoPreprocessing', 'feature_preprocessor:__choice__': 'no_preprocessing', 'classifier:CBLOFClassifier:alpha': 0.7, 'classifier:CBLOFClassifier:beta': 14, 'classifier:CBLOFClassifier:contamination': 0.4, 'classifier:CBLOFClassifier:n_clusters': 10, 'classifier:CBLOFClassifier:use_weights': 'False'}",25,Success,0.0,CBLOFClassifier,NoPreprocessing,no_preprocessing,,,,,,,,,,,,,0.7,14.0,0.4,10.0,False,
0.0,,,0.6684825420379639,"{'classifier:__choice__': 'CBLOFClassifier', 'data_preprocessor:__choice__': 'NoPreprocessing', 'feature_preprocessor:__choice__': 'no_preprocessing', 'classifier:CBLOFClassifier:alpha': 1.0, 'classifier:CBLOFClassifier:beta': 18, 'classifier:CBLOFClassifier:contamination': 0.05, 'classifier:CBLOFClassifier:n_clusters': 4, 'classifier:CBLOFClassifier:use_weights': 'False'}",34,Crash,0.0,CBLOFClassifier,NoPreprocessing,no_preprocessing,,,,,,,,,,,,,1.0,18.0,0.05,4.0,False,
0.1492,0.1492,0.3867181108452755,3.1293954849243164,"{'classifier:__choice__': 'CBLOFClassifier', 'data_preprocessor:__choice__': 'NoPreprocessing', 'feature_preprocessor:__choice__': 'no_preprocessing', 'classifier:CBLOFClassifier:alpha': 0.75, 'classifier:CBLOFClassifier:beta': 18, 'classifier:CBLOFClassifier:contamination': 0.25, 'classifier:CBLOFClassifier:n_clusters': 14, 'classifier:CBLOFClassifier:use_weights': 'False'}",30,Success,0.0,CBLOFClassifier,NoPreprocessing,no_preprocessing,,,,,,,,,,,,,0.75,18.0,0.25,14.0,False,
0.16880000000000006,0.16880000000000006,0.4013793763944198,2.9251275062561035,"{'classifier:__choice__': 'CBLOFClassifier', 'data_preprocessor:__choice__': 'NoPreprocessing', 'feature_preprocessor:__choice__': 'no_preprocessing', 'classifier:CBLOFClassifier:alpha': 0.7, 'classifier:CBLOFClassifier:beta': 20, 'classifier:CBLOFClassifier:contamination': 0.4, 'classifier:CBLOFClassifier:n_clusters': 10, 'classifier:CBLOFClassifier:use_weights': 'False'}",25,Success,0.0,CBLOFClassifier,NoPreprocessing,no_preprocessing,,,,,,,,,,,,,0.7,20.0,0.4,10.0,False,
0.48239999999999994,0.48239999999999994,0.5659566566017128,3.0457470417022705,"{'classifier:__choice__': 'CBLOFClassifier', 'data_preprocessor:__choice__': 'NoPreprocessing', 'feature_preprocessor:__choice__': 'no_preprocessing', 'classifier:CBLOFClassifier:alpha': 0.65, 'classifier:CBLOFClassifier:beta': 14, 'classifier:CBLOFClassifier:contamination': 0.3, 'classifier:CBLOFClassifier:n_clusters': 16, 'classifier:CBLOFClassifier:use_weights': 'False'}",4,Success,0.0,CBLOFClassifier,NoPreprocessing,no_preprocessing,,,,,,,,,,,,,0.65,14.0,0.3,16.0,False,
0.3612000000000001,0.3612000000000001,0.5234185048461234,2.8522911071777344,"{'classifier:__choice__': 'CBLOFClassifier', 'data_preprocessor:__choice__': 'NoPreprocessing', 'feature_preprocessor:__choice__': 'no_preprocessing', 'classifier:CBLOFClassifier:alpha': 0.8500000000000001, 'classifier:CBLOFClassifier:beta': 16, 'classifier:CBLOFClassifier:contamination': 0.05, 'classifier:CBLOFClassifier:n_clusters': 4, 'classifier:CBLOFClassifier:use_weights': 'False'}",9,Success,0.0,CBLOFClassifier,NoPreprocessing,no_preprocessing,,,,,,,,,,,,,0.8500000000000001,16.0,0.05,4.0,False,
0.1492,0.1492,0.3867181108452755,3.0136659145355225,"{'classifier:__choice__': 'CBLOFClassifier', 'data_preprocessor:__choice__': 'NoPreprocessing', 'feature_preprocessor:__choice__': 'no_preprocessing', 'classifier:CBLOFClassifier:alpha': 0.7, 'classifier:CBLOFClassifier:beta': 16, 'classifier:CBLOFClassifier:contamination': 0.2, 'classifier:CBLOFClassifier:n_clusters': 14, 'classifier:CBLOFClassifier:use_weights': 'False'}",30,Success,0.0,CBLOFClassifier,NoPreprocessing,no_preprocessing,,,,,,,,,,,,,0.7,16.0,0.2,14.0,False,
0.568,0.568,0.7344244917847065,2.8430356979370117,"{'classifier:__choice__': 'CBLOFClassifier', 'data_preprocessor:__choice__': 'NoPreprocessing', 'feature_preprocessor:__choice__': 'no_preprocessing', 'classifier:CBLOFClassifier:alpha': 0.5, 'classifier:CBLOFClassifier:beta': 16, 'classifier:CBLOFClassifier:contamination': 0.2, 'classifier:CBLOFClassifier:n_clusters': 2, 'classifier:CBLOFClassifier:use_weights': 'False'}",1,Success,0.0,CBLOFClassifier,NoPreprocessing,no_preprocessing,,,,,,,,,,,,,0.5,16.0,0.2,2.0,False,
0.3612000000000001,0.3612000000000001,0.5234185048461234,2.886763334274292,"{'classifier:__choice__': 'CBLOFClassifier', 'data_preprocessor:__choice__': 'NoPreprocessing', 'feature_preprocessor:__choice__': 'no_preprocessing', 'classifier:CBLOFClassifier:alpha': 0.8, 'classifier:CBLOFClassifier:beta': 14, 'classifier:CBLOFClassifier:contamination': 0.2, 'classifier:CBLOFClassifier:n_clusters': 4, 'classifier:CBLOFClassifier:use_weights': 'False'}",9,Success,0.0,CBLOFClassifier,NoPreprocessing,no_preprocessing,,,,,,,,,,,,,0.8,14.0,0.2,4.0,False,
0.3612000000000001,0.3612000000000001,0.5234185048461234,2.9043056964874268,"{'classifier:__choice__': 'CBLOFClassifier', 'data_preprocessor:__choice__': 'NoPreprocessing', 'feature_preprocessor:__choice__': 'no_preprocessing', 'classifier:CBLOFClassifier:alpha': 0.9, 'classifier:CBLOFClassifier:beta': 8, 'classifier:CBLOFClassifier:contamination': 0.1, 'classifier:CBLOFClassifier:n_clusters': 4, 'classifier:CBLOFClassifier:use_weights': 'False'}",9,Success,0.0,CBLOFClassifier,NoPreprocessing,no_preprocessing,,,,,,,,,,,,,0.9,8.0,0.1,4.0,False,
0.2851999999999999,0.2851999999999999,0.43403972528494905,2.9188387393951416,"{'classifier:__choice__': 'CBLOFClassifier', 'data_preprocessor:__choice__': 'NoPreprocessing', 'feature_preprocessor:__choice__': 'no_preprocessing', 'classifier:CBLOFClassifier:alpha': 0.7, 'classifier:CBLOFClassifier:beta': 4, 'classifier:CBLOFClassifier:contamination': 0.05, 'classifier:CBLOFClassifier:n_clusters': 6, 'classifier:CBLOFClassifier:use_weights': 'False'}",13,Success,0.0,CBLOFClassifier,NoPreprocessing,no_preprocessing,,,,,,,,,,,,,0.7,4.0,0.05,6.0,False,
0.0,,,0.6526777744293213,"{'classifier:__choice__': 'CBLOFClassifier', 'data_preprocessor:__choice__': 'NoPreprocessing', 'feature_preprocessor:__choice__': 'no_preprocessing', 'classifier:CBLOFClassifier:alpha': 1.0, 'classifier:CBLOFClassifier:beta': 2, 'classifier:CBLOFClassifier:contamination': 0.05, 'classifier:CBLOFClassifier:n_clusters': 4, 'classifier:CBLOFClassifier:use_weights': 'False'}",34,Crash,0.0,CBLOFClassifier,NoPreprocessing,no_preprocessing,,,,,,,,,,,,,1.0,2.0,0.05,4.0,False,
0.19599999999999995,0.19599999999999995,0.38987824433226714,2.9000496864318848,"{'classifier:__choice__': 'CBLOFClassifier', 'data_preprocessor:__choice__': 'NoPreprocessing', 'feature_preprocessor:__choice__': 'no_preprocessing', 'classifier:CBLOFClassifier:alpha': 0.95, 'classifier:CBLOFClassifier:beta': 6, 'classifier:CBLOFClassifier:contamination': 0.2, 'classifier:CBLOFClassifier:n_clusters': 8, 'classifier:CBLOFClassifier:use_weights': 'False'}",23,Success,0.0,CBLOFClassifier,NoPreprocessing,no_preprocessing,,,,,,,,,,,,,0.95,6.0,0.2,8.0,False,
0.24680000000000002,0.24680000000000002,0.41011336380333463,2.9456627368927,"{'classifier:__choice__': 'CBLOFClassifier', 'data_preprocessor:__choice__': 'NoPreprocessing', 'feature_preprocessor:__choice__': 'no_preprocessing', 'classifier:CBLOFClassifier:alpha': 0.7, 'classifier:CBLOFClassifier:beta': 12, 'classifier:CBLOFClassifier:contamination': 0.3, 'classifier:CBLOFClassifier:n_clusters': 8, 'classifier:CBLOFClassifier:use_weights': 'False'}",18,Success,0.0,CBLOFClassifier,NoPreprocessing,no_preprocessing,,,,,,,,,,,,,0.7,12.0,0.3,8.0,False,
0.44920000000000004,0.44920000000000004,0.5238343807375765,3.1400609016418457,"{'classifier:__choice__': 'CBLOFClassifier', 'data_preprocessor:__choice__': 'NoPreprocessing', 'feature_preprocessor:__choice__': 'no_preprocessing', 'classifier:CBLOFClassifier:alpha': 0.95, 'classifier:CBLOFClassifier:beta': 20, 'classifier:CBLOFClassifier:contamination': 0.1, 'classifier:CBLOFClassifier:n_clusters': 16, 'classifier:CBLOFClassifier:use_weights': 'False'}",7,Success,0.0,CBLOFClassifier,NoPreprocessing,no_preprocessing,,,,,,,,,,,,,0.95,20.0,0.1,16.0,False,
0.48239999999999994,0.48239999999999994,0.5659566566017128,3.0415608882904053,"{'classifier:__choice__': 'CBLOFClassifier', 'data_preprocessor:__choice__': 'NoPreprocessing', 'feature_preprocessor:__choice__': 'no_preprocessing', 'classifier:CBLOFClassifier:alpha': 0.6, 'classifier:CBLOFClassifier:beta': 12, 'classifier:CBLOFClassifier:contamination': 0.15000000000000002, 'classifier:CBLOFClassifier:n_clusters': 16, 'classifier:CBLOFClassifier:use_weights': 'False'}",4,Success,0.0,CBLOFClassifier,NoPreprocessing,no_preprocessing,,,,,,,,,,,,,0.6,12.0,0.15000000000000002,16.0,False,
0.0,,,0.6642227172851562,"{'classifier:__choice__': 'CBLOFClassifier', 'data_preprocessor:__choice__': 'NoPreprocessing', 'feature_preprocessor:__choice__': 'no_preprocessing', 'classifier:CBLOFClassifier:alpha': 1.0, 'classifier:CBLOFClassifier:beta': 6, 'classifier:CBLOFClassifier:contamination': 0.05, 'classifier:CBLOFClassifier:n_clusters': 8, 'classifier:CBLOFClassifier:use_weights': 'False'}",34,Crash,0.0,CBLOFClassifier,NoPreprocessing,no_preprocessing,,,,,,,,,,,,,1.0,6.0,0.05,8.0,False,
0.24680000000000002,0.24680000000000002,0.41011336380333463,2.9097933769226074,"{'classifier:__choice__': 'CBLOFClassifier', 'data_preprocessor:__choice__': 'NoPreprocessing', 'feature_preprocessor:__choice__': 'no_preprocessing', 'classifier:CBLOFClassifier:alpha': 0.8500000000000001, 'classifier:CBLOFClassifier:beta': 2, 'classifier:CBLOFClassifier:contamination': 0.3, 'classifier:CBLOFClassifier:n_clusters': 8, 'classifier:CBLOFClassifier:use_weights': 'False'}",18,Success,0.0,CBLOFClassifier,NoPreprocessing,no_preprocessing,,,,,,,,,,,,,0.8500000000000001,2.0,0.3,8.0,False,
0.0,,,0.7537190914154053,"{'classifier:__choice__': 'CBLOFClassifier', 'data_preprocessor:__choice__': 'NoPreprocessing', 'feature_preprocessor:__choice__': 'no_preprocessing', 'classifier:CBLOFClassifier:alpha': 1.0, 'classifier:CBLOFClassifier:beta': 16, 'classifier:CBLOFClassifier:contamination': 0.1, 'classifier:CBLOFClassifier:n_clusters': 16, 'classifier:CBLOFClassifier:use_weights': 'False'}",34,Crash,0.0,CBLOFClassifier,NoPreprocessing,no_preprocessing,,,,,,,,,,,,,1.0,16.0,0.1,16.0,False,
0.3612000000000001,0.3612000000000001,0.5234185048461234,2.9540815353393555,"{'classifier:__choice__': 'CBLOFClassifier', 'data_preprocessor:__choice__': 'NoPreprocessing', 'feature_preprocessor:__choice__': 'no_preprocessing', 'classifier:CBLOFClassifier:alpha': 0.9, 'classifier:CBLOFClassifier:beta': 16, 'classifier:CBLOFClassifier:contamination': 0.4, 'classifier:CBLOFClassifier:n_clusters': 4, 'classifier:CBLOFClassifier:use_weights': 'False'}",9,Success,0.0,CBLOFClassifier,NoPreprocessing,no_preprocessing,,,,,,,,,,,,,0.9,16.0,0.4,4.0,False,
0.16880000000000006,0.16880000000000006,0.4013793763944198,2.9662888050079346,"{'classifier:__choice__': 'CBLOFClassifier', 'data_preprocessor:__choice__': 'NoPreprocessing', 'feature_preprocessor:__choice__': 'no_preprocessing', 'classifier:CBLOFClassifier:alpha': 0.55, 'classifier:CBLOFClassifier:beta': 8, 'classifier:CBLOFClassifier:contamination': 0.15000000000000002, 'classifier:CBLOFClassifier:n_clusters': 10, 'classifier:CBLOFClassifier:use_weights': 'False'}",25,Success,0.0,CBLOFClassifier,NoPreprocessing,no_preprocessing,,,,,,,,,,,,,0.55,8.0,0.15000000000000002,10.0,False,
0.0,,,0.6649949550628662,"{'classifier:__choice__': 'CBLOFClassifier', 'data_preprocessor:__choice__': 'NoPreprocessing', 'feature_preprocessor:__choice__': 'no_preprocessing', 'classifier:CBLOFClassifier:alpha': 1.0, 'classifier:CBLOFClassifier:beta': 8, 'classifier:CBLOFClassifier:contamination': 0.25, 'classifier:CBLOFClassifier:n_clusters': 12, 'classifier:CBLOFClassifier:use_weights': 'False'}",34,Crash,0.0,CBLOFClassifier,NoPreprocessing,no_preprocessing,,,,,,,,,,,,,1.0,8.0,0.25,12.0,False,
0.1492,0.1492,0.3867181108452755,3.0677621364593506,"{'classifier:__choice__': 'CBLOFClassifier', 'data_preprocessor:__choice__': 'NoPreprocessing', 'feature_preprocessor:__choice__': 'no_preprocessing', 'classifier:CBLOFClassifier:alpha': 0.7, 'classifier:CBLOFClassifier:beta': 14, 'classifier:CBLOFClassifier:contamination': 0.1, 'classifier:CBLOFClassifier:n_clusters': 14, 'classifier:CBLOFClassifier:use_weights': 'False'}",30,Success,0.0,CBLOFClassifier,NoPreprocessing,no_preprocessing,,,,,,,,,,,,,0.7,14.0,0.1,14.0,False,
0.24680000000000002,0.24680000000000002,0.41011336380333463,2.943476438522339,"{'classifier:__choice__': 'CBLOFClassifier', 'data_preprocessor:__choice__': 'NoPreprocessing', 'feature_preprocessor:__choice__': 'no_preprocessing', 'classifier:CBLOFClassifier:alpha': 0.5, 'classifier:CBLOFClassifier:beta': 4, 'classifier:CBLOFClassifier:contamination': 0.2, 'classifier:CBLOFClassifier:n_clusters': 8, 'classifier:CBLOFClassifier:use_weights': 'False'}",18,Success,0.0,CBLOFClassifier,NoPreprocessing,no_preprocessing,,,,,,,,,,,,,0.5,4.0,0.2,8.0,False,
0.28,0.28,0.47355239715943775,3.0106420516967773,"{'classifier:__choice__': 'CBLOFClassifier', 'data_preprocessor:__choice__': 'NoPreprocessing', 'feature_preprocessor:__choice__': 'no_preprocessing', 'classifier:CBLOFClassifier:alpha': 0.95, 'classifier:CBLOFClassifier:beta': 4, 'classifier:CBLOFClassifier:contamination': 0.45, 'classifier:CBLOFClassifier:n_clusters': 16, 'classifier:CBLOFClassifier:use_weights': 'False'}",16,Success,0.0,CBLOFClassifier,NoPreprocessing,no_preprocessing,,,,,,,,,,,,,0.95,4.0,0.45,16.0,False,
0.16720000000000002,0.16720000000000002,0.3964662950385065,2.99212646484375,"{'classifier:__choice__': 'CBLOFClassifier', 'data_preprocessor:__choice__': 'NoPreprocessing', 'feature_preprocessor:__choice__': 'no_preprocessing', 'classifier:CBLOFClassifier:alpha': 0.9, 'classifier:CBLOFClassifier:beta': 2, 'classifier:CBLOFClassifier:contamination': 0.3, 'classifier:CBLOFClassifier:n_clusters': 10, 'classifier:CBLOFClassifier:use_weights': 'False'}",29,Success,0.0,CBLOFClassifier,NoPreprocessing,no_preprocessing,,,,,,,,,,,,,0.9,2.0,0.3,10.0,False,
0.2851999999999999,0.2851999999999999,0.43403972528494905,2.941200017929077,"{'classifier:__choice__': 'CBLOFClassifier', 'data_preprocessor:__choice__': 'NoPreprocessing', 'feature_preprocessor:__choice__': 'no_preprocessing', 'classifier:CBLOFClassifier:alpha': 0.75, 'classifier:CBLOFClassifier:beta': 20, 'classifier:CBLOFClassifier:contamination': 0.45, 'classifier:CBLOFClassifier:n_clusters': 6, 'classifier:CBLOFClassifier:use_weights': 'False'}",13,Success,0.0,CBLOFClassifier,NoPreprocessing,no_preprocessing,,,,,,,,,,,,,0.75,20.0,0.45,6.0,False,
0.0,,,1.0123240947723389,"{'classifier:__choice__': 'CBLOFClassifier', 'data_preprocessor:__choice__': 'NoPreprocessing', 'feature_preprocessor:__choice__': 'no_preprocessing', 'classifier:CBLOFClassifier:alpha': 0.65, 'classifier:CBLOFClassifier:beta': 4, 'classifier:CBLOFClassifier:contamination': 0.45, 'classifier:CBLOFClassifier:n_clusters': 16, 'classifier:CBLOFClassifier:use_weights': 'False'}",34,Timeout,0.0,CBLOFClassifier,NoPreprocessing,no_preprocessing,,,,,,,,,,,,,0.65,4.0,0.45,16.0,False,
0.9916,0.9916,0.9911721399385676,1.1738579273223877,"{'classifier:__choice__': 'COPODClassifier', 'data_preprocessor:__choice__': 'NoPreprocessing', 'feature_preprocessor:__choice__': 'no_preprocessing', 'classifier:COPODClassifier:contamination': 0.15000000000000002}",1,Success,0.0,COPODClassifier,NoPreprocessing,no_preprocessing,,,,,,,,,,,,,,,,,,0.15000000000000002
0.9916,0.9916,0.9911721399385676,1.16316819190979,"{'classifier:__choice__': 'COPODClassifier', 'data_preprocessor:__choice__': 'NoPreprocessing', 'feature_preprocessor:__choice__': 'no_preprocessing', 'classifier:COPODClassifier:contamination': 0.35000000000000003}",1,Success,0.0,COPODClassifier,NoPreprocessing,no_preprocessing,,,,,,,,,,,,,,,,,,0.35000000000000003
0.9916,0.9916,0.9911721399385676,1.1483783721923828,"{'classifier:__choice__': 'COPODClassifier', 'data_preprocessor:__choice__': 'NoPreprocessing', 'feature_preprocessor:__choice__': 'no_preprocessing', 'classifier:COPODClassifier:contamination': 0.5}",1,Success,0.0,COPODClassifier,NoPreprocessing,no_preprocessing,,,,,,,,,,,,,,,,,,0.5
0.9916,0.9916,0.9911721399385676,1.191650629043579,"{'classifier:__choice__': 'COPODClassifier', 'data_preprocessor:__choice__': 'NoPreprocessing', 'feature_preprocessor:__choice__': 'no_preprocessing', 'classifier:COPODClassifier:contamination': 0.2}",1,Success,0.0,COPODClassifier,NoPreprocessing,no_preprocessing,,,,,,,,,,,,,,,,,,0.2
0.9916,0.9916,0.9911721399385676,1.162914752960205,"{'classifier:__choice__': 'COPODClassifier', 'data_preprocessor:__choice__': 'NoPreprocessing', 'feature_preprocessor:__choice__': 'no_preprocessing', 'classifier:COPODClassifier:contamination': 0.3}",1,Success,0.0,COPODClassifier,NoPreprocessing,no_preprocessing,,,,,,,,,,,,,,,,,,0.3
0.9916,0.9916,0.9911721399385676,1.1512441635131836,"{'classifier:__choice__': 'COPODClassifier', 'data_preprocessor:__choice__': 'NoPreprocessing', 'feature_preprocessor:__choice__': 'no_preprocessing', 'classifier:COPODClassifier:contamination': 0.05}",1,Success,0.0,COPODClassifier,NoPreprocessing,no_preprocessing,,,,,,,,,,,,,,,,,,0.05
0.9916,0.9916,0.9911721399385676,1.1681435108184814,"{'classifier:__choice__': 'COPODClassifier', 'data_preprocessor:__choice__': 'NoPreprocessing', 'feature_preprocessor:__choice__': 'no_preprocessing', 'classifier:COPODClassifier:contamination': 0.4}",1,Success,0.0,COPODClassifier,NoPreprocessing,no_preprocessing,,,,,,,,,,,,,,,,,,0.4
0.9916,0.9916,0.9911721399385676,1.1319663524627686,"{'classifier:__choice__': 'COPODClassifier', 'data_preprocessor:__choice__': 'NoPreprocessing', 'feature_preprocessor:__choice__': 'no_preprocessing', 'classifier:COPODClassifier:contamination': 0.25}",1,Success,0.0,COPODClassifier,NoPreprocessing,no_preprocessing,,,,,,,,,,,,,,,,,,0.25
0.9916,0.9916,0.9911721399385676,1.1436924934387207,"{'classifier:__choice__': 'COPODClassifier', 'data_preprocessor:__choice__': 'NoPreprocessing', 'feature_preprocessor:__choice__': 'no_preprocessing', 'classifier:COPODClassifier:contamination': 0.45}",1,Success,0.0,COPODClassifier,NoPreprocessing,no_preprocessing,,,,,,,,,,,,,,,,,,0.45
0.9916,0.9916,0.9911721399385676,1.1474263668060303,"{'classifier:__choice__': 'COPODClassifier', 'data_preprocessor:__choice__': 'NoPreprocessing', 'feature_preprocessor:__choice__': 'no_preprocessing', 'classifier:COPODClassifier:contamination': 0.1}",1,Success,0.0,COPODClassifier,NoPreprocessing,no_preprocessing,,,,,,,,,,,,,,,,,,0.1
