mean_test_score,metric_roc_auc,metric_average_precision,mean_fit_time,params,rank_test_scores,status,budgets,param_classifier:__choice__,param_data_preprocessor:__choice__,param_feature_preprocessor:__choice__,param_classifier:COPODClassifier:contamination,param_classifier:IForestClassifier:bootstrap,param_classifier:IForestClassifier:contamination,param_classifier:IForestClassifier:max_features,param_classifier:IForestClassifier:max_samples,param_classifier:IForestClassifier:n_estimators,param_classifier:KNNClassifier:contamination,param_classifier:KNNClassifier:method,param_classifier:KNNClassifier:n_neighbors,param_classifier:KNNClassifier:p,param_classifier:LOFClassifier:contamination,param_classifier:LOFClassifier:n_neighbors,param_classifier:LOFClassifier:p,param_classifier:CBLOFClassifier:alpha,param_classifier:CBLOFClassifier:beta,param_classifier:CBLOFClassifier:contamination,param_classifier:CBLOFClassifier:n_clusters,param_classifier:CBLOFClassifier:use_weights
0.5944,0.5944,0.579294949396065,1.363123893737793,"{'classifier:__choice__': 'COPODClassifier', 'data_preprocessor:__choice__': 'NoPreprocessing', 'feature_preprocessor:__choice__': 'no_preprocessing', 'classifier:COPODClassifier:contamination': 0.15000000000000002}",1,Success,0.0,COPODClassifier,NoPreprocessing,no_preprocessing,0.15000000000000002,,,,,,,,,,,,,,,,,
0.5944,0.5944,0.579294949396065,1.501612663269043,"{'classifier:__choice__': 'COPODClassifier', 'data_preprocessor:__choice__': 'NoPreprocessing', 'feature_preprocessor:__choice__': 'no_preprocessing', 'classifier:COPODClassifier:contamination': 0.35000000000000003}",1,Success,0.0,COPODClassifier,NoPreprocessing,no_preprocessing,0.35000000000000003,,,,,,,,,,,,,,,,,
0.5944,0.5944,0.579294949396065,1.3808579444885254,"{'classifier:__choice__': 'COPODClassifier', 'data_preprocessor:__choice__': 'NoPreprocessing', 'feature_preprocessor:__choice__': 'no_preprocessing', 'classifier:COPODClassifier:contamination': 0.5}",1,Success,0.0,COPODClassifier,NoPreprocessing,no_preprocessing,0.5,,,,,,,,,,,,,,,,,
0.5944,0.5944,0.579294949396065,1.3486573696136475,"{'classifier:__choice__': 'COPODClassifier', 'data_preprocessor:__choice__': 'NoPreprocessing', 'feature_preprocessor:__choice__': 'no_preprocessing', 'classifier:COPODClassifier:contamination': 0.2}",1,Success,0.0,COPODClassifier,NoPreprocessing,no_preprocessing,0.2,,,,,,,,,,,,,,,,,
0.5944,0.5944,0.579294949396065,1.3552463054656982,"{'classifier:__choice__': 'COPODClassifier', 'data_preprocessor:__choice__': 'NoPreprocessing', 'feature_preprocessor:__choice__': 'no_preprocessing', 'classifier:COPODClassifier:contamination': 0.3}",1,Success,0.0,COPODClassifier,NoPreprocessing,no_preprocessing,0.3,,,,,,,,,,,,,,,,,
0.5944,0.5944,0.579294949396065,1.3561286926269531,"{'classifier:__choice__': 'COPODClassifier', 'data_preprocessor:__choice__': 'NoPreprocessing', 'feature_preprocessor:__choice__': 'no_preprocessing', 'classifier:COPODClassifier:contamination': 0.05}",1,Success,0.0,COPODClassifier,NoPreprocessing,no_preprocessing,0.05,,,,,,,,,,,,,,,,,
0.5944,0.5944,0.579294949396065,1.3587157726287842,"{'classifier:__choice__': 'COPODClassifier', 'data_preprocessor:__choice__': 'NoPreprocessing', 'feature_preprocessor:__choice__': 'no_preprocessing', 'classifier:COPODClassifier:contamination': 0.4}",1,Success,0.0,COPODClassifier,NoPreprocessing,no_preprocessing,0.4,,,,,,,,,,,,,,,,,
0.5944,0.5944,0.579294949396065,1.3701496124267578,"{'classifier:__choice__': 'COPODClassifier', 'data_preprocessor:__choice__': 'NoPreprocessing', 'feature_preprocessor:__choice__': 'no_preprocessing', 'classifier:COPODClassifier:contamination': 0.25}",1,Success,0.0,COPODClassifier,NoPreprocessing,no_preprocessing,0.25,,,,,,,,,,,,,,,,,
0.5944,0.5944,0.579294949396065,1.3714261054992676,"{'classifier:__choice__': 'COPODClassifier', 'data_preprocessor:__choice__': 'NoPreprocessing', 'feature_preprocessor:__choice__': 'no_preprocessing', 'classifier:COPODClassifier:contamination': 0.45}",1,Success,0.0,COPODClassifier,NoPreprocessing,no_preprocessing,0.45,,,,,,,,,,,,,,,,,
0.5944,0.5944,0.579294949396065,1.356924295425415,"{'classifier:__choice__': 'COPODClassifier', 'data_preprocessor:__choice__': 'NoPreprocessing', 'feature_preprocessor:__choice__': 'no_preprocessing', 'classifier:COPODClassifier:contamination': 0.1}",1,Success,0.0,COPODClassifier,NoPreprocessing,no_preprocessing,0.1,,,,,,,,,,,,,,,,,
0.5324,0.5324,0.5315117353238783,3.8335068225860596,"{'classifier:__choice__': 'IForestClassifier', 'data_preprocessor:__choice__': 'NoPreprocessing', 'feature_preprocessor:__choice__': 'no_preprocessing', 'classifier:IForestClassifier:bootstrap': 'False', 'classifier:IForestClassifier:contamination': 0.15000000000000002, 'classifier:IForestClassifier:max_features': 1.0, 'classifier:IForestClassifier:max_samples': 0.75, 'classifier:IForestClassifier:n_estimators': 190}",18,Success,0.0,IForestClassifier,NoPreprocessing,no_preprocessing,,False,0.15000000000000002,1.0,0.75,190.0,,,,,,,,,,,,
0.4938,0.4938,0.5286668756423761,1.3065605163574219,"{'classifier:__choice__': 'IForestClassifier', 'data_preprocessor:__choice__': 'NoPreprocessing', 'feature_preprocessor:__choice__': 'no_preprocessing', 'classifier:IForestClassifier:bootstrap': 'False', 'classifier:IForestClassifier:contamination': 0.2, 'classifier:IForestClassifier:max_features': 1.0, 'classifier:IForestClassifier:max_samples': 0.65, 'classifier:IForestClassifier:n_estimators': 20}",42,Success,0.0,IForestClassifier,NoPreprocessing,no_preprocessing,,False,0.2,1.0,0.65,20.0,,,,,,,,,,,,
0.5640000000000001,0.5640000000000001,0.5635448892434258,2.4199910163879395,"{'classifier:__choice__': 'IForestClassifier', 'data_preprocessor:__choice__': 'NoPreprocessing', 'feature_preprocessor:__choice__': 'no_preprocessing', 'classifier:IForestClassifier:bootstrap': 'False', 'classifier:IForestClassifier:contamination': 0.4, 'classifier:IForestClassifier:max_features': 1.0, 'classifier:IForestClassifier:max_samples': 0.35000000000000003, 'classifier:IForestClassifier:n_estimators': 100}",2,Success,0.0,IForestClassifier,NoPreprocessing,no_preprocessing,,False,0.4,1.0,0.35000000000000003,100.0,,,,,,,,,,,,
0.5136000000000001,0.5136000000000001,0.5164729091688023,2.775547504425049,"{'classifier:__choice__': 'IForestClassifier', 'data_preprocessor:__choice__': 'NoPreprocessing', 'feature_preprocessor:__choice__': 'no_preprocessing', 'classifier:IForestClassifier:bootstrap': 'False', 'classifier:IForestClassifier:contamination': 0.1, 'classifier:IForestClassifier:max_features': 1.0, 'classifier:IForestClassifier:max_samples': 1.0, 'classifier:IForestClassifier:n_estimators': 100}",34,Success,0.0,IForestClassifier,NoPreprocessing,no_preprocessing,,False,0.1,1.0,1.0,100.0,,,,,,,,,,,,
0.5189999999999999,0.5189999999999999,0.5323394594254325,1.3374974727630615,"{'classifier:__choice__': 'IForestClassifier', 'data_preprocessor:__choice__': 'NoPreprocessing', 'feature_preprocessor:__choice__': 'no_preprocessing', 'classifier:IForestClassifier:bootstrap': 'False', 'classifier:IForestClassifier:contamination': 0.45, 'classifier:IForestClassifier:max_features': 1.0, 'classifier:IForestClassifier:max_samples': 0.95, 'classifier:IForestClassifier:n_estimators': 20}",32,Success,0.0,IForestClassifier,NoPreprocessing,no_preprocessing,,False,0.45,1.0,0.95,20.0,,,,,,,,,,,,
0.5529999999999999,0.5529999999999999,0.5664484935461634,1.302025318145752,"{'classifier:__choice__': 'IForestClassifier', 'data_preprocessor:__choice__': 'NoPreprocessing', 'feature_preprocessor:__choice__': 'no_preprocessing', 'classifier:IForestClassifier:bootstrap': 'False', 'classifier:IForestClassifier:contamination': 0.5, 'classifier:IForestClassifier:max_features': 1.0, 'classifier:IForestClassifier:max_samples': 0.55, 'classifier:IForestClassifier:n_estimators': 20}",4,Success,0.0,IForestClassifier,NoPreprocessing,no_preprocessing,,False,0.5,1.0,0.55,20.0,,,,,,,,,,,,
0.48660000000000003,0.48660000000000003,0.5274998037538315,1.4989886283874512,"{'classifier:__choice__': 'IForestClassifier', 'data_preprocessor:__choice__': 'NoPreprocessing', 'feature_preprocessor:__choice__': 'no_preprocessing', 'classifier:IForestClassifier:bootstrap': 'False', 'classifier:IForestClassifier:contamination': 0.3, 'classifier:IForestClassifier:max_features': 1.0, 'classifier:IForestClassifier:max_samples': 0.35000000000000003, 'classifier:IForestClassifier:n_estimators': 35}",43,Success,0.0,IForestClassifier,NoPreprocessing,no_preprocessing,,False,0.3,1.0,0.35000000000000003,35.0,,,,,,,,,,,,
0.5118,0.5118,0.5190873278968349,2.1529853343963623,"{'classifier:__choice__': 'IForestClassifier', 'data_preprocessor:__choice__': 'NoPreprocessing', 'feature_preprocessor:__choice__': 'no_preprocessing', 'classifier:IForestClassifier:bootstrap': 'False', 'classifier:IForestClassifier:contamination': 0.2, 'classifier:IForestClassifier:max_features': 1.0, 'classifier:IForestClassifier:max_samples': 0.5, 'classifier:IForestClassifier:n_estimators': 80}",35,Success,0.0,IForestClassifier,NoPreprocessing,no_preprocessing,,False,0.2,1.0,0.5,80.0,,,,,,,,,,,,
0.5419999999999999,0.5419999999999999,0.5398623168747436,3.0772788524627686,"{'classifier:__choice__': 'IForestClassifier', 'data_preprocessor:__choice__': 'NoPreprocessing', 'feature_preprocessor:__choice__': 'no_preprocessing', 'classifier:IForestClassifier:bootstrap': 'False', 'classifier:IForestClassifier:contamination': 0.05, 'classifier:IForestClassifier:max_features': 1.0, 'classifier:IForestClassifier:max_samples': 0.55, 'classifier:IForestClassifier:n_estimators': 120}",11,Success,0.0,IForestClassifier,NoPreprocessing,no_preprocessing,,False,0.05,1.0,0.55,120.0,,,,,,,,,,,,
0.5384,0.5384,0.53007506806357,3.110184907913208,"{'classifier:__choice__': 'IForestClassifier', 'data_preprocessor:__choice__': 'NoPreprocessing', 'feature_preprocessor:__choice__': 'no_preprocessing', 'classifier:IForestClassifier:bootstrap': 'False', 'classifier:IForestClassifier:contamination': 0.5, 'classifier:IForestClassifier:max_features': 1.0, 'classifier:IForestClassifier:max_samples': 0.6000000000000001, 'classifier:IForestClassifier:n_estimators': 145}",14,Success,0.0,IForestClassifier,NoPreprocessing,no_preprocessing,,False,0.5,1.0,0.6000000000000001,145.0,,,,,,,,,,,,
0.5034,0.5034,0.5164984344766119,1.535902500152588,"{'classifier:__choice__': 'IForestClassifier', 'data_preprocessor:__choice__': 'NoPreprocessing', 'feature_preprocessor:__choice__': 'no_preprocessing', 'classifier:IForestClassifier:bootstrap': 'False', 'classifier:IForestClassifier:contamination': 0.3, 'classifier:IForestClassifier:max_features': 1.0, 'classifier:IForestClassifier:max_samples': 0.25, 'classifier:IForestClassifier:n_estimators': 35}",41,Success,0.0,IForestClassifier,NoPreprocessing,no_preprocessing,,False,0.3,1.0,0.25,35.0,,,,,,,,,,,,
0.5292,0.5292,0.5348414542246112,3.699686288833618,"{'classifier:__choice__': 'IForestClassifier', 'data_preprocessor:__choice__': 'NoPreprocessing', 'feature_preprocessor:__choice__': 'no_preprocessing', 'classifier:IForestClassifier:bootstrap': 'False', 'classifier:IForestClassifier:contamination': 0.45, 'classifier:IForestClassifier:max_features': 1.0, 'classifier:IForestClassifier:max_samples': 0.7, 'classifier:IForestClassifier:n_estimators': 185}",20,Success,0.0,IForestClassifier,NoPreprocessing,no_preprocessing,,False,0.45,1.0,0.7,185.0,,,,,,,,,,,,
0.5092,0.5092,0.5174169376791166,2.079425573348999,"{'classifier:__choice__': 'IForestClassifier', 'data_preprocessor:__choice__': 'NoPreprocessing', 'feature_preprocessor:__choice__': 'no_preprocessing', 'classifier:IForestClassifier:bootstrap': 'False', 'classifier:IForestClassifier:contamination': 0.25, 'classifier:IForestClassifier:max_features': 1.0, 'classifier:IForestClassifier:max_samples': 0.95, 'classifier:IForestClassifier:n_estimators': 70}",36,Success,0.0,IForestClassifier,NoPreprocessing,no_preprocessing,,False,0.25,1.0,0.95,70.0,,,,,,,,,,,,
0.5351999999999999,0.5351999999999999,0.5271063091511956,3.0761501789093018,"{'classifier:__choice__': 'IForestClassifier', 'data_preprocessor:__choice__': 'NoPreprocessing', 'feature_preprocessor:__choice__': 'no_preprocessing', 'classifier:IForestClassifier:bootstrap': 'False', 'classifier:IForestClassifier:contamination': 0.25, 'classifier:IForestClassifier:max_features': 1.0, 'classifier:IForestClassifier:max_samples': 0.65, 'classifier:IForestClassifier:n_estimators': 140}",17,Success,0.0,IForestClassifier,NoPreprocessing,no_preprocessing,,False,0.25,1.0,0.65,140.0,,,,,,,,,,,,
0.5352,0.5352,0.5277428952630719,3.585768461227417,"{'classifier:__choice__': 'IForestClassifier', 'data_preprocessor:__choice__': 'NoPreprocessing', 'feature_preprocessor:__choice__': 'no_preprocessing', 'classifier:IForestClassifier:bootstrap': 'False', 'classifier:IForestClassifier:contamination': 0.45, 'classifier:IForestClassifier:max_features': 1.0, 'classifier:IForestClassifier:max_samples': 0.5, 'classifier:IForestClassifier:n_estimators': 180}",16,Success,0.0,IForestClassifier,NoPreprocessing,no_preprocessing,,False,0.45,1.0,0.5,180.0,,,,,,,,,,,,
0.5284,0.5284,0.5273028551289665,2.485055923461914,"{'classifier:__choice__': 'IForestClassifier', 'data_preprocessor:__choice__': 'NoPreprocessing', 'feature_preprocessor:__choice__': 'no_preprocessing', 'classifier:IForestClassifier:bootstrap': 'False', 'classifier:IForestClassifier:contamination': 0.35000000000000003, 'classifier:IForestClassifier:max_features': 1.0, 'classifier:IForestClassifier:max_samples': 0.95, 'classifier:IForestClassifier:n_estimators': 100}",21,Success,0.0,IForestClassifier,NoPreprocessing,no_preprocessing,,False,0.35000000000000003,1.0,0.95,100.0,,,,,,,,,,,,
0.5049999999999999,0.5049999999999999,0.5288541684454641,1.366255521774292,"{'classifier:__choice__': 'IForestClassifier', 'data_preprocessor:__choice__': 'NoPreprocessing', 'feature_preprocessor:__choice__': 'no_preprocessing', 'classifier:IForestClassifier:bootstrap': 'False', 'classifier:IForestClassifier:contamination': 0.35000000000000003, 'classifier:IForestClassifier:max_features': 1.0, 'classifier:IForestClassifier:max_samples': 1.0, 'classifier:IForestClassifier:n_estimators': 20}",39,Success,0.0,IForestClassifier,NoPreprocessing,no_preprocessing,,False,0.35000000000000003,1.0,1.0,20.0,,,,,,,,,,,,
0.5452,0.5452,0.5413966150245888,3.0291011333465576,"{'classifier:__choice__': 'IForestClassifier', 'data_preprocessor:__choice__': 'NoPreprocessing', 'feature_preprocessor:__choice__': 'no_preprocessing', 'classifier:IForestClassifier:bootstrap': 'False', 'classifier:IForestClassifier:contamination': 0.35000000000000003, 'classifier:IForestClassifier:max_features': 1.0, 'classifier:IForestClassifier:max_samples': 0.45, 'classifier:IForestClassifier:n_estimators': 140}",8,Success,0.0,IForestClassifier,NoPreprocessing,no_preprocessing,,False,0.35000000000000003,1.0,0.45,140.0,,,,,,,,,,,,
0.5364,0.5364,0.5331938536905882,2.8689987659454346,"{'classifier:__choice__': 'IForestClassifier', 'data_preprocessor:__choice__': 'NoPreprocessing', 'feature_preprocessor:__choice__': 'no_preprocessing', 'classifier:IForestClassifier:bootstrap': 'False', 'classifier:IForestClassifier:contamination': 0.15000000000000002, 'classifier:IForestClassifier:max_features': 1.0, 'classifier:IForestClassifier:max_samples': 0.5, 'classifier:IForestClassifier:n_estimators': 130}",15,Success,0.0,IForestClassifier,NoPreprocessing,no_preprocessing,,False,0.15000000000000002,1.0,0.5,130.0,,,,,,,,,,,,
0.5276000000000001,0.5276000000000001,0.5231556273210869,3.694981813430786,"{'classifier:__choice__': 'IForestClassifier', 'data_preprocessor:__choice__': 'NoPreprocessing', 'feature_preprocessor:__choice__': 'no_preprocessing', 'classifier:IForestClassifier:bootstrap': 'False', 'classifier:IForestClassifier:contamination': 0.4, 'classifier:IForestClassifier:max_features': 1.0, 'classifier:IForestClassifier:max_samples': 0.6000000000000001, 'classifier:IForestClassifier:n_estimators': 190}",24,Success,0.0,IForestClassifier,NoPreprocessing,no_preprocessing,,False,0.4,1.0,0.6000000000000001,190.0,,,,,,,,,,,,
0.5264,0.5264,0.5315414630725842,1.7838311195373535,"{'classifier:__choice__': 'IForestClassifier', 'data_preprocessor:__choice__': 'NoPreprocessing', 'feature_preprocessor:__choice__': 'no_preprocessing', 'classifier:IForestClassifier:bootstrap': 'False', 'classifier:IForestClassifier:contamination': 0.5, 'classifier:IForestClassifier:max_features': 1.0, 'classifier:IForestClassifier:max_samples': 0.25, 'classifier:IForestClassifier:n_estimators': 50}",25,Success,0.0,IForestClassifier,NoPreprocessing,no_preprocessing,,False,0.5,1.0,0.25,50.0,,,,,,,,,,,,
0.5424,0.5424,0.5425301870632039,2.460197687149048,"{'classifier:__choice__': 'IForestClassifier', 'data_preprocessor:__choice__': 'NoPreprocessing', 'feature_preprocessor:__choice__': 'no_preprocessing', 'classifier:IForestClassifier:bootstrap': 'False', 'classifier:IForestClassifier:contamination': 0.3, 'classifier:IForestClassifier:max_features': 1.0, 'classifier:IForestClassifier:max_samples': 0.9000000000000001, 'classifier:IForestClassifier:n_estimators': 100}",10,Success,0.0,IForestClassifier,NoPreprocessing,no_preprocessing,,False,0.3,1.0,0.9000000000000001,100.0,,,,,,,,,,,,
0.5316,0.5316,0.5273007194370417,3.789529323577881,"{'classifier:__choice__': 'IForestClassifier', 'data_preprocessor:__choice__': 'NoPreprocessing', 'feature_preprocessor:__choice__': 'no_preprocessing', 'classifier:IForestClassifier:bootstrap': 'False', 'classifier:IForestClassifier:contamination': 0.45, 'classifier:IForestClassifier:max_features': 1.0, 'classifier:IForestClassifier:max_samples': 0.55, 'classifier:IForestClassifier:n_estimators': 195}",19,Success,0.0,IForestClassifier,NoPreprocessing,no_preprocessing,,False,0.45,1.0,0.55,195.0,,,,,,,,,,,,
0.524,0.524,0.5259880077138458,2.0284550189971924,"{'classifier:__choice__': 'IForestClassifier', 'data_preprocessor:__choice__': 'NoPreprocessing', 'feature_preprocessor:__choice__': 'no_preprocessing', 'classifier:IForestClassifier:bootstrap': 'False', 'classifier:IForestClassifier:contamination': 0.4, 'classifier:IForestClassifier:max_features': 1.0, 'classifier:IForestClassifier:max_samples': 0.6000000000000001, 'classifier:IForestClassifier:n_estimators': 70}",28,Success,0.0,IForestClassifier,NoPreprocessing,no_preprocessing,,False,0.4,1.0,0.6000000000000001,70.0,,,,,,,,,,,,
0.5244,0.5244,0.5217479485278141,3.8463544845581055,"{'classifier:__choice__': 'IForestClassifier', 'data_preprocessor:__choice__': 'NoPreprocessing', 'feature_preprocessor:__choice__': 'no_preprocessing', 'classifier:IForestClassifier:bootstrap': 'False', 'classifier:IForestClassifier:contamination': 0.35000000000000003, 'classifier:IForestClassifier:max_features': 1.0, 'classifier:IForestClassifier:max_samples': 0.6000000000000001, 'classifier:IForestClassifier:n_estimators': 195}",27,Success,0.0,IForestClassifier,NoPreprocessing,no_preprocessing,,False,0.35000000000000003,1.0,0.6000000000000001,195.0,,,,,,,,,,,,
0.5257999999999999,0.5257999999999999,0.5066464028596559,1.3070642948150635,"{'classifier:__choice__': 'IForestClassifier', 'data_preprocessor:__choice__': 'NoPreprocessing', 'feature_preprocessor:__choice__': 'no_preprocessing', 'classifier:IForestClassifier:bootstrap': 'False', 'classifier:IForestClassifier:contamination': 0.35000000000000003, 'classifier:IForestClassifier:max_features': 1.0, 'classifier:IForestClassifier:max_samples': 0.8500000000000001, 'classifier:IForestClassifier:n_estimators': 15}",26,Success,0.0,IForestClassifier,NoPreprocessing,no_preprocessing,,False,0.35000000000000003,1.0,0.8500000000000001,15.0,,,,,,,,,,,,
0.5416,0.5416,0.5331487562417678,3.174980878829956,"{'classifier:__choice__': 'IForestClassifier', 'data_preprocessor:__choice__': 'NoPreprocessing', 'feature_preprocessor:__choice__': 'no_preprocessing', 'classifier:IForestClassifier:bootstrap': 'False', 'classifier:IForestClassifier:contamination': 0.1, 'classifier:IForestClassifier:max_features': 1.0, 'classifier:IForestClassifier:max_samples': 0.5, 'classifier:IForestClassifier:n_estimators': 150}",12,Success,0.0,IForestClassifier,NoPreprocessing,no_preprocessing,,False,0.1,1.0,0.5,150.0,,,,,,,,,,,,
0.5426,0.5426,0.5656931692788497,1.3148672580718994,"{'classifier:__choice__': 'IForestClassifier', 'data_preprocessor:__choice__': 'NoPreprocessing', 'feature_preprocessor:__choice__': 'no_preprocessing', 'classifier:IForestClassifier:bootstrap': 'False', 'classifier:IForestClassifier:contamination': 0.2, 'classifier:IForestClassifier:max_features': 1.0, 'classifier:IForestClassifier:max_samples': 0.9000000000000001, 'classifier:IForestClassifier:n_estimators': 20}",9,Success,0.0,IForestClassifier,NoPreprocessing,no_preprocessing,,False,0.2,1.0,0.9000000000000001,20.0,,,,,,,,,,,,
0.5216000000000001,0.5216000000000001,0.5776955613165111,1.3464446067810059,"{'classifier:__choice__': 'IForestClassifier', 'data_preprocessor:__choice__': 'NoPreprocessing', 'feature_preprocessor:__choice__': 'no_preprocessing', 'classifier:IForestClassifier:bootstrap': 'False', 'classifier:IForestClassifier:contamination': 0.4, 'classifier:IForestClassifier:max_features': 1.0, 'classifier:IForestClassifier:max_samples': 0.45, 'classifier:IForestClassifier:n_estimators': 20}",29,Success,0.0,IForestClassifier,NoPreprocessing,no_preprocessing,,False,0.4,1.0,0.45,20.0,,,,,,,,,,,,
0.5092,0.5092,0.5269309240080419,2.1699368953704834,"{'classifier:__choice__': 'IForestClassifier', 'data_preprocessor:__choice__': 'NoPreprocessing', 'feature_preprocessor:__choice__': 'no_preprocessing', 'classifier:IForestClassifier:bootstrap': 'False', 'classifier:IForestClassifier:contamination': 0.35000000000000003, 'classifier:IForestClassifier:max_features': 1.0, 'classifier:IForestClassifier:max_samples': 0.7, 'classifier:IForestClassifier:n_estimators': 80}",36,Success,0.0,IForestClassifier,NoPreprocessing,no_preprocessing,,False,0.35000000000000003,1.0,0.7,80.0,,,,,,,,,,,,
0.5216000000000001,0.5216000000000001,0.5285177266045517,2.1073710918426514,"{'classifier:__choice__': 'IForestClassifier', 'data_preprocessor:__choice__': 'NoPreprocessing', 'feature_preprocessor:__choice__': 'no_preprocessing', 'classifier:IForestClassifier:bootstrap': 'False', 'classifier:IForestClassifier:contamination': 0.1, 'classifier:IForestClassifier:max_features': 1.0, 'classifier:IForestClassifier:max_samples': 0.8500000000000001, 'classifier:IForestClassifier:n_estimators': 75}",29,Success,0.0,IForestClassifier,NoPreprocessing,no_preprocessing,,False,0.1,1.0,0.8500000000000001,75.0,,,,,,,,,,,,
0.5496000000000001,0.5496000000000001,0.5535422504415464,2.211536407470703,"{'classifier:__choice__': 'IForestClassifier', 'data_preprocessor:__choice__': 'NoPreprocessing', 'feature_preprocessor:__choice__': 'no_preprocessing', 'classifier:IForestClassifier:bootstrap': 'False', 'classifier:IForestClassifier:contamination': 0.1, 'classifier:IForestClassifier:max_features': 1.0, 'classifier:IForestClassifier:max_samples': 0.30000000000000004, 'classifier:IForestClassifier:n_estimators': 85}",5,Success,0.0,IForestClassifier,NoPreprocessing,no_preprocessing,,False,0.1,1.0,0.30000000000000004,85.0,,,,,,,,,,,,
0.5396000000000001,0.5396000000000001,0.5403203845628427,1.8940365314483643,"{'classifier:__choice__': 'IForestClassifier', 'data_preprocessor:__choice__': 'NoPreprocessing', 'feature_preprocessor:__choice__': 'no_preprocessing', 'classifier:IForestClassifier:bootstrap': 'False', 'classifier:IForestClassifier:contamination': 0.1, 'classifier:IForestClassifier:max_features': 1.0, 'classifier:IForestClassifier:max_samples': 0.25, 'classifier:IForestClassifier:n_estimators': 60}",13,Success,0.0,IForestClassifier,NoPreprocessing,no_preprocessing,,False,0.1,1.0,0.25,60.0,,,,,,,,,,,,
0.548,0.548,0.5223756242989311,1.2658894062042236,"{'classifier:__choice__': 'IForestClassifier', 'data_preprocessor:__choice__': 'NoPreprocessing', 'feature_preprocessor:__choice__': 'no_preprocessing', 'classifier:IForestClassifier:bootstrap': 'False', 'classifier:IForestClassifier:contamination': 0.5, 'classifier:IForestClassifier:max_features': 1.0, 'classifier:IForestClassifier:max_samples': 0.25, 'classifier:IForestClassifier:n_estimators': 15}",6,Success,0.0,IForestClassifier,NoPreprocessing,no_preprocessing,,False,0.5,1.0,0.25,15.0,,,,,,,,,,,,
0.528,0.528,0.5489635882650803,1.8568010330200195,"{'classifier:__choice__': 'IForestClassifier', 'data_preprocessor:__choice__': 'NoPreprocessing', 'feature_preprocessor:__choice__': 'no_preprocessing', 'classifier:IForestClassifier:bootstrap': 'False', 'classifier:IForestClassifier:contamination': 0.1, 'classifier:IForestClassifier:max_features': 1.0, 'classifier:IForestClassifier:max_samples': 0.9000000000000001, 'classifier:IForestClassifier:n_estimators': 55}",22,Success,0.0,IForestClassifier,NoPreprocessing,no_preprocessing,,False,0.1,1.0,0.9000000000000001,55.0,,,,,,,,,,,,
0.518,0.518,0.5228725076419821,2.194108486175537,"{'classifier:__choice__': 'IForestClassifier', 'data_preprocessor:__choice__': 'NoPreprocessing', 'feature_preprocessor:__choice__': 'no_preprocessing', 'classifier:IForestClassifier:bootstrap': 'False', 'classifier:IForestClassifier:contamination': 0.2, 'classifier:IForestClassifier:max_features': 1.0, 'classifier:IForestClassifier:max_samples': 0.55, 'classifier:IForestClassifier:n_estimators': 80}",33,Success,0.0,IForestClassifier,NoPreprocessing,no_preprocessing,,False,0.2,1.0,0.55,80.0,,,,,,,,,,,,
0.528,0.528,0.5243112078546366,2.3919503688812256,"{'classifier:__choice__': 'IForestClassifier', 'data_preprocessor:__choice__': 'NoPreprocessing', 'feature_preprocessor:__choice__': 'no_preprocessing', 'classifier:IForestClassifier:bootstrap': 'False', 'classifier:IForestClassifier:contamination': 0.3, 'classifier:IForestClassifier:max_features': 1.0, 'classifier:IForestClassifier:max_samples': 0.6000000000000001, 'classifier:IForestClassifier:n_estimators': 95}",22,Success,0.0,IForestClassifier,NoPreprocessing,no_preprocessing,,False,0.3,1.0,0.6000000000000001,95.0,,,,,,,,,,,,
0.5042,0.5042,0.5112552277135318,1.6951143741607666,"{'classifier:__choice__': 'IForestClassifier', 'data_preprocessor:__choice__': 'NoPreprocessing', 'feature_preprocessor:__choice__': 'no_preprocessing', 'classifier:IForestClassifier:bootstrap': 'False', 'classifier:IForestClassifier:contamination': 0.45, 'classifier:IForestClassifier:max_features': 1.0, 'classifier:IForestClassifier:max_samples': 0.95, 'classifier:IForestClassifier:n_estimators': 45}",40,Success,0.0,IForestClassifier,NoPreprocessing,no_preprocessing,,False,0.45,1.0,0.95,45.0,,,,,,,,,,,,
0.5612,0.5612,0.5611336910753643,2.7729406356811523,"{'classifier:__choice__': 'IForestClassifier', 'data_preprocessor:__choice__': 'NoPreprocessing', 'feature_preprocessor:__choice__': 'no_preprocessing', 'classifier:IForestClassifier:bootstrap': 'False', 'classifier:IForestClassifier:contamination': 0.5, 'classifier:IForestClassifier:max_features': 1.0, 'classifier:IForestClassifier:max_samples': 0.35000000000000003, 'classifier:IForestClassifier:n_estimators': 120}",3,Success,0.0,IForestClassifier,NoPreprocessing,no_preprocessing,,False,0.5,1.0,0.35000000000000003,120.0,,,,,,,,,,,,
0.5212,0.5212,0.5196596921588281,3.7212412357330322,"{'classifier:__choice__': 'IForestClassifier', 'data_preprocessor:__choice__': 'NoPreprocessing', 'feature_preprocessor:__choice__': 'no_preprocessing', 'classifier:IForestClassifier:bootstrap': 'False', 'classifier:IForestClassifier:contamination': 0.15000000000000002, 'classifier:IForestClassifier:max_features': 1.0, 'classifier:IForestClassifier:max_samples': 0.95, 'classifier:IForestClassifier:n_estimators': 185}",31,Success,0.0,IForestClassifier,NoPreprocessing,no_preprocessing,,False,0.15000000000000002,1.0,0.95,185.0,,,,,,,,,,,,
0.5472,0.5472,0.5517577307559507,2.1780331134796143,"{'classifier:__choice__': 'IForestClassifier', 'data_preprocessor:__choice__': 'NoPreprocessing', 'feature_preprocessor:__choice__': 'no_preprocessing', 'classifier:IForestClassifier:bootstrap': 'False', 'classifier:IForestClassifier:contamination': 0.1, 'classifier:IForestClassifier:max_features': 1.0, 'classifier:IForestClassifier:max_samples': 0.25, 'classifier:IForestClassifier:n_estimators': 80}",7,Success,0.0,IForestClassifier,NoPreprocessing,no_preprocessing,,False,0.1,1.0,0.25,80.0,,,,,,,,,,,,
0.5816000000000001,0.5816000000000001,0.6059875397013348,2.5774033069610596,"{'classifier:__choice__': 'IForestClassifier', 'data_preprocessor:__choice__': 'NoPreprocessing', 'feature_preprocessor:__choice__': 'no_preprocessing', 'classifier:IForestClassifier:bootstrap': 'False', 'classifier:IForestClassifier:contamination': 0.35000000000000003, 'classifier:IForestClassifier:max_features': 1.0, 'classifier:IForestClassifier:max_samples': 0.2, 'classifier:IForestClassifier:n_estimators': 110}",1,Success,0.0,IForestClassifier,NoPreprocessing,no_preprocessing,,False,0.35000000000000003,1.0,0.2,110.0,,,,,,,,,,,,
0.5068,0.5068,0.5094369944044874,3.4022159576416016,"{'classifier:__choice__': 'IForestClassifier', 'data_preprocessor:__choice__': 'NoPreprocessing', 'feature_preprocessor:__choice__': 'no_preprocessing', 'classifier:IForestClassifier:bootstrap': 'False', 'classifier:IForestClassifier:contamination': 0.25, 'classifier:IForestClassifier:max_features': 1.0, 'classifier:IForestClassifier:max_samples': 1.0, 'classifier:IForestClassifier:n_estimators': 160}",38,Success,0.0,IForestClassifier,NoPreprocessing,no_preprocessing,,False,0.25,1.0,1.0,160.0,,,,,,,,,,,,
0.0,,,2.013613224029541,"{'classifier:__choice__': 'IForestClassifier', 'data_preprocessor:__choice__': 'NoPreprocessing', 'feature_preprocessor:__choice__': 'no_preprocessing', 'classifier:IForestClassifier:bootstrap': 'False', 'classifier:IForestClassifier:contamination': 0.1, 'classifier:IForestClassifier:max_features': 1.0, 'classifier:IForestClassifier:max_samples': 0.95, 'classifier:IForestClassifier:n_estimators': 150}",44,Timeout,0.0,IForestClassifier,NoPreprocessing,no_preprocessing,,False,0.1,1.0,0.95,150.0,,,,,,,,,,,,
0.6136,0.6136,0.5492649198678866,3.8477513790130615,"{'classifier:__choice__': 'KNNClassifier', 'data_preprocessor:__choice__': 'NoPreprocessing', 'feature_preprocessor:__choice__': 'no_preprocessing', 'classifier:KNNClassifier:contamination': 0.15000000000000002, 'classifier:KNNClassifier:method': 'largest', 'classifier:KNNClassifier:n_neighbors': 136, 'classifier:KNNClassifier:p': 2}",21,Success,0.0,KNNClassifier,NoPreprocessing,no_preprocessing,,,,,,,0.15000000000000002,largest,136.0,2.0,,,,,,,,
0.6152000000000001,0.6152000000000001,0.5527505785095244,3.775189161300659,"{'classifier:__choice__': 'KNNClassifier', 'data_preprocessor:__choice__': 'NoPreprocessing', 'feature_preprocessor:__choice__': 'no_preprocessing', 'classifier:KNNClassifier:contamination': 0.5, 'classifier:KNNClassifier:method': 'largest', 'classifier:KNNClassifier:n_neighbors': 77, 'classifier:KNNClassifier:p': 2}",13,Success,0.0,KNNClassifier,NoPreprocessing,no_preprocessing,,,,,,,0.5,largest,77.0,2.0,,,,,,,,
0.6416000000000001,0.6416000000000001,0.5853952615855751,3.566713809967041,"{'classifier:__choice__': 'KNNClassifier', 'data_preprocessor:__choice__': 'NoPreprocessing', 'feature_preprocessor:__choice__': 'no_preprocessing', 'classifier:KNNClassifier:contamination': 0.1, 'classifier:KNNClassifier:method': 'largest', 'classifier:KNNClassifier:n_neighbors': 5, 'classifier:KNNClassifier:p': 2}",1,Success,0.0,KNNClassifier,NoPreprocessing,no_preprocessing,,,,,,,0.1,largest,5.0,2.0,,,,,,,,
0.6304,0.6304,0.5572763423140784,3.6316051483154297,"{'classifier:__choice__': 'KNNClassifier', 'data_preprocessor:__choice__': 'NoPreprocessing', 'feature_preprocessor:__choice__': 'no_preprocessing', 'classifier:KNNClassifier:contamination': 0.3, 'classifier:KNNClassifier:method': 'largest', 'classifier:KNNClassifier:n_neighbors': 19, 'classifier:KNNClassifier:p': 2}",5,Success,0.0,KNNClassifier,NoPreprocessing,no_preprocessing,,,,,,,0.3,largest,19.0,2.0,,,,,,,,
0.6204000000000001,0.6204000000000001,0.5566590409539409,3.6852006912231445,"{'classifier:__choice__': 'KNNClassifier', 'data_preprocessor:__choice__': 'NoPreprocessing', 'feature_preprocessor:__choice__': 'no_preprocessing', 'classifier:KNNClassifier:contamination': 0.4, 'classifier:KNNClassifier:method': 'largest', 'classifier:KNNClassifier:n_neighbors': 47, 'classifier:KNNClassifier:p': 2}",9,Success,0.0,KNNClassifier,NoPreprocessing,no_preprocessing,,,,,,,0.4,largest,47.0,2.0,,,,,,,,
0.614,0.614,0.5501981581491345,3.989996910095215,"{'classifier:__choice__': 'KNNClassifier', 'data_preprocessor:__choice__': 'NoPreprocessing', 'feature_preprocessor:__choice__': 'no_preprocessing', 'classifier:KNNClassifier:contamination': 0.25, 'classifier:KNNClassifier:method': 'largest', 'classifier:KNNClassifier:n_neighbors': 165, 'classifier:KNNClassifier:p': 2}",20,Success,0.0,KNNClassifier,NoPreprocessing,no_preprocessing,,,,,,,0.25,largest,165.0,2.0,,,,,,,,
0.6352,0.6352,0.5608540335796213,3.707653045654297,"{'classifier:__choice__': 'KNNClassifier', 'data_preprocessor:__choice__': 'NoPreprocessing', 'feature_preprocessor:__choice__': 'no_preprocessing', 'classifier:KNNClassifier:contamination': 0.5, 'classifier:KNNClassifier:method': 'largest', 'classifier:KNNClassifier:n_neighbors': 17, 'classifier:KNNClassifier:p': 2}",2,Success,0.0,KNNClassifier,NoPreprocessing,no_preprocessing,,,,,,,0.5,largest,17.0,2.0,,,,,,,,
0.6148,0.6148,0.5521481825550141,3.7583937644958496,"{'classifier:__choice__': 'KNNClassifier', 'data_preprocessor:__choice__': 'NoPreprocessing', 'feature_preprocessor:__choice__': 'no_preprocessing', 'classifier:KNNClassifier:contamination': 0.5, 'classifier:KNNClassifier:method': 'largest', 'classifier:KNNClassifier:n_neighbors': 91, 'classifier:KNNClassifier:p': 2}",15,Success,0.0,KNNClassifier,NoPreprocessing,no_preprocessing,,,,,,,0.5,largest,91.0,2.0,,,,,,,,
0.6128,0.6128,0.5516598638120536,3.7904751300811768,"{'classifier:__choice__': 'KNNClassifier', 'data_preprocessor:__choice__': 'NoPreprocessing', 'feature_preprocessor:__choice__': 'no_preprocessing', 'classifier:KNNClassifier:contamination': 0.05, 'classifier:KNNClassifier:method': 'largest', 'classifier:KNNClassifier:n_neighbors': 113, 'classifier:KNNClassifier:p': 2}",22,Success,0.0,KNNClassifier,NoPreprocessing,no_preprocessing,,,,,,,0.05,largest,113.0,2.0,,,,,,,,
0.6272,0.6272,0.5600282274703405,3.6922826766967773,"{'classifier:__choice__': 'KNNClassifier', 'data_preprocessor:__choice__': 'NoPreprocessing', 'feature_preprocessor:__choice__': 'no_preprocessing', 'classifier:KNNClassifier:contamination': 0.15000000000000002, 'classifier:KNNClassifier:method': 'largest', 'classifier:KNNClassifier:n_neighbors': 29, 'classifier:KNNClassifier:p': 2}",6,Success,0.0,KNNClassifier,NoPreprocessing,no_preprocessing,,,,,,,0.15000000000000002,largest,29.0,2.0,,,,,,,,
0.6144000000000001,0.6144000000000001,0.5517585860603708,3.449608564376831,"{'classifier:__choice__': 'KNNClassifier', 'data_preprocessor:__choice__': 'NoPreprocessing', 'feature_preprocessor:__choice__': 'no_preprocessing', 'classifier:KNNClassifier:contamination': 0.2, 'classifier:KNNClassifier:method': 'largest', 'classifier:KNNClassifier:n_neighbors': 75, 'classifier:KNNClassifier:p': 2}",17,Success,0.0,KNNClassifier,NoPreprocessing,no_preprocessing,,,,,,,0.2,largest,75.0,2.0,,,,,,,,
0.6352,0.6352,0.5608540335796213,3.9745750427246094,"{'classifier:__choice__': 'KNNClassifier', 'data_preprocessor:__choice__': 'NoPreprocessing', 'feature_preprocessor:__choice__': 'no_preprocessing', 'classifier:KNNClassifier:contamination': 0.2, 'classifier:KNNClassifier:method': 'largest', 'classifier:KNNClassifier:n_neighbors': 17, 'classifier:KNNClassifier:p': 2}",2,Success,0.0,KNNClassifier,NoPreprocessing,no_preprocessing,,,,,,,0.2,largest,17.0,2.0,,,,,,,,
0.612,0.612,0.5503239423668218,3.795607089996338,"{'classifier:__choice__': 'KNNClassifier', 'data_preprocessor:__choice__': 'NoPreprocessing', 'feature_preprocessor:__choice__': 'no_preprocessing', 'classifier:KNNClassifier:contamination': 0.25, 'classifier:KNNClassifier:method': 'largest', 'classifier:KNNClassifier:n_neighbors': 117, 'classifier:KNNClassifier:p': 2}",25,Success,0.0,KNNClassifier,NoPreprocessing,no_preprocessing,,,,,,,0.25,largest,117.0,2.0,,,,,,,,
0.6144,0.6144,0.5522356931722028,3.8304286003112793,"{'classifier:__choice__': 'KNNClassifier', 'data_preprocessor:__choice__': 'NoPreprocessing', 'feature_preprocessor:__choice__': 'no_preprocessing', 'classifier:KNNClassifier:contamination': 0.5, 'classifier:KNNClassifier:method': 'largest', 'classifier:KNNClassifier:n_neighbors': 103, 'classifier:KNNClassifier:p': 2}",19,Success,0.0,KNNClassifier,NoPreprocessing,no_preprocessing,,,,,,,0.5,largest,103.0,2.0,,,,,,,,
0.6128,0.6128,0.5516529128893243,4.0389509201049805,"{'classifier:__choice__': 'KNNClassifier', 'data_preprocessor:__choice__': 'NoPreprocessing', 'feature_preprocessor:__choice__': 'no_preprocessing', 'classifier:KNNClassifier:contamination': 0.4, 'classifier:KNNClassifier:method': 'largest', 'classifier:KNNClassifier:n_neighbors': 109, 'classifier:KNNClassifier:p': 2}",22,Success,0.0,KNNClassifier,NoPreprocessing,no_preprocessing,,,,,,,0.4,largest,109.0,2.0,,,,,,,,
0.624,0.624,0.5580609930105782,3.61026668548584,"{'classifier:__choice__': 'KNNClassifier', 'data_preprocessor:__choice__': 'NoPreprocessing', 'feature_preprocessor:__choice__': 'no_preprocessing', 'classifier:KNNClassifier:contamination': 0.05, 'classifier:KNNClassifier:method': 'largest', 'classifier:KNNClassifier:n_neighbors': 33, 'classifier:KNNClassifier:p': 2}",7,Success,0.0,KNNClassifier,NoPreprocessing,no_preprocessing,,,,,,,0.05,largest,33.0,2.0,,,,,,,,
0.6116,0.6116,0.5511517587601424,3.8915085792541504,"{'classifier:__choice__': 'KNNClassifier', 'data_preprocessor:__choice__': 'NoPreprocessing', 'feature_preprocessor:__choice__': 'no_preprocessing', 'classifier:KNNClassifier:contamination': 0.45, 'classifier:KNNClassifier:method': 'largest', 'classifier:KNNClassifier:n_neighbors': 130, 'classifier:KNNClassifier:p': 2}",26,Success,0.0,KNNClassifier,NoPreprocessing,no_preprocessing,,,,,,,0.45,largest,130.0,2.0,,,,,,,,
0.6164000000000001,0.6164000000000001,0.5542630289839998,3.754117012023926,"{'classifier:__choice__': 'KNNClassifier', 'data_preprocessor:__choice__': 'NoPreprocessing', 'feature_preprocessor:__choice__': 'no_preprocessing', 'classifier:KNNClassifier:contamination': 0.5, 'classifier:KNNClassifier:method': 'largest', 'classifier:KNNClassifier:n_neighbors': 84, 'classifier:KNNClassifier:p': 2}",12,Success,0.0,KNNClassifier,NoPreprocessing,no_preprocessing,,,,,,,0.5,largest,84.0,2.0,,,,,,,,
0.6168,0.6168,0.554075633771883,3.4874584674835205,"{'classifier:__choice__': 'KNNClassifier', 'data_preprocessor:__choice__': 'NoPreprocessing', 'feature_preprocessor:__choice__': 'no_preprocessing', 'classifier:KNNClassifier:contamination': 0.5, 'classifier:KNNClassifier:method': 'largest', 'classifier:KNNClassifier:n_neighbors': 67, 'classifier:KNNClassifier:p': 2}",11,Success,0.0,KNNClassifier,NoPreprocessing,no_preprocessing,,,,,,,0.5,largest,67.0,2.0,,,,,,,,
0.6128,0.6128,0.5516598638120536,4.370453357696533,"{'classifier:__choice__': 'KNNClassifier', 'data_preprocessor:__choice__': 'NoPreprocessing', 'feature_preprocessor:__choice__': 'no_preprocessing', 'classifier:KNNClassifier:contamination': 0.25, 'classifier:KNNClassifier:method': 'largest', 'classifier:KNNClassifier:n_neighbors': 113, 'classifier:KNNClassifier:p': 2}",22,Success,0.0,KNNClassifier,NoPreprocessing,no_preprocessing,,,,,,,0.25,largest,113.0,2.0,,,,,,,,
0.6144000000000001,0.6144000000000001,0.5503178162687926,3.9957871437072754,"{'classifier:__choice__': 'KNNClassifier', 'data_preprocessor:__choice__': 'NoPreprocessing', 'feature_preprocessor:__choice__': 'no_preprocessing', 'classifier:KNNClassifier:contamination': 0.35000000000000003, 'classifier:KNNClassifier:method': 'largest', 'classifier:KNNClassifier:n_neighbors': 173, 'classifier:KNNClassifier:p': 2}",17,Success,0.0,KNNClassifier,NoPreprocessing,no_preprocessing,,,,,,,0.35000000000000003,largest,173.0,2.0,,,,,,,,
0.6148,0.6148,0.5505733331096753,3.965620994567871,"{'classifier:__choice__': 'KNNClassifier', 'data_preprocessor:__choice__': 'NoPreprocessing', 'feature_preprocessor:__choice__': 'no_preprocessing', 'classifier:KNNClassifier:contamination': 0.2, 'classifier:KNNClassifier:method': 'largest', 'classifier:KNNClassifier:n_neighbors': 179, 'classifier:KNNClassifier:p': 2}",15,Success,0.0,KNNClassifier,NoPreprocessing,no_preprocessing,,,,,,,0.2,largest,179.0,2.0,,,,,,,,
0.6152,0.6152,0.5507523612426677,3.9652457237243652,"{'classifier:__choice__': 'KNNClassifier', 'data_preprocessor:__choice__': 'NoPreprocessing', 'feature_preprocessor:__choice__': 'no_preprocessing', 'classifier:KNNClassifier:contamination': 0.35000000000000003, 'classifier:KNNClassifier:method': 'largest', 'classifier:KNNClassifier:n_neighbors': 181, 'classifier:KNNClassifier:p': 2}",14,Success,0.0,KNNClassifier,NoPreprocessing,no_preprocessing,,,,,,,0.35000000000000003,largest,181.0,2.0,,,,,,,,
0.6115999999999999,0.6115999999999999,0.5508327794937947,3.519998788833618,"{'classifier:__choice__': 'KNNClassifier', 'data_preprocessor:__choice__': 'NoPreprocessing', 'feature_preprocessor:__choice__': 'no_preprocessing', 'classifier:KNNClassifier:contamination': 0.25, 'classifier:KNNClassifier:method': 'largest', 'classifier:KNNClassifier:n_neighbors': 127, 'classifier:KNNClassifier:p': 2}",27,Success,0.0,KNNClassifier,NoPreprocessing,no_preprocessing,,,,,,,0.25,largest,127.0,2.0,,,,,,,,
0.6324,0.6324,0.557769462268963,3.8120627403259277,"{'classifier:__choice__': 'KNNClassifier', 'data_preprocessor:__choice__': 'NoPreprocessing', 'feature_preprocessor:__choice__': 'no_preprocessing', 'classifier:KNNClassifier:contamination': 0.5, 'classifier:KNNClassifier:method': 'largest', 'classifier:KNNClassifier:n_neighbors': 18, 'classifier:KNNClassifier:p': 2}",4,Success,0.0,KNNClassifier,NoPreprocessing,no_preprocessing,,,,,,,0.5,largest,18.0,2.0,,,,,,,,
0.6192000000000001,0.6192000000000001,0.5552303960949714,3.6993672847747803,"{'classifier:__choice__': 'KNNClassifier', 'data_preprocessor:__choice__': 'NoPreprocessing', 'feature_preprocessor:__choice__': 'no_preprocessing', 'classifier:KNNClassifier:contamination': 0.35000000000000003, 'classifier:KNNClassifier:method': 'largest', 'classifier:KNNClassifier:n_neighbors': 61, 'classifier:KNNClassifier:p': 2}",10,Success,0.0,KNNClassifier,NoPreprocessing,no_preprocessing,,,,,,,0.35000000000000003,largest,61.0,2.0,,,,,,,,
0.6208,0.6208,0.5572056844691133,3.726853847503662,"{'classifier:__choice__': 'KNNClassifier', 'data_preprocessor:__choice__': 'NoPreprocessing', 'feature_preprocessor:__choice__': 'no_preprocessing', 'classifier:KNNClassifier:contamination': 0.35000000000000003, 'classifier:KNNClassifier:method': 'largest', 'classifier:KNNClassifier:n_neighbors': 53, 'classifier:KNNClassifier:p': 2}",8,Success,0.0,KNNClassifier,NoPreprocessing,no_preprocessing,,,,,,,0.35000000000000003,largest,53.0,2.0,,,,,,,,
0.6112,0.6112,0.5506755682839519,3.93454647064209,"{'classifier:__choice__': 'KNNClassifier', 'data_preprocessor:__choice__': 'NoPreprocessing', 'feature_preprocessor:__choice__': 'no_preprocessing', 'classifier:KNNClassifier:contamination': 0.2, 'classifier:KNNClassifier:method': 'largest', 'classifier:KNNClassifier:n_neighbors': 129, 'classifier:KNNClassifier:p': 2}",28,Success,0.0,KNNClassifier,NoPreprocessing,no_preprocessing,,,,,,,0.2,largest,129.0,2.0,,,,,,,,
0.4908,0.4908,0.5209659031190785,1.8947789669036865,"{'classifier:__choice__': 'LOFClassifier', 'data_preprocessor:__choice__': 'NoPreprocessing', 'feature_preprocessor:__choice__': 'no_preprocessing', 'classifier:LOFClassifier:contamination': 0.15000000000000002, 'classifier:LOFClassifier:n_neighbors': 136, 'classifier:LOFClassifier:p': 2}",16,Success,0.0,LOFClassifier,NoPreprocessing,no_preprocessing,,,,,,,,,,,0.15000000000000002,136.0,2.0,,,,,
0.45640000000000003,0.45640000000000003,0.49989474478717466,1.6545679569244385,"{'classifier:__choice__': 'LOFClassifier', 'data_preprocessor:__choice__': 'NoPreprocessing', 'feature_preprocessor:__choice__': 'no_preprocessing', 'classifier:LOFClassifier:contamination': 0.5, 'classifier:LOFClassifier:n_neighbors': 77, 'classifier:LOFClassifier:p': 2}",44,Success,0.0,LOFClassifier,NoPreprocessing,no_preprocessing,,,,,,,,,,,0.5,77.0,2.0,,,,,
0.46440000000000003,0.46440000000000003,0.4979539816910652,1.733198881149292,"{'classifier:__choice__': 'LOFClassifier', 'data_preprocessor:__choice__': 'NoPreprocessing', 'feature_preprocessor:__choice__': 'no_preprocessing', 'classifier:LOFClassifier:contamination': 0.3, 'classifier:LOFClassifier:n_neighbors': 19, 'classifier:LOFClassifier:p': 2}",36,Success,0.0,LOFClassifier,NoPreprocessing,no_preprocessing,,,,,,,,,,,0.3,19.0,2.0,,,,,
0.44920000000000004,0.44920000000000004,0.5270626473246933,1.7614715099334717,"{'classifier:__choice__': 'LOFClassifier', 'data_preprocessor:__choice__': 'NoPreprocessing', 'feature_preprocessor:__choice__': 'no_preprocessing', 'classifier:LOFClassifier:contamination': 0.4, 'classifier:LOFClassifier:n_neighbors': 47, 'classifier:LOFClassifier:p': 2}",47,Success,0.0,LOFClassifier,NoPreprocessing,no_preprocessing,,,,,,,,,,,0.4,47.0,2.0,,,,,
0.5104,0.5104,0.5311543894395587,1.6849687099456787,"{'classifier:__choice__': 'LOFClassifier', 'data_preprocessor:__choice__': 'NoPreprocessing', 'feature_preprocessor:__choice__': 'no_preprocessing', 'classifier:LOFClassifier:contamination': 0.25, 'classifier:LOFClassifier:n_neighbors': 165, 'classifier:LOFClassifier:p': 2}",12,Success,0.0,LOFClassifier,NoPreprocessing,no_preprocessing,,,,,,,,,,,0.25,165.0,2.0,,,,,
0.45840000000000003,0.45840000000000003,0.49614431936478276,1.7066845893859863,"{'classifier:__choice__': 'LOFClassifier', 'data_preprocessor:__choice__': 'NoPreprocessing', 'feature_preprocessor:__choice__': 'no_preprocessing', 'classifier:LOFClassifier:contamination': 0.1, 'classifier:LOFClassifier:n_neighbors': 20, 'classifier:LOFClassifier:p': 2}",38,Success,0.0,LOFClassifier,NoPreprocessing,no_preprocessing,,,,,,,,,,,0.1,20.0,2.0,,,,,
0.47520000000000007,0.47520000000000007,0.5038437523823008,1.8039374351501465,"{'classifier:__choice__': 'LOFClassifier', 'data_preprocessor:__choice__': 'NoPreprocessing', 'feature_preprocessor:__choice__': 'no_preprocessing', 'classifier:LOFClassifier:contamination': 0.5, 'classifier:LOFClassifier:n_neighbors': 17, 'classifier:LOFClassifier:p': 2}",26,Success,0.0,LOFClassifier,NoPreprocessing,no_preprocessing,,,,,,,,,,,0.5,17.0,2.0,,,,,
0.4628,0.4628,0.5070557710739575,1.6162316799163818,"{'classifier:__choice__': 'LOFClassifier', 'data_preprocessor:__choice__': 'NoPreprocessing', 'feature_preprocessor:__choice__': 'no_preprocessing', 'classifier:LOFClassifier:contamination': 0.5, 'classifier:LOFClassifier:n_neighbors': 91, 'classifier:LOFClassifier:p': 2}",37,Success,0.0,LOFClassifier,NoPreprocessing,no_preprocessing,,,,,,,,,,,0.5,91.0,2.0,,,,,
0.47520000000000007,0.47520000000000007,0.5145226383467258,1.9264814853668213,"{'classifier:__choice__': 'LOFClassifier', 'data_preprocessor:__choice__': 'NoPreprocessing', 'feature_preprocessor:__choice__': 'no_preprocessing', 'classifier:LOFClassifier:contamination': 0.05, 'classifier:LOFClassifier:n_neighbors': 113, 'classifier:LOFClassifier:p': 2}",26,Success,0.0,LOFClassifier,NoPreprocessing,no_preprocessing,,,,,,,,,,,0.05,113.0,2.0,,,,,
0.4388000000000001,0.4388000000000001,0.488468127927682,1.7266383171081543,"{'classifier:__choice__': 'LOFClassifier', 'data_preprocessor:__choice__': 'NoPreprocessing', 'feature_preprocessor:__choice__': 'no_preprocessing', 'classifier:LOFClassifier:contamination': 0.15000000000000002, 'classifier:LOFClassifier:n_neighbors': 29, 'classifier:LOFClassifier:p': 2}",53,Success,0.0,LOFClassifier,NoPreprocessing,no_preprocessing,,,,,,,,,,,0.15000000000000002,29.0,2.0,,,,,
0.45599999999999996,0.45599999999999996,0.49906393142820726,1.766638994216919,"{'classifier:__choice__': 'LOFClassifier', 'data_preprocessor:__choice__': 'NoPreprocessing', 'feature_preprocessor:__choice__': 'no_preprocessing', 'classifier:LOFClassifier:contamination': 0.2, 'classifier:LOFClassifier:n_neighbors': 75, 'classifier:LOFClassifier:p': 2}",45,Success,0.0,LOFClassifier,NoPreprocessing,no_preprocessing,,,,,,,,,,,0.2,75.0,2.0,,,,,
0.47520000000000007,0.47520000000000007,0.5038437523823008,1.562488079071045,"{'classifier:__choice__': 'LOFClassifier', 'data_preprocessor:__choice__': 'NoPreprocessing', 'feature_preprocessor:__choice__': 'no_preprocessing', 'classifier:LOFClassifier:contamination': 0.2, 'classifier:LOFClassifier:n_neighbors': 17, 'classifier:LOFClassifier:p': 2}",26,Success,0.0,LOFClassifier,NoPreprocessing,no_preprocessing,,,,,,,,,,,0.2,17.0,2.0,,,,,
0.4788,0.4788,0.5147771604382687,1.8229238986968994,"{'classifier:__choice__': 'LOFClassifier', 'data_preprocessor:__choice__': 'NoPreprocessing', 'feature_preprocessor:__choice__': 'no_preprocessing', 'classifier:LOFClassifier:contamination': 0.25, 'classifier:LOFClassifier:n_neighbors': 117, 'classifier:LOFClassifier:p': 2}",25,Success,0.0,LOFClassifier,NoPreprocessing,no_preprocessing,,,,,,,,,,,0.25,117.0,2.0,,,,,
0.46920000000000006,0.46920000000000006,0.5119693861647465,1.9344274997711182,"{'classifier:__choice__': 'LOFClassifier', 'data_preprocessor:__choice__': 'NoPreprocessing', 'feature_preprocessor:__choice__': 'no_preprocessing', 'classifier:LOFClassifier:contamination': 0.5, 'classifier:LOFClassifier:n_neighbors': 103, 'classifier:LOFClassifier:p': 2}",32,Success,0.0,LOFClassifier,NoPreprocessing,no_preprocessing,,,,,,,,,,,0.5,103.0,2.0,,,,,
0.472,0.472,0.5132309396552523,1.659548282623291,"{'classifier:__choice__': 'LOFClassifier', 'data_preprocessor:__choice__': 'NoPreprocessing', 'feature_preprocessor:__choice__': 'no_preprocessing', 'classifier:LOFClassifier:contamination': 0.4, 'classifier:LOFClassifier:n_neighbors': 109, 'classifier:LOFClassifier:p': 2}",30,Success,0.0,LOFClassifier,NoPreprocessing,no_preprocessing,,,,,,,,,,,0.4,109.0,2.0,,,,,
0.42479999999999996,0.42479999999999996,0.4752064461041351,1.7620162963867188,"{'classifier:__choice__': 'LOFClassifier', 'data_preprocessor:__choice__': 'NoPreprocessing', 'feature_preprocessor:__choice__': 'no_preprocessing', 'classifier:LOFClassifier:contamination': 0.05, 'classifier:LOFClassifier:n_neighbors': 33, 'classifier:LOFClassifier:p': 2}",57,Success,0.0,LOFClassifier,NoPreprocessing,no_preprocessing,,,,,,,,,,,0.05,33.0,2.0,,,,,
0.48360000000000003,0.48360000000000003,0.5186415712686194,2.1296346187591553,"{'classifier:__choice__': 'LOFClassifier', 'data_preprocessor:__choice__': 'NoPreprocessing', 'feature_preprocessor:__choice__': 'no_preprocessing', 'classifier:LOFClassifier:contamination': 0.45, 'classifier:LOFClassifier:n_neighbors': 130, 'classifier:LOFClassifier:p': 2}",22,Success,0.0,LOFClassifier,NoPreprocessing,no_preprocessing,,,,,,,,,,,0.45,130.0,2.0,,,,,
0.45799999999999996,0.45799999999999996,0.5031332043100164,1.6994094848632812,"{'classifier:__choice__': 'LOFClassifier', 'data_preprocessor:__choice__': 'NoPreprocessing', 'feature_preprocessor:__choice__': 'no_preprocessing', 'classifier:LOFClassifier:contamination': 0.5, 'classifier:LOFClassifier:n_neighbors': 84, 'classifier:LOFClassifier:p': 2}",39,Success,0.0,LOFClassifier,NoPreprocessing,no_preprocessing,,,,,,,,,,,0.5,84.0,2.0,,,,,
0.45720000000000005,0.45720000000000005,0.5135570983794342,1.8262615203857422,"{'classifier:__choice__': 'LOFClassifier', 'data_preprocessor:__choice__': 'NoPreprocessing', 'feature_preprocessor:__choice__': 'no_preprocessing', 'classifier:LOFClassifier:contamination': 0.5, 'classifier:LOFClassifier:n_neighbors': 67, 'classifier:LOFClassifier:p': 2}",41,Success,0.0,LOFClassifier,NoPreprocessing,no_preprocessing,,,,,,,,,,,0.5,67.0,2.0,,,,,
0.47520000000000007,0.47520000000000007,0.5145226383467258,1.8565826416015625,"{'classifier:__choice__': 'LOFClassifier', 'data_preprocessor:__choice__': 'NoPreprocessing', 'feature_preprocessor:__choice__': 'no_preprocessing', 'classifier:LOFClassifier:contamination': 0.25, 'classifier:LOFClassifier:n_neighbors': 113, 'classifier:LOFClassifier:p': 2}",26,Success,0.0,LOFClassifier,NoPreprocessing,no_preprocessing,,,,,,,,,,,0.25,113.0,2.0,,,,,
0.516,0.516,0.5344315518298662,1.7902641296386719,"{'classifier:__choice__': 'LOFClassifier', 'data_preprocessor:__choice__': 'NoPreprocessing', 'feature_preprocessor:__choice__': 'no_preprocessing', 'classifier:LOFClassifier:contamination': 0.35000000000000003, 'classifier:LOFClassifier:n_neighbors': 173, 'classifier:LOFClassifier:p': 2}",10,Success,0.0,LOFClassifier,NoPreprocessing,no_preprocessing,,,,,,,,,,,0.35000000000000003,173.0,2.0,,,,,
0.524,0.524,0.5377756711999713,1.8821954727172852,"{'classifier:__choice__': 'LOFClassifier', 'data_preprocessor:__choice__': 'NoPreprocessing', 'feature_preprocessor:__choice__': 'no_preprocessing', 'classifier:LOFClassifier:contamination': 0.2, 'classifier:LOFClassifier:n_neighbors': 179, 'classifier:LOFClassifier:p': 2}",7,Success,0.0,LOFClassifier,NoPreprocessing,no_preprocessing,,,,,,,,,,,0.2,179.0,2.0,,,,,
0.5264,0.5264,0.5390645876639686,1.790245771408081,"{'classifier:__choice__': 'LOFClassifier', 'data_preprocessor:__choice__': 'NoPreprocessing', 'feature_preprocessor:__choice__': 'no_preprocessing', 'classifier:LOFClassifier:contamination': 0.35000000000000003, 'classifier:LOFClassifier:n_neighbors': 181, 'classifier:LOFClassifier:p': 2}",5,Success,0.0,LOFClassifier,NoPreprocessing,no_preprocessing,,,,,,,,,,,0.35000000000000003,181.0,2.0,,,,,
0.48560000000000003,0.48560000000000003,0.5191880343508584,1.762817621231079,"{'classifier:__choice__': 'LOFClassifier', 'data_preprocessor:__choice__': 'NoPreprocessing', 'feature_preprocessor:__choice__': 'no_preprocessing', 'classifier:LOFClassifier:contamination': 0.25, 'classifier:LOFClassifier:n_neighbors': 127, 'classifier:LOFClassifier:p': 2}",19,Success,0.0,LOFClassifier,NoPreprocessing,no_preprocessing,,,,,,,,,,,0.25,127.0,2.0,,,,,
0.472,0.472,0.4996233676109174,1.8010811805725098,"{'classifier:__choice__': 'LOFClassifier', 'data_preprocessor:__choice__': 'NoPreprocessing', 'feature_preprocessor:__choice__': 'no_preprocessing', 'classifier:LOFClassifier:contamination': 0.5, 'classifier:LOFClassifier:n_neighbors': 18, 'classifier:LOFClassifier:p': 2}",30,Success,0.0,LOFClassifier,NoPreprocessing,no_preprocessing,,,,,,,,,,,0.5,18.0,2.0,,,,,
0.45320000000000005,0.45320000000000005,0.5152740684677404,1.9127371311187744,"{'classifier:__choice__': 'LOFClassifier', 'data_preprocessor:__choice__': 'NoPreprocessing', 'feature_preprocessor:__choice__': 'no_preprocessing', 'classifier:LOFClassifier:contamination': 0.35000000000000003, 'classifier:LOFClassifier:n_neighbors': 61, 'classifier:LOFClassifier:p': 2}",46,Success,0.0,LOFClassifier,NoPreprocessing,no_preprocessing,,,,,,,,,,,0.35000000000000003,61.0,2.0,,,,,
0.4448,0.4448,0.5068673695194452,1.5987446308135986,"{'classifier:__choice__': 'LOFClassifier', 'data_preprocessor:__choice__': 'NoPreprocessing', 'feature_preprocessor:__choice__': 'no_preprocessing', 'classifier:LOFClassifier:contamination': 0.35000000000000003, 'classifier:LOFClassifier:n_neighbors': 53, 'classifier:LOFClassifier:p': 2}",49,Success,0.0,LOFClassifier,NoPreprocessing,no_preprocessing,,,,,,,,,,,0.35000000000000003,53.0,2.0,,,,,
0.48439999999999994,0.48439999999999994,0.5189000140868684,1.9598743915557861,"{'classifier:__choice__': 'LOFClassifier', 'data_preprocessor:__choice__': 'NoPreprocessing', 'feature_preprocessor:__choice__': 'no_preprocessing', 'classifier:LOFClassifier:contamination': 0.2, 'classifier:LOFClassifier:n_neighbors': 129, 'classifier:LOFClassifier:p': 2}",21,Success,0.0,LOFClassifier,NoPreprocessing,no_preprocessing,,,,,,,,,,,0.2,129.0,2.0,,,,,
0.46919999999999995,0.46919999999999995,0.5120677182365353,1.9087231159210205,"{'classifier:__choice__': 'LOFClassifier', 'data_preprocessor:__choice__': 'NoPreprocessing', 'feature_preprocessor:__choice__': 'no_preprocessing', 'classifier:LOFClassifier:contamination': 0.4, 'classifier:LOFClassifier:n_neighbors': 105, 'classifier:LOFClassifier:p': 2}",34,Success,0.0,LOFClassifier,NoPreprocessing,no_preprocessing,,,,,,,,,,,0.4,105.0,2.0,,,,,
0.5264,0.5264,0.5390645876639686,1.7743427753448486,"{'classifier:__choice__': 'LOFClassifier', 'data_preprocessor:__choice__': 'NoPreprocessing', 'feature_preprocessor:__choice__': 'no_preprocessing', 'classifier:LOFClassifier:contamination': 0.5, 'classifier:LOFClassifier:n_neighbors': 181, 'classifier:LOFClassifier:p': 2}",5,Success,0.0,LOFClassifier,NoPreprocessing,no_preprocessing,,,,,,,,,,,0.5,181.0,2.0,,,,,
0.44920000000000004,0.44920000000000004,0.5270626473246933,1.64048433303833,"{'classifier:__choice__': 'LOFClassifier', 'data_preprocessor:__choice__': 'NoPreprocessing', 'feature_preprocessor:__choice__': 'no_preprocessing', 'classifier:LOFClassifier:contamination': 0.05, 'classifier:LOFClassifier:n_neighbors': 47, 'classifier:LOFClassifier:p': 2}",47,Success,0.0,LOFClassifier,NoPreprocessing,no_preprocessing,,,,,,,,,,,0.05,47.0,2.0,,,,,
0.5184,0.5184,0.5352458999649672,2.0419673919677734,"{'classifier:__choice__': 'LOFClassifier', 'data_preprocessor:__choice__': 'NoPreprocessing', 'feature_preprocessor:__choice__': 'no_preprocessing', 'classifier:LOFClassifier:contamination': 0.3, 'classifier:LOFClassifier:n_neighbors': 176, 'classifier:LOFClassifier:p': 2}",8,Success,0.0,LOFClassifier,NoPreprocessing,no_preprocessing,,,,,,,,,,,0.3,176.0,2.0,,,,,
0.5176000000000001,0.5176000000000001,0.5348862439444346,1.748215913772583,"{'classifier:__choice__': 'LOFClassifier', 'data_preprocessor:__choice__': 'NoPreprocessing', 'feature_preprocessor:__choice__': 'no_preprocessing', 'classifier:LOFClassifier:contamination': 0.25, 'classifier:LOFClassifier:n_neighbors': 175, 'classifier:LOFClassifier:p': 2}",9,Success,0.0,LOFClassifier,NoPreprocessing,no_preprocessing,,,,,,,,,,,0.25,175.0,2.0,,,,,
0.5344,0.5344,0.5418004990769227,1.9058287143707275,"{'classifier:__choice__': 'LOFClassifier', 'data_preprocessor:__choice__': 'NoPreprocessing', 'feature_preprocessor:__choice__': 'no_preprocessing', 'classifier:LOFClassifier:contamination': 0.25, 'classifier:LOFClassifier:n_neighbors': 193, 'classifier:LOFClassifier:p': 2}",1,Success,0.0,LOFClassifier,NoPreprocessing,no_preprocessing,,,,,,,,,,,0.25,193.0,2.0,,,,,
0.46920000000000006,0.46920000000000006,0.5119693861647465,1.9490728378295898,"{'classifier:__choice__': 'LOFClassifier', 'data_preprocessor:__choice__': 'NoPreprocessing', 'feature_preprocessor:__choice__': 'no_preprocessing', 'classifier:LOFClassifier:contamination': 0.4, 'classifier:LOFClassifier:n_neighbors': 103, 'classifier:LOFClassifier:p': 2}",32,Success,0.0,LOFClassifier,NoPreprocessing,no_preprocessing,,,,,,,,,,,0.4,103.0,2.0,,,,,
0.4908,0.4908,0.5209659031190785,1.9386074542999268,"{'classifier:__choice__': 'LOFClassifier', 'data_preprocessor:__choice__': 'NoPreprocessing', 'feature_preprocessor:__choice__': 'no_preprocessing', 'classifier:LOFClassifier:contamination': 0.2, 'classifier:LOFClassifier:n_neighbors': 136, 'classifier:LOFClassifier:p': 2}",16,Success,0.0,LOFClassifier,NoPreprocessing,no_preprocessing,,,,,,,,,,,0.2,136.0,2.0,,,,,
0.5344,0.5344,0.5400901933148882,2.0543088912963867,"{'classifier:__choice__': 'LOFClassifier', 'data_preprocessor:__choice__': 'NoPreprocessing', 'feature_preprocessor:__choice__': 'no_preprocessing', 'classifier:LOFClassifier:contamination': 0.3, 'classifier:LOFClassifier:n_neighbors': 196, 'classifier:LOFClassifier:p': 2}",1,Success,0.0,LOFClassifier,NoPreprocessing,no_preprocessing,,,,,,,,,,,0.3,196.0,2.0,,,,,
0.5072,0.5072,0.5293031791350705,1.7345242500305176,"{'classifier:__choice__': 'LOFClassifier', 'data_preprocessor:__choice__': 'NoPreprocessing', 'feature_preprocessor:__choice__': 'no_preprocessing', 'classifier:LOFClassifier:contamination': 0.35000000000000003, 'classifier:LOFClassifier:n_neighbors': 163, 'classifier:LOFClassifier:p': 2}",13,Success,0.0,LOFClassifier,NoPreprocessing,no_preprocessing,,,,,,,,,,,0.35000000000000003,163.0,2.0,,,,,
0.4312,0.4312,0.49143880771593884,1.8059494495391846,"{'classifier:__choice__': 'LOFClassifier', 'data_preprocessor:__choice__': 'NoPreprocessing', 'feature_preprocessor:__choice__': 'no_preprocessing', 'classifier:LOFClassifier:contamination': 0.05, 'classifier:LOFClassifier:n_neighbors': 40, 'classifier:LOFClassifier:p': 2}",55,Success,0.0,LOFClassifier,NoPreprocessing,no_preprocessing,,,,,,,,,,,0.05,40.0,2.0,,,,,
0.49839999999999995,0.49839999999999995,0.525366458532997,1.954972267150879,"{'classifier:__choice__': 'LOFClassifier', 'data_preprocessor:__choice__': 'NoPreprocessing', 'feature_preprocessor:__choice__': 'no_preprocessing', 'classifier:LOFClassifier:contamination': 0.2, 'classifier:LOFClassifier:n_neighbors': 149, 'classifier:LOFClassifier:p': 2}",15,Success,0.0,LOFClassifier,NoPreprocessing,no_preprocessing,,,,,,,,,,,0.2,149.0,2.0,,,,,
0.5112000000000001,0.5112000000000001,0.5315432915484422,2.014937162399292,"{'classifier:__choice__': 'LOFClassifier', 'data_preprocessor:__choice__': 'NoPreprocessing', 'feature_preprocessor:__choice__': 'no_preprocessing', 'classifier:LOFClassifier:contamination': 0.2, 'classifier:LOFClassifier:n_neighbors': 166, 'classifier:LOFClassifier:p': 2}",11,Success,0.0,LOFClassifier,NoPreprocessing,no_preprocessing,,,,,,,,,,,0.2,166.0,2.0,,,,,
0.5068,0.5068,0.5295160281098265,1.916179895401001,"{'classifier:__choice__': 'LOFClassifier', 'data_preprocessor:__choice__': 'NoPreprocessing', 'feature_preprocessor:__choice__': 'no_preprocessing', 'classifier:LOFClassifier:contamination': 0.05, 'classifier:LOFClassifier:n_neighbors': 160, 'classifier:LOFClassifier:p': 2}",14,Success,0.0,LOFClassifier,NoPreprocessing,no_preprocessing,,,,,,,,,,,0.05,160.0,2.0,,,,,
0.4852000000000001,0.4852000000000001,0.5097287934708622,1.7520291805267334,"{'classifier:__choice__': 'LOFClassifier', 'data_preprocessor:__choice__': 'NoPreprocessing', 'feature_preprocessor:__choice__': 'no_preprocessing', 'classifier:LOFClassifier:contamination': 0.2, 'classifier:LOFClassifier:n_neighbors': 16, 'classifier:LOFClassifier:p': 2}",20,Success,0.0,LOFClassifier,NoPreprocessing,no_preprocessing,,,,,,,,,,,0.2,16.0,2.0,,,,,
0.48360000000000003,0.48360000000000003,0.5186415712686194,1.8764727115631104,"{'classifier:__choice__': 'LOFClassifier', 'data_preprocessor:__choice__': 'NoPreprocessing', 'feature_preprocessor:__choice__': 'no_preprocessing', 'classifier:LOFClassifier:contamination': 0.35000000000000003, 'classifier:LOFClassifier:n_neighbors': 130, 'classifier:LOFClassifier:p': 2}",22,Success,0.0,LOFClassifier,NoPreprocessing,no_preprocessing,,,,,,,,,,,0.35000000000000003,130.0,2.0,,,,,
0.4416,0.4416,0.4975021504634587,1.8081903457641602,"{'classifier:__choice__': 'LOFClassifier', 'data_preprocessor:__choice__': 'NoPreprocessing', 'feature_preprocessor:__choice__': 'no_preprocessing', 'classifier:LOFClassifier:contamination': 0.2, 'classifier:LOFClassifier:n_neighbors': 24, 'classifier:LOFClassifier:p': 2}",52,Success,0.0,LOFClassifier,NoPreprocessing,no_preprocessing,,,,,,,,,,,0.2,24.0,2.0,,,,,
0.45719999999999994,0.45719999999999994,0.4988994410761156,1.900094985961914,"{'classifier:__choice__': 'LOFClassifier', 'data_preprocessor:__choice__': 'NoPreprocessing', 'feature_preprocessor:__choice__': 'no_preprocessing', 'classifier:LOFClassifier:contamination': 0.4, 'classifier:LOFClassifier:n_neighbors': 73, 'classifier:LOFClassifier:p': 2}",43,Success,0.0,LOFClassifier,NoPreprocessing,no_preprocessing,,,,,,,,,,,0.4,73.0,2.0,,,,,
0.4448,0.4448,0.49236897189976214,1.5528669357299805,"{'classifier:__choice__': 'LOFClassifier', 'data_preprocessor:__choice__': 'NoPreprocessing', 'feature_preprocessor:__choice__': 'no_preprocessing', 'classifier:LOFClassifier:contamination': 0.1, 'classifier:LOFClassifier:n_neighbors': 28, 'classifier:LOFClassifier:p': 2}",49,Success,0.0,LOFClassifier,NoPreprocessing,no_preprocessing,,,,,,,,,,,0.1,28.0,2.0,,,,,
0.4252,0.4252,0.4740642908361188,1.876962661743164,"{'classifier:__choice__': 'LOFClassifier', 'data_preprocessor:__choice__': 'NoPreprocessing', 'feature_preprocessor:__choice__': 'no_preprocessing', 'classifier:LOFClassifier:contamination': 0.25, 'classifier:LOFClassifier:n_neighbors': 34, 'classifier:LOFClassifier:p': 2}",56,Success,0.0,LOFClassifier,NoPreprocessing,no_preprocessing,,,,,,,,,,,0.25,34.0,2.0,,,,,
0.45720000000000005,0.45720000000000005,0.520424179086321,2.0779521465301514,"{'classifier:__choice__': 'LOFClassifier', 'data_preprocessor:__choice__': 'NoPreprocessing', 'feature_preprocessor:__choice__': 'no_preprocessing', 'classifier:LOFClassifier:contamination': 0.05, 'classifier:LOFClassifier:n_neighbors': 57, 'classifier:LOFClassifier:p': 2}",41,Success,0.0,LOFClassifier,NoPreprocessing,no_preprocessing,,,,,,,,,,,0.05,57.0,2.0,,,,,
0.49039999999999995,0.49039999999999995,0.5201437860286083,1.6029865741729736,"{'classifier:__choice__': 'LOFClassifier', 'data_preprocessor:__choice__': 'NoPreprocessing', 'feature_preprocessor:__choice__': 'no_preprocessing', 'classifier:LOFClassifier:contamination': 0.5, 'classifier:LOFClassifier:n_neighbors': 13, 'classifier:LOFClassifier:p': 2}",18,Success,0.0,LOFClassifier,NoPreprocessing,no_preprocessing,,,,,,,,,,,0.5,13.0,2.0,,,,,
0.4388000000000001,0.4388000000000001,0.488468127927682,1.782163381576538,"{'classifier:__choice__': 'LOFClassifier', 'data_preprocessor:__choice__': 'NoPreprocessing', 'feature_preprocessor:__choice__': 'no_preprocessing', 'classifier:LOFClassifier:contamination': 0.05, 'classifier:LOFClassifier:n_neighbors': 29, 'classifier:LOFClassifier:p': 2}",53,Success,0.0,LOFClassifier,NoPreprocessing,no_preprocessing,,,,,,,,,,,0.05,29.0,2.0,,,,,
0.44399999999999995,0.44399999999999995,0.5164019740110695,1.8344392776489258,"{'classifier:__choice__': 'LOFClassifier', 'data_preprocessor:__choice__': 'NoPreprocessing', 'feature_preprocessor:__choice__': 'no_preprocessing', 'classifier:LOFClassifier:contamination': 0.45, 'classifier:LOFClassifier:n_neighbors': 52, 'classifier:LOFClassifier:p': 2}",51,Success,0.0,LOFClassifier,NoPreprocessing,no_preprocessing,,,,,,,,,,,0.45,52.0,2.0,,,,,
0.45799999999999996,0.45799999999999996,0.5031332043100164,1.6565220355987549,"{'classifier:__choice__': 'LOFClassifier', 'data_preprocessor:__choice__': 'NoPreprocessing', 'feature_preprocessor:__choice__': 'no_preprocessing', 'classifier:LOFClassifier:contamination': 0.2, 'classifier:LOFClassifier:n_neighbors': 84, 'classifier:LOFClassifier:p': 2}",39,Success,0.0,LOFClassifier,NoPreprocessing,no_preprocessing,,,,,,,,,,,0.2,84.0,2.0,,,,,
0.47920000000000007,0.47920000000000007,0.5165888266600394,1.861699104309082,"{'classifier:__choice__': 'LOFClassifier', 'data_preprocessor:__choice__': 'NoPreprocessing', 'feature_preprocessor:__choice__': 'no_preprocessing', 'classifier:LOFClassifier:contamination': 0.2, 'classifier:LOFClassifier:n_neighbors': 116, 'classifier:LOFClassifier:p': 2}",24,Success,0.0,LOFClassifier,NoPreprocessing,no_preprocessing,,,,,,,,,,,0.2,116.0,2.0,,,,,
0.4676,0.4676,0.509828718536679,1.9431562423706055,"{'classifier:__choice__': 'LOFClassifier', 'data_preprocessor:__choice__': 'NoPreprocessing', 'feature_preprocessor:__choice__': 'no_preprocessing', 'classifier:LOFClassifier:contamination': 0.3, 'classifier:LOFClassifier:n_neighbors': 94, 'classifier:LOFClassifier:p': 2}",35,Success,0.0,LOFClassifier,NoPreprocessing,no_preprocessing,,,,,,,,,,,0.3,94.0,2.0,,,,,
0.5327999999999999,0.5327999999999999,0.5407428285477311,2.080188035964966,"{'classifier:__choice__': 'LOFClassifier', 'data_preprocessor:__choice__': 'NoPreprocessing', 'feature_preprocessor:__choice__': 'no_preprocessing', 'classifier:LOFClassifier:contamination': 0.45, 'classifier:LOFClassifier:n_neighbors': 189, 'classifier:LOFClassifier:p': 2}",3,Success,0.0,LOFClassifier,NoPreprocessing,no_preprocessing,,,,,,,,,,,0.45,189.0,2.0,,,,,
0.5271999999999999,0.5271999999999999,0.5386165017519954,1.757964849472046,"{'classifier:__choice__': 'LOFClassifier', 'data_preprocessor:__choice__': 'NoPreprocessing', 'feature_preprocessor:__choice__': 'no_preprocessing', 'classifier:LOFClassifier:contamination': 0.1, 'classifier:LOFClassifier:n_neighbors': 182, 'classifier:LOFClassifier:p': 2}",4,Success,0.0,LOFClassifier,NoPreprocessing,no_preprocessing,,,,,,,,,,,0.1,182.0,2.0,,,,,
0.0,,,1.0114731788635254,"{'classifier:__choice__': 'LOFClassifier', 'data_preprocessor:__choice__': 'NoPreprocessing', 'feature_preprocessor:__choice__': 'no_preprocessing', 'classifier:LOFClassifier:contamination': 0.15000000000000002, 'classifier:LOFClassifier:n_neighbors': 119, 'classifier:LOFClassifier:p': 2}",58,Timeout,0.0,LOFClassifier,NoPreprocessing,no_preprocessing,,,,,,,,,,,0.15000000000000002,119.0,2.0,,,,,
0.21799999999999997,0.21799999999999997,0.35513326847899696,3.649125099182129,"{'classifier:__choice__': 'CBLOFClassifier', 'data_preprocessor:__choice__': 'NoPreprocessing', 'feature_preprocessor:__choice__': 'no_preprocessing', 'classifier:CBLOFClassifier:alpha': 0.6, 'classifier:CBLOFClassifier:beta': 14, 'classifier:CBLOFClassifier:contamination': 0.5, 'classifier:CBLOFClassifier:n_clusters': 8, 'classifier:CBLOFClassifier:use_weights': 'False'}",25,Success,0.0,CBLOFClassifier,NoPreprocessing,no_preprocessing,,,,,,,,,,,,,,0.6,14.0,0.5,8.0,False
0.4184,0.4184,0.4479662024314901,3.26828670501709,"{'classifier:__choice__': 'CBLOFClassifier', 'data_preprocessor:__choice__': 'NoPreprocessing', 'feature_preprocessor:__choice__': 'no_preprocessing', 'classifier:CBLOFClassifier:alpha': 0.8, 'classifier:CBLOFClassifier:beta': 4, 'classifier:CBLOFClassifier:contamination': 0.4, 'classifier:CBLOFClassifier:n_clusters': 4, 'classifier:CBLOFClassifier:use_weights': 'False'}",4,Success,0.0,CBLOFClassifier,NoPreprocessing,no_preprocessing,,,,,,,,,,,,,,0.8,4.0,0.4,4.0,False
0.2136,0.2136,0.3539206601464817,3.223254919052124,"{'classifier:__choice__': 'CBLOFClassifier', 'data_preprocessor:__choice__': 'NoPreprocessing', 'feature_preprocessor:__choice__': 'no_preprocessing', 'classifier:CBLOFClassifier:alpha': 0.9, 'classifier:CBLOFClassifier:beta': 6, 'classifier:CBLOFClassifier:contamination': 0.1, 'classifier:CBLOFClassifier:n_clusters': 8, 'classifier:CBLOFClassifier:use_weights': 'False'}",29,Success,0.0,CBLOFClassifier,NoPreprocessing,no_preprocessing,,,,,,,,,,,,,,0.9,6.0,0.1,8.0,False
0.5712,0.5712,0.5518834257877734,2.9116334915161133,"{'classifier:__choice__': 'CBLOFClassifier', 'data_preprocessor:__choice__': 'NoPreprocessing', 'feature_preprocessor:__choice__': 'no_preprocessing', 'classifier:CBLOFClassifier:alpha': 0.75, 'classifier:CBLOFClassifier:beta': 18, 'classifier:CBLOFClassifier:contamination': 0.5, 'classifier:CBLOFClassifier:n_clusters': 2, 'classifier:CBLOFClassifier:use_weights': 'False'}",1,Success,0.0,CBLOFClassifier,NoPreprocessing,no_preprocessing,,,,,,,,,,,,,,0.75,18.0,0.5,2.0,False
0.0,,,0.970954179763794,"{'classifier:__choice__': 'CBLOFClassifier', 'data_preprocessor:__choice__': 'NoPreprocessing', 'feature_preprocessor:__choice__': 'no_preprocessing', 'classifier:CBLOFClassifier:alpha': 1.0, 'classifier:CBLOFClassifier:beta': 10, 'classifier:CBLOFClassifier:contamination': 0.05, 'classifier:CBLOFClassifier:n_clusters': 10, 'classifier:CBLOFClassifier:use_weights': 'False'}",31,Crash,0.0,CBLOFClassifier,NoPreprocessing,no_preprocessing,,,,,,,,,,,,,,1.0,10.0,0.05,10.0,False
0.21799999999999997,0.21799999999999997,0.35513326847899696,3.207392930984497,"{'classifier:__choice__': 'CBLOFClassifier', 'data_preprocessor:__choice__': 'NoPreprocessing', 'feature_preprocessor:__choice__': 'no_preprocessing', 'classifier:CBLOFClassifier:alpha': 0.6, 'classifier:CBLOFClassifier:beta': 4, 'classifier:CBLOFClassifier:contamination': 0.2, 'classifier:CBLOFClassifier:n_clusters': 8, 'classifier:CBLOFClassifier:use_weights': 'False'}",25,Success,0.0,CBLOFClassifier,NoPreprocessing,no_preprocessing,,,,,,,,,,,,,,0.6,4.0,0.2,8.0,False
0.3416,0.3416,0.42873185107961087,3.13671875,"{'classifier:__choice__': 'CBLOFClassifier', 'data_preprocessor:__choice__': 'NoPreprocessing', 'feature_preprocessor:__choice__': 'no_preprocessing', 'classifier:CBLOFClassifier:alpha': 0.7, 'classifier:CBLOFClassifier:beta': 4, 'classifier:CBLOFClassifier:contamination': 0.25, 'classifier:CBLOFClassifier:n_clusters': 10, 'classifier:CBLOFClassifier:use_weights': 'False'}",13,Success,0.0,CBLOFClassifier,NoPreprocessing,no_preprocessing,,,,,,,,,,,,,,0.7,4.0,0.25,10.0,False
0.0,,,1.0081520080566406,"{'classifier:__choice__': 'CBLOFClassifier', 'data_preprocessor:__choice__': 'NoPreprocessing', 'feature_preprocessor:__choice__': 'no_preprocessing', 'classifier:CBLOFClassifier:alpha': 1.0, 'classifier:CBLOFClassifier:beta': 12, 'classifier:CBLOFClassifier:contamination': 0.4, 'classifier:CBLOFClassifier:n_clusters': 10, 'classifier:CBLOFClassifier:use_weights': 'False'}",31,Crash,0.0,CBLOFClassifier,NoPreprocessing,no_preprocessing,,,,,,,,,,,,,,1.0,12.0,0.4,10.0,False
0.29159999999999997,0.29159999999999997,0.3814423381355969,3.2342233657836914,"{'classifier:__choice__': 'CBLOFClassifier', 'data_preprocessor:__choice__': 'NoPreprocessing', 'feature_preprocessor:__choice__': 'no_preprocessing', 'classifier:CBLOFClassifier:alpha': 0.5, 'classifier:CBLOFClassifier:beta': 4, 'classifier:CBLOFClassifier:contamination': 0.45, 'classifier:CBLOFClassifier:n_clusters': 12, 'classifier:CBLOFClassifier:use_weights': 'False'}",23,Success,0.0,CBLOFClassifier,NoPreprocessing,no_preprocessing,,,,,,,,,,,,,,0.5,4.0,0.45,12.0,False
0.0,,,0.9443826675415039,"{'classifier:__choice__': 'CBLOFClassifier', 'data_preprocessor:__choice__': 'NoPreprocessing', 'feature_preprocessor:__choice__': 'no_preprocessing', 'classifier:CBLOFClassifier:alpha': 1.0, 'classifier:CBLOFClassifier:beta': 10, 'classifier:CBLOFClassifier:contamination': 0.5, 'classifier:CBLOFClassifier:n_clusters': 6, 'classifier:CBLOFClassifier:use_weights': 'False'}",31,Crash,0.0,CBLOFClassifier,NoPreprocessing,no_preprocessing,,,,,,,,,,,,,,1.0,10.0,0.5,6.0,False
0.3016,0.3016,0.3825370575850854,3.2888360023498535,"{'classifier:__choice__': 'CBLOFClassifier', 'data_preprocessor:__choice__': 'NoPreprocessing', 'feature_preprocessor:__choice__': 'no_preprocessing', 'classifier:CBLOFClassifier:alpha': 0.75, 'classifier:CBLOFClassifier:beta': 12, 'classifier:CBLOFClassifier:contamination': 0.35000000000000003, 'classifier:CBLOFClassifier:n_clusters': 14, 'classifier:CBLOFClassifier:use_weights': 'False'}",21,Success,0.0,CBLOFClassifier,NoPreprocessing,no_preprocessing,,,,,,,,,,,,,,0.75,12.0,0.35000000000000003,14.0,False
0.36040000000000005,0.36040000000000005,0.40642445298679797,3.3864145278930664,"{'classifier:__choice__': 'CBLOFClassifier', 'data_preprocessor:__choice__': 'NoPreprocessing', 'feature_preprocessor:__choice__': 'no_preprocessing', 'classifier:CBLOFClassifier:alpha': 0.65, 'classifier:CBLOFClassifier:beta': 18, 'classifier:CBLOFClassifier:contamination': 0.35000000000000003, 'classifier:CBLOFClassifier:n_clusters': 16, 'classifier:CBLOFClassifier:use_weights': 'False'}",9,Success,0.0,CBLOFClassifier,NoPreprocessing,no_preprocessing,,,,,,,,,,,,,,0.65,18.0,0.35000000000000003,16.0,False
0.5712,0.5712,0.5518834257877734,2.950976848602295,"{'classifier:__choice__': 'CBLOFClassifier', 'data_preprocessor:__choice__': 'NoPreprocessing', 'feature_preprocessor:__choice__': 'no_preprocessing', 'classifier:CBLOFClassifier:alpha': 0.75, 'classifier:CBLOFClassifier:beta': 14, 'classifier:CBLOFClassifier:contamination': 0.5, 'classifier:CBLOFClassifier:n_clusters': 2, 'classifier:CBLOFClassifier:use_weights': 'False'}",1,Success,0.0,CBLOFClassifier,NoPreprocessing,no_preprocessing,,,,,,,,,,,,,,0.75,14.0,0.5,2.0,False
0.3116000000000001,0.3116000000000001,0.41683202541754794,3.288325548171997,"{'classifier:__choice__': 'CBLOFClassifier', 'data_preprocessor:__choice__': 'NoPreprocessing', 'feature_preprocessor:__choice__': 'no_preprocessing', 'classifier:CBLOFClassifier:alpha': 0.8500000000000001, 'classifier:CBLOFClassifier:beta': 8, 'classifier:CBLOFClassifier:contamination': 0.35000000000000003, 'classifier:CBLOFClassifier:n_clusters': 6, 'classifier:CBLOFClassifier:use_weights': 'False'}",17,Success,0.0,CBLOFClassifier,NoPreprocessing,no_preprocessing,,,,,,,,,,,,,,0.8500000000000001,8.0,0.35000000000000003,6.0,False
0.33840000000000003,0.33840000000000003,0.42791324960730726,3.188359260559082,"{'classifier:__choice__': 'CBLOFClassifier', 'data_preprocessor:__choice__': 'NoPreprocessing', 'feature_preprocessor:__choice__': 'no_preprocessing', 'classifier:CBLOFClassifier:alpha': 0.7, 'classifier:CBLOFClassifier:beta': 14, 'classifier:CBLOFClassifier:contamination': 0.4, 'classifier:CBLOFClassifier:n_clusters': 10, 'classifier:CBLOFClassifier:use_weights': 'False'}",15,Success,0.0,CBLOFClassifier,NoPreprocessing,no_preprocessing,,,,,,,,,,,,,,0.7,14.0,0.4,10.0,False
0.0,,,0.9544961452484131,"{'classifier:__choice__': 'CBLOFClassifier', 'data_preprocessor:__choice__': 'NoPreprocessing', 'feature_preprocessor:__choice__': 'no_preprocessing', 'classifier:CBLOFClassifier:alpha': 1.0, 'classifier:CBLOFClassifier:beta': 18, 'classifier:CBLOFClassifier:contamination': 0.05, 'classifier:CBLOFClassifier:n_clusters': 4, 'classifier:CBLOFClassifier:use_weights': 'False'}",31,Crash,0.0,CBLOFClassifier,NoPreprocessing,no_preprocessing,,,,,,,,,,,,,,1.0,18.0,0.05,4.0,False
0.3016,0.3016,0.3825370575850854,3.274388313293457,"{'classifier:__choice__': 'CBLOFClassifier', 'data_preprocessor:__choice__': 'NoPreprocessing', 'feature_preprocessor:__choice__': 'no_preprocessing', 'classifier:CBLOFClassifier:alpha': 0.75, 'classifier:CBLOFClassifier:beta': 18, 'classifier:CBLOFClassifier:contamination': 0.25, 'classifier:CBLOFClassifier:n_clusters': 14, 'classifier:CBLOFClassifier:use_weights': 'False'}",21,Success,0.0,CBLOFClassifier,NoPreprocessing,no_preprocessing,,,,,,,,,,,,,,0.75,18.0,0.25,14.0,False
0.33840000000000003,0.33840000000000003,0.42791324960730726,3.1659421920776367,"{'classifier:__choice__': 'CBLOFClassifier', 'data_preprocessor:__choice__': 'NoPreprocessing', 'feature_preprocessor:__choice__': 'no_preprocessing', 'classifier:CBLOFClassifier:alpha': 0.7, 'classifier:CBLOFClassifier:beta': 20, 'classifier:CBLOFClassifier:contamination': 0.4, 'classifier:CBLOFClassifier:n_clusters': 10, 'classifier:CBLOFClassifier:use_weights': 'False'}",15,Success,0.0,CBLOFClassifier,NoPreprocessing,no_preprocessing,,,,,,,,,,,,,,0.7,20.0,0.4,10.0,False
0.36040000000000005,0.36040000000000005,0.40642445298679797,3.359011173248291,"{'classifier:__choice__': 'CBLOFClassifier', 'data_preprocessor:__choice__': 'NoPreprocessing', 'feature_preprocessor:__choice__': 'no_preprocessing', 'classifier:CBLOFClassifier:alpha': 0.65, 'classifier:CBLOFClassifier:beta': 14, 'classifier:CBLOFClassifier:contamination': 0.3, 'classifier:CBLOFClassifier:n_clusters': 16, 'classifier:CBLOFClassifier:use_weights': 'False'}",9,Success,0.0,CBLOFClassifier,NoPreprocessing,no_preprocessing,,,,,,,,,,,,,,0.65,14.0,0.3,16.0,False
0.4184,0.4184,0.4479662024314901,3.1211862564086914,"{'classifier:__choice__': 'CBLOFClassifier', 'data_preprocessor:__choice__': 'NoPreprocessing', 'feature_preprocessor:__choice__': 'no_preprocessing', 'classifier:CBLOFClassifier:alpha': 0.8500000000000001, 'classifier:CBLOFClassifier:beta': 16, 'classifier:CBLOFClassifier:contamination': 0.05, 'classifier:CBLOFClassifier:n_clusters': 4, 'classifier:CBLOFClassifier:use_weights': 'False'}",4,Success,0.0,CBLOFClassifier,NoPreprocessing,no_preprocessing,,,,,,,,,,,,,,0.8500000000000001,16.0,0.05,4.0,False
0.3096,0.3096,0.3849602510311281,3.354565382003784,"{'classifier:__choice__': 'CBLOFClassifier', 'data_preprocessor:__choice__': 'NoPreprocessing', 'feature_preprocessor:__choice__': 'no_preprocessing', 'classifier:CBLOFClassifier:alpha': 0.7, 'classifier:CBLOFClassifier:beta': 16, 'classifier:CBLOFClassifier:contamination': 0.2, 'classifier:CBLOFClassifier:n_clusters': 14, 'classifier:CBLOFClassifier:use_weights': 'False'}",19,Success,0.0,CBLOFClassifier,NoPreprocessing,no_preprocessing,,,,,,,,,,,,,,0.7,16.0,0.2,14.0,False
0.5712,0.5712,0.5518834257877734,2.951744794845581,"{'classifier:__choice__': 'CBLOFClassifier', 'data_preprocessor:__choice__': 'NoPreprocessing', 'feature_preprocessor:__choice__': 'no_preprocessing', 'classifier:CBLOFClassifier:alpha': 0.5, 'classifier:CBLOFClassifier:beta': 16, 'classifier:CBLOFClassifier:contamination': 0.2, 'classifier:CBLOFClassifier:n_clusters': 2, 'classifier:CBLOFClassifier:use_weights': 'False'}",1,Success,0.0,CBLOFClassifier,NoPreprocessing,no_preprocessing,,,,,,,,,,,,,,0.5,16.0,0.2,2.0,False
0.4184,0.4184,0.4479662024314901,3.078191041946411,"{'classifier:__choice__': 'CBLOFClassifier', 'data_preprocessor:__choice__': 'NoPreprocessing', 'feature_preprocessor:__choice__': 'no_preprocessing', 'classifier:CBLOFClassifier:alpha': 0.8, 'classifier:CBLOFClassifier:beta': 14, 'classifier:CBLOFClassifier:contamination': 0.2, 'classifier:CBLOFClassifier:n_clusters': 4, 'classifier:CBLOFClassifier:use_weights': 'False'}",4,Success,0.0,CBLOFClassifier,NoPreprocessing,no_preprocessing,,,,,,,,,,,,,,0.8,14.0,0.2,4.0,False
0.4184,0.4184,0.4479662024314901,3.1476309299468994,"{'classifier:__choice__': 'CBLOFClassifier', 'data_preprocessor:__choice__': 'NoPreprocessing', 'feature_preprocessor:__choice__': 'no_preprocessing', 'classifier:CBLOFClassifier:alpha': 0.9, 'classifier:CBLOFClassifier:beta': 8, 'classifier:CBLOFClassifier:contamination': 0.1, 'classifier:CBLOFClassifier:n_clusters': 4, 'classifier:CBLOFClassifier:use_weights': 'False'}",4,Success,0.0,CBLOFClassifier,NoPreprocessing,no_preprocessing,,,,,,,,,,,,,,0.9,8.0,0.1,4.0,False
0.3096000000000001,0.3096000000000001,0.4161345492932984,3.1338119506835938,"{'classifier:__choice__': 'CBLOFClassifier', 'data_preprocessor:__choice__': 'NoPreprocessing', 'feature_preprocessor:__choice__': 'no_preprocessing', 'classifier:CBLOFClassifier:alpha': 0.7, 'classifier:CBLOFClassifier:beta': 4, 'classifier:CBLOFClassifier:contamination': 0.05, 'classifier:CBLOFClassifier:n_clusters': 6, 'classifier:CBLOFClassifier:use_weights': 'False'}",18,Success,0.0,CBLOFClassifier,NoPreprocessing,no_preprocessing,,,,,,,,,,,,,,0.7,4.0,0.05,6.0,False
0.0,,,0.9590029716491699,"{'classifier:__choice__': 'CBLOFClassifier', 'data_preprocessor:__choice__': 'NoPreprocessing', 'feature_preprocessor:__choice__': 'no_preprocessing', 'classifier:CBLOFClassifier:alpha': 1.0, 'classifier:CBLOFClassifier:beta': 2, 'classifier:CBLOFClassifier:contamination': 0.05, 'classifier:CBLOFClassifier:n_clusters': 4, 'classifier:CBLOFClassifier:use_weights': 'False'}",31,Crash,0.0,CBLOFClassifier,NoPreprocessing,no_preprocessing,,,,,,,,,,,,,,1.0,2.0,0.05,4.0,False
0.21520000000000006,0.21520000000000006,0.3543317506822775,3.321944236755371,"{'classifier:__choice__': 'CBLOFClassifier', 'data_preprocessor:__choice__': 'NoPreprocessing', 'feature_preprocessor:__choice__': 'no_preprocessing', 'classifier:CBLOFClassifier:alpha': 0.95, 'classifier:CBLOFClassifier:beta': 6, 'classifier:CBLOFClassifier:contamination': 0.2, 'classifier:CBLOFClassifier:n_clusters': 8, 'classifier:CBLOFClassifier:use_weights': 'False'}",28,Success,0.0,CBLOFClassifier,NoPreprocessing,no_preprocessing,,,,,,,,,,,,,,0.95,6.0,0.2,8.0,False
0.21799999999999997,0.21799999999999997,0.35513326847899696,3.2267355918884277,"{'classifier:__choice__': 'CBLOFClassifier', 'data_preprocessor:__choice__': 'NoPreprocessing', 'feature_preprocessor:__choice__': 'no_preprocessing', 'classifier:CBLOFClassifier:alpha': 0.7, 'classifier:CBLOFClassifier:beta': 12, 'classifier:CBLOFClassifier:contamination': 0.3, 'classifier:CBLOFClassifier:n_clusters': 8, 'classifier:CBLOFClassifier:use_weights': 'False'}",25,Success,0.0,CBLOFClassifier,NoPreprocessing,no_preprocessing,,,,,,,,,,,,,,0.7,12.0,0.3,8.0,False
0.3600000000000001,0.3600000000000001,0.406153775564966,3.3548343181610107,"{'classifier:__choice__': 'CBLOFClassifier', 'data_preprocessor:__choice__': 'NoPreprocessing', 'feature_preprocessor:__choice__': 'no_preprocessing', 'classifier:CBLOFClassifier:alpha': 0.95, 'classifier:CBLOFClassifier:beta': 20, 'classifier:CBLOFClassifier:contamination': 0.1, 'classifier:CBLOFClassifier:n_clusters': 16, 'classifier:CBLOFClassifier:use_weights': 'False'}",12,Success,0.0,CBLOFClassifier,NoPreprocessing,no_preprocessing,,,,,,,,,,,,,,0.95,20.0,0.1,16.0,False
0.36040000000000005,0.36040000000000005,0.40642445298679797,3.3549747467041016,"{'classifier:__choice__': 'CBLOFClassifier', 'data_preprocessor:__choice__': 'NoPreprocessing', 'feature_preprocessor:__choice__': 'no_preprocessing', 'classifier:CBLOFClassifier:alpha': 0.6, 'classifier:CBLOFClassifier:beta': 12, 'classifier:CBLOFClassifier:contamination': 0.15000000000000002, 'classifier:CBLOFClassifier:n_clusters': 16, 'classifier:CBLOFClassifier:use_weights': 'False'}",9,Success,0.0,CBLOFClassifier,NoPreprocessing,no_preprocessing,,,,,,,,,,,,,,0.6,12.0,0.15000000000000002,16.0,False
0.0,,,1.0032246112823486,"{'classifier:__choice__': 'CBLOFClassifier', 'data_preprocessor:__choice__': 'NoPreprocessing', 'feature_preprocessor:__choice__': 'no_preprocessing', 'classifier:CBLOFClassifier:alpha': 1.0, 'classifier:CBLOFClassifier:beta': 6, 'classifier:CBLOFClassifier:contamination': 0.05, 'classifier:CBLOFClassifier:n_clusters': 8, 'classifier:CBLOFClassifier:use_weights': 'False'}",31,Crash,0.0,CBLOFClassifier,NoPreprocessing,no_preprocessing,,,,,,,,,,,,,,1.0,6.0,0.05,8.0,False
0.2136,0.2136,0.3539206601464817,3.2265002727508545,"{'classifier:__choice__': 'CBLOFClassifier', 'data_preprocessor:__choice__': 'NoPreprocessing', 'feature_preprocessor:__choice__': 'no_preprocessing', 'classifier:CBLOFClassifier:alpha': 0.8500000000000001, 'classifier:CBLOFClassifier:beta': 2, 'classifier:CBLOFClassifier:contamination': 0.3, 'classifier:CBLOFClassifier:n_clusters': 8, 'classifier:CBLOFClassifier:use_weights': 'False'}",29,Success,0.0,CBLOFClassifier,NoPreprocessing,no_preprocessing,,,,,,,,,,,,,,0.8500000000000001,2.0,0.3,8.0,False
0.0,,,0.9806661605834961,"{'classifier:__choice__': 'CBLOFClassifier', 'data_preprocessor:__choice__': 'NoPreprocessing', 'feature_preprocessor:__choice__': 'no_preprocessing', 'classifier:CBLOFClassifier:alpha': 1.0, 'classifier:CBLOFClassifier:beta': 16, 'classifier:CBLOFClassifier:contamination': 0.1, 'classifier:CBLOFClassifier:n_clusters': 16, 'classifier:CBLOFClassifier:use_weights': 'False'}",31,Crash,0.0,CBLOFClassifier,NoPreprocessing,no_preprocessing,,,,,,,,,,,,,,1.0,16.0,0.1,16.0,False
0.4184,0.4184,0.4479662024314901,3.0594372749328613,"{'classifier:__choice__': 'CBLOFClassifier', 'data_preprocessor:__choice__': 'NoPreprocessing', 'feature_preprocessor:__choice__': 'no_preprocessing', 'classifier:CBLOFClassifier:alpha': 0.9, 'classifier:CBLOFClassifier:beta': 16, 'classifier:CBLOFClassifier:contamination': 0.4, 'classifier:CBLOFClassifier:n_clusters': 4, 'classifier:CBLOFClassifier:use_weights': 'False'}",4,Success,0.0,CBLOFClassifier,NoPreprocessing,no_preprocessing,,,,,,,,,,,,,,0.9,16.0,0.4,4.0,False
0.3416,0.3416,0.42873185107961087,3.277231216430664,"{'classifier:__choice__': 'CBLOFClassifier', 'data_preprocessor:__choice__': 'NoPreprocessing', 'feature_preprocessor:__choice__': 'no_preprocessing', 'classifier:CBLOFClassifier:alpha': 0.55, 'classifier:CBLOFClassifier:beta': 8, 'classifier:CBLOFClassifier:contamination': 0.15000000000000002, 'classifier:CBLOFClassifier:n_clusters': 10, 'classifier:CBLOFClassifier:use_weights': 'False'}",13,Success,0.0,CBLOFClassifier,NoPreprocessing,no_preprocessing,,,,,,,,,,,,,,0.55,8.0,0.15000000000000002,10.0,False
0.0,,,0.9768962860107422,"{'classifier:__choice__': 'CBLOFClassifier', 'data_preprocessor:__choice__': 'NoPreprocessing', 'feature_preprocessor:__choice__': 'no_preprocessing', 'classifier:CBLOFClassifier:alpha': 1.0, 'classifier:CBLOFClassifier:beta': 8, 'classifier:CBLOFClassifier:contamination': 0.25, 'classifier:CBLOFClassifier:n_clusters': 12, 'classifier:CBLOFClassifier:use_weights': 'False'}",31,Crash,0.0,CBLOFClassifier,NoPreprocessing,no_preprocessing,,,,,,,,,,,,,,1.0,8.0,0.25,12.0,False
0.3096,0.3096,0.3849602510311281,3.258054733276367,"{'classifier:__choice__': 'CBLOFClassifier', 'data_preprocessor:__choice__': 'NoPreprocessing', 'feature_preprocessor:__choice__': 'no_preprocessing', 'classifier:CBLOFClassifier:alpha': 0.7, 'classifier:CBLOFClassifier:beta': 14, 'classifier:CBLOFClassifier:contamination': 0.1, 'classifier:CBLOFClassifier:n_clusters': 14, 'classifier:CBLOFClassifier:use_weights': 'False'}",19,Success,0.0,CBLOFClassifier,NoPreprocessing,no_preprocessing,,,,,,,,,,,,,,0.7,14.0,0.1,14.0,False
0.266,0.266,0.3701044263296236,3.2403669357299805,"{'classifier:__choice__': 'CBLOFClassifier', 'data_preprocessor:__choice__': 'NoPreprocessing', 'feature_preprocessor:__choice__': 'no_preprocessing', 'classifier:CBLOFClassifier:alpha': 0.5, 'classifier:CBLOFClassifier:beta': 4, 'classifier:CBLOFClassifier:contamination': 0.2, 'classifier:CBLOFClassifier:n_clusters': 8, 'classifier:CBLOFClassifier:use_weights': 'False'}",24,Success,0.0,CBLOFClassifier,NoPreprocessing,no_preprocessing,,,,,,,,,,,,,,0.5,4.0,0.2,8.0,False
0.0,,,2.013383626937866,"{'classifier:__choice__': 'CBLOFClassifier', 'data_preprocessor:__choice__': 'NoPreprocessing', 'feature_preprocessor:__choice__': 'no_preprocessing', 'classifier:CBLOFClassifier:alpha': 0.95, 'classifier:CBLOFClassifier:beta': 4, 'classifier:CBLOFClassifier:contamination': 0.45, 'classifier:CBLOFClassifier:n_clusters': 16, 'classifier:CBLOFClassifier:use_weights': 'False'}",31,Timeout,0.0,CBLOFClassifier,NoPreprocessing,no_preprocessing,,,,,,,,,,,,,,0.95,4.0,0.45,16.0,False
