mean_test_score,metric_roc_auc,metric_average_precision,mean_fit_time,params,rank_test_scores,status,budgets,param_classifier:__choice__,param_data_preprocessor:__choice__,param_feature_preprocessor:__choice__,param_classifier:CBLOFClassifier:alpha,param_classifier:CBLOFClassifier:beta,param_classifier:CBLOFClassifier:contamination,param_classifier:CBLOFClassifier:n_clusters,param_classifier:CBLOFClassifier:use_weights,param_classifier:KNNClassifier:contamination,param_classifier:KNNClassifier:method,param_classifier:KNNClassifier:n_neighbors,param_classifier:KNNClassifier:p,param_classifier:IForestClassifier:bootstrap,param_classifier:IForestClassifier:contamination,param_classifier:IForestClassifier:max_features,param_classifier:IForestClassifier:max_samples,param_classifier:IForestClassifier:n_estimators,param_classifier:COPODClassifier:contamination,param_classifier:LOFClassifier:contamination,param_classifier:LOFClassifier:n_neighbors,param_classifier:LOFClassifier:p
0.5104166666666667,0.5104166666666667,0.4880520612428507,3.25260591506958,"{'classifier:__choice__': 'CBLOFClassifier', 'data_preprocessor:__choice__': 'NoPreprocessing', 'feature_preprocessor:__choice__': 'no_preprocessing', 'classifier:CBLOFClassifier:alpha': 0.6, 'classifier:CBLOFClassifier:beta': 14, 'classifier:CBLOFClassifier:contamination': 0.5, 'classifier:CBLOFClassifier:n_clusters': 8, 'classifier:CBLOFClassifier:use_weights': 'False'}",13,Success,0.0,CBLOFClassifier,NoPreprocessing,no_preprocessing,0.6,14.0,0.5,8.0,False,,,,,,,,,,,,,
0.6354166666666667,0.6354166666666667,0.5705298786181139,3.032386302947998,"{'classifier:__choice__': 'CBLOFClassifier', 'data_preprocessor:__choice__': 'NoPreprocessing', 'feature_preprocessor:__choice__': 'no_preprocessing', 'classifier:CBLOFClassifier:alpha': 0.8, 'classifier:CBLOFClassifier:beta': 4, 'classifier:CBLOFClassifier:contamination': 0.4, 'classifier:CBLOFClassifier:n_clusters': 4, 'classifier:CBLOFClassifier:use_weights': 'False'}",2,Success,0.0,CBLOFClassifier,NoPreprocessing,no_preprocessing,0.8,4.0,0.4,4.0,False,,,,,,,,,,,,,
0.5520833333333333,0.5520833333333333,0.5053262709512709,3.112551212310791,"{'classifier:__choice__': 'CBLOFClassifier', 'data_preprocessor:__choice__': 'NoPreprocessing', 'feature_preprocessor:__choice__': 'no_preprocessing', 'classifier:CBLOFClassifier:alpha': 0.9, 'classifier:CBLOFClassifier:beta': 6, 'classifier:CBLOFClassifier:contamination': 0.1, 'classifier:CBLOFClassifier:n_clusters': 8, 'classifier:CBLOFClassifier:use_weights': 'False'}",8,Success,0.0,CBLOFClassifier,NoPreprocessing,no_preprocessing,0.9,6.0,0.1,8.0,False,,,,,,,,,,,,,
0.42708333333333337,0.42708333333333337,0.36842642651466173,2.877988576889038,"{'classifier:__choice__': 'CBLOFClassifier', 'data_preprocessor:__choice__': 'NoPreprocessing', 'feature_preprocessor:__choice__': 'no_preprocessing', 'classifier:CBLOFClassifier:alpha': 0.75, 'classifier:CBLOFClassifier:beta': 18, 'classifier:CBLOFClassifier:contamination': 0.5, 'classifier:CBLOFClassifier:n_clusters': 2, 'classifier:CBLOFClassifier:use_weights': 'False'}",29,Success,0.0,CBLOFClassifier,NoPreprocessing,no_preprocessing,0.75,18.0,0.5,2.0,False,,,,,,,,,,,,,
0.0,,,0.9147253036499023,"{'classifier:__choice__': 'CBLOFClassifier', 'data_preprocessor:__choice__': 'NoPreprocessing', 'feature_preprocessor:__choice__': 'no_preprocessing', 'classifier:CBLOFClassifier:alpha': 1.0, 'classifier:CBLOFClassifier:beta': 10, 'classifier:CBLOFClassifier:contamination': 0.05, 'classifier:CBLOFClassifier:n_clusters': 10, 'classifier:CBLOFClassifier:use_weights': 'False'}",32,Crash,0.0,CBLOFClassifier,NoPreprocessing,no_preprocessing,1.0,10.0,0.05,10.0,False,,,,,,,,,,,,,
0.5520833333333333,0.5520833333333333,0.5053262709512709,3.087778091430664,"{'classifier:__choice__': 'CBLOFClassifier', 'data_preprocessor:__choice__': 'NoPreprocessing', 'feature_preprocessor:__choice__': 'no_preprocessing', 'classifier:CBLOFClassifier:alpha': 0.6, 'classifier:CBLOFClassifier:beta': 4, 'classifier:CBLOFClassifier:contamination': 0.2, 'classifier:CBLOFClassifier:n_clusters': 8, 'classifier:CBLOFClassifier:use_weights': 'False'}",8,Success,0.0,CBLOFClassifier,NoPreprocessing,no_preprocessing,0.6,4.0,0.2,8.0,False,,,,,,,,,,,,,
0.5104166666666666,0.5104166666666666,0.4353896103896103,3.2176530361175537,"{'classifier:__choice__': 'CBLOFClassifier', 'data_preprocessor:__choice__': 'NoPreprocessing', 'feature_preprocessor:__choice__': 'no_preprocessing', 'classifier:CBLOFClassifier:alpha': 0.7, 'classifier:CBLOFClassifier:beta': 4, 'classifier:CBLOFClassifier:contamination': 0.25, 'classifier:CBLOFClassifier:n_clusters': 10, 'classifier:CBLOFClassifier:use_weights': 'False'}",15,Success,0.0,CBLOFClassifier,NoPreprocessing,no_preprocessing,0.7,4.0,0.25,10.0,False,,,,,,,,,,,,,
0.0,,,0.9377861022949219,"{'classifier:__choice__': 'CBLOFClassifier', 'data_preprocessor:__choice__': 'NoPreprocessing', 'feature_preprocessor:__choice__': 'no_preprocessing', 'classifier:CBLOFClassifier:alpha': 1.0, 'classifier:CBLOFClassifier:beta': 12, 'classifier:CBLOFClassifier:contamination': 0.4, 'classifier:CBLOFClassifier:n_clusters': 10, 'classifier:CBLOFClassifier:use_weights': 'False'}",32,Crash,0.0,CBLOFClassifier,NoPreprocessing,no_preprocessing,1.0,12.0,0.4,10.0,False,,,,,,,,,,,,,
0.7395833333333334,0.7395833333333334,0.6376803751803752,3.1409802436828613,"{'classifier:__choice__': 'CBLOFClassifier', 'data_preprocessor:__choice__': 'NoPreprocessing', 'feature_preprocessor:__choice__': 'no_preprocessing', 'classifier:CBLOFClassifier:alpha': 0.5, 'classifier:CBLOFClassifier:beta': 4, 'classifier:CBLOFClassifier:contamination': 0.45, 'classifier:CBLOFClassifier:n_clusters': 12, 'classifier:CBLOFClassifier:use_weights': 'False'}",1,Success,0.0,CBLOFClassifier,NoPreprocessing,no_preprocessing,0.5,4.0,0.45,12.0,False,,,,,,,,,,,,,
0.0,,,0.9231817722320557,"{'classifier:__choice__': 'CBLOFClassifier', 'data_preprocessor:__choice__': 'NoPreprocessing', 'feature_preprocessor:__choice__': 'no_preprocessing', 'classifier:CBLOFClassifier:alpha': 1.0, 'classifier:CBLOFClassifier:beta': 10, 'classifier:CBLOFClassifier:contamination': 0.5, 'classifier:CBLOFClassifier:n_clusters': 6, 'classifier:CBLOFClassifier:use_weights': 'False'}",32,Crash,0.0,CBLOFClassifier,NoPreprocessing,no_preprocessing,1.0,10.0,0.5,6.0,False,,,,,,,,,,,,,
0.47916666666666663,0.47916666666666663,0.4087781005544163,3.296506643295288,"{'classifier:__choice__': 'CBLOFClassifier', 'data_preprocessor:__choice__': 'NoPreprocessing', 'feature_preprocessor:__choice__': 'no_preprocessing', 'classifier:CBLOFClassifier:alpha': 0.75, 'classifier:CBLOFClassifier:beta': 12, 'classifier:CBLOFClassifier:contamination': 0.35000000000000003, 'classifier:CBLOFClassifier:n_clusters': 14, 'classifier:CBLOFClassifier:use_weights': 'False'}",20,Success,0.0,CBLOFClassifier,NoPreprocessing,no_preprocessing,0.75,12.0,0.35000000000000003,14.0,False,,,,,,,,,,,,,
0.4479166666666665,0.4479166666666665,0.40693615165364394,3.3256325721740723,"{'classifier:__choice__': 'CBLOFClassifier', 'data_preprocessor:__choice__': 'NoPreprocessing', 'feature_preprocessor:__choice__': 'no_preprocessing', 'classifier:CBLOFClassifier:alpha': 0.65, 'classifier:CBLOFClassifier:beta': 18, 'classifier:CBLOFClassifier:contamination': 0.35000000000000003, 'classifier:CBLOFClassifier:n_clusters': 16, 'classifier:CBLOFClassifier:use_weights': 'False'}",26,Success,0.0,CBLOFClassifier,NoPreprocessing,no_preprocessing,0.65,18.0,0.35000000000000003,16.0,False,,,,,,,,,,,,,
0.42708333333333337,0.42708333333333337,0.36842642651466173,2.9581756591796875,"{'classifier:__choice__': 'CBLOFClassifier', 'data_preprocessor:__choice__': 'NoPreprocessing', 'feature_preprocessor:__choice__': 'no_preprocessing', 'classifier:CBLOFClassifier:alpha': 0.75, 'classifier:CBLOFClassifier:beta': 14, 'classifier:CBLOFClassifier:contamination': 0.5, 'classifier:CBLOFClassifier:n_clusters': 2, 'classifier:CBLOFClassifier:use_weights': 'False'}",29,Success,0.0,CBLOFClassifier,NoPreprocessing,no_preprocessing,0.75,14.0,0.5,2.0,False,,,,,,,,,,,,,
0.48958333333333326,0.48958333333333326,0.4783042223299576,3.1394996643066406,"{'classifier:__choice__': 'CBLOFClassifier', 'data_preprocessor:__choice__': 'NoPreprocessing', 'feature_preprocessor:__choice__': 'no_preprocessing', 'classifier:CBLOFClassifier:alpha': 0.8500000000000001, 'classifier:CBLOFClassifier:beta': 8, 'classifier:CBLOFClassifier:contamination': 0.35000000000000003, 'classifier:CBLOFClassifier:n_clusters': 6, 'classifier:CBLOFClassifier:use_weights': 'False'}",18,Success,0.0,CBLOFClassifier,NoPreprocessing,no_preprocessing,0.8500000000000001,8.0,0.35000000000000003,6.0,False,,,,,,,,,,,,,
0.5104166666666666,0.5104166666666666,0.4353896103896103,3.2317068576812744,"{'classifier:__choice__': 'CBLOFClassifier', 'data_preprocessor:__choice__': 'NoPreprocessing', 'feature_preprocessor:__choice__': 'no_preprocessing', 'classifier:CBLOFClassifier:alpha': 0.7, 'classifier:CBLOFClassifier:beta': 14, 'classifier:CBLOFClassifier:contamination': 0.4, 'classifier:CBLOFClassifier:n_clusters': 10, 'classifier:CBLOFClassifier:use_weights': 'False'}",15,Success,0.0,CBLOFClassifier,NoPreprocessing,no_preprocessing,0.7,14.0,0.4,10.0,False,,,,,,,,,,,,,
0.0,,,0.9097061157226562,"{'classifier:__choice__': 'CBLOFClassifier', 'data_preprocessor:__choice__': 'NoPreprocessing', 'feature_preprocessor:__choice__': 'no_preprocessing', 'classifier:CBLOFClassifier:alpha': 1.0, 'classifier:CBLOFClassifier:beta': 18, 'classifier:CBLOFClassifier:contamination': 0.05, 'classifier:CBLOFClassifier:n_clusters': 4, 'classifier:CBLOFClassifier:use_weights': 'False'}",32,Crash,0.0,CBLOFClassifier,NoPreprocessing,no_preprocessing,1.0,18.0,0.05,4.0,False,,,,,,,,,,,,,
0.47916666666666663,0.47916666666666663,0.4087781005544163,3.318835973739624,"{'classifier:__choice__': 'CBLOFClassifier', 'data_preprocessor:__choice__': 'NoPreprocessing', 'feature_preprocessor:__choice__': 'no_preprocessing', 'classifier:CBLOFClassifier:alpha': 0.75, 'classifier:CBLOFClassifier:beta': 18, 'classifier:CBLOFClassifier:contamination': 0.25, 'classifier:CBLOFClassifier:n_clusters': 14, 'classifier:CBLOFClassifier:use_weights': 'False'}",20,Success,0.0,CBLOFClassifier,NoPreprocessing,no_preprocessing,0.75,18.0,0.25,14.0,False,,,,,,,,,,,,,
0.5104166666666666,0.5104166666666666,0.4353896103896103,3.1972403526306152,"{'classifier:__choice__': 'CBLOFClassifier', 'data_preprocessor:__choice__': 'NoPreprocessing', 'feature_preprocessor:__choice__': 'no_preprocessing', 'classifier:CBLOFClassifier:alpha': 0.7, 'classifier:CBLOFClassifier:beta': 20, 'classifier:CBLOFClassifier:contamination': 0.4, 'classifier:CBLOFClassifier:n_clusters': 10, 'classifier:CBLOFClassifier:use_weights': 'False'}",15,Success,0.0,CBLOFClassifier,NoPreprocessing,no_preprocessing,0.7,20.0,0.4,10.0,False,,,,,,,,,,,,,
0.4479166666666665,0.4479166666666665,0.40693615165364394,3.3109476566314697,"{'classifier:__choice__': 'CBLOFClassifier', 'data_preprocessor:__choice__': 'NoPreprocessing', 'feature_preprocessor:__choice__': 'no_preprocessing', 'classifier:CBLOFClassifier:alpha': 0.65, 'classifier:CBLOFClassifier:beta': 14, 'classifier:CBLOFClassifier:contamination': 0.3, 'classifier:CBLOFClassifier:n_clusters': 16, 'classifier:CBLOFClassifier:use_weights': 'False'}",26,Success,0.0,CBLOFClassifier,NoPreprocessing,no_preprocessing,0.65,14.0,0.3,16.0,False,,,,,,,,,,,,,
0.6354166666666667,0.6354166666666667,0.5705298786181139,3.0738205909729004,"{'classifier:__choice__': 'CBLOFClassifier', 'data_preprocessor:__choice__': 'NoPreprocessing', 'feature_preprocessor:__choice__': 'no_preprocessing', 'classifier:CBLOFClassifier:alpha': 0.8500000000000001, 'classifier:CBLOFClassifier:beta': 16, 'classifier:CBLOFClassifier:contamination': 0.05, 'classifier:CBLOFClassifier:n_clusters': 4, 'classifier:CBLOFClassifier:use_weights': 'False'}",2,Success,0.0,CBLOFClassifier,NoPreprocessing,no_preprocessing,0.8500000000000001,16.0,0.05,4.0,False,,,,,,,,,,,,,
0.47916666666666663,0.47916666666666663,0.4087781005544163,3.284907102584839,"{'classifier:__choice__': 'CBLOFClassifier', 'data_preprocessor:__choice__': 'NoPreprocessing', 'feature_preprocessor:__choice__': 'no_preprocessing', 'classifier:CBLOFClassifier:alpha': 0.7, 'classifier:CBLOFClassifier:beta': 16, 'classifier:CBLOFClassifier:contamination': 0.2, 'classifier:CBLOFClassifier:n_clusters': 14, 'classifier:CBLOFClassifier:use_weights': 'False'}",20,Success,0.0,CBLOFClassifier,NoPreprocessing,no_preprocessing,0.7,16.0,0.2,14.0,False,,,,,,,,,,,,,
0.42708333333333337,0.42708333333333337,0.36842642651466173,2.9576683044433594,"{'classifier:__choice__': 'CBLOFClassifier', 'data_preprocessor:__choice__': 'NoPreprocessing', 'feature_preprocessor:__choice__': 'no_preprocessing', 'classifier:CBLOFClassifier:alpha': 0.5, 'classifier:CBLOFClassifier:beta': 16, 'classifier:CBLOFClassifier:contamination': 0.2, 'classifier:CBLOFClassifier:n_clusters': 2, 'classifier:CBLOFClassifier:use_weights': 'False'}",29,Success,0.0,CBLOFClassifier,NoPreprocessing,no_preprocessing,0.5,16.0,0.2,2.0,False,,,,,,,,,,,,,
0.6354166666666667,0.6354166666666667,0.5705298786181139,3.0986716747283936,"{'classifier:__choice__': 'CBLOFClassifier', 'data_preprocessor:__choice__': 'NoPreprocessing', 'feature_preprocessor:__choice__': 'no_preprocessing', 'classifier:CBLOFClassifier:alpha': 0.8, 'classifier:CBLOFClassifier:beta': 14, 'classifier:CBLOFClassifier:contamination': 0.2, 'classifier:CBLOFClassifier:n_clusters': 4, 'classifier:CBLOFClassifier:use_weights': 'False'}",2,Success,0.0,CBLOFClassifier,NoPreprocessing,no_preprocessing,0.8,14.0,0.2,4.0,False,,,,,,,,,,,,,
0.6354166666666667,0.6354166666666667,0.5705298786181139,3.164935350418091,"{'classifier:__choice__': 'CBLOFClassifier', 'data_preprocessor:__choice__': 'NoPreprocessing', 'feature_preprocessor:__choice__': 'no_preprocessing', 'classifier:CBLOFClassifier:alpha': 0.9, 'classifier:CBLOFClassifier:beta': 8, 'classifier:CBLOFClassifier:contamination': 0.1, 'classifier:CBLOFClassifier:n_clusters': 4, 'classifier:CBLOFClassifier:use_weights': 'False'}",2,Success,0.0,CBLOFClassifier,NoPreprocessing,no_preprocessing,0.9,8.0,0.1,4.0,False,,,,,,,,,,,,,
0.48958333333333326,0.48958333333333326,0.4783042223299576,3.107788324356079,"{'classifier:__choice__': 'CBLOFClassifier', 'data_preprocessor:__choice__': 'NoPreprocessing', 'feature_preprocessor:__choice__': 'no_preprocessing', 'classifier:CBLOFClassifier:alpha': 0.7, 'classifier:CBLOFClassifier:beta': 4, 'classifier:CBLOFClassifier:contamination': 0.05, 'classifier:CBLOFClassifier:n_clusters': 6, 'classifier:CBLOFClassifier:use_weights': 'False'}",18,Success,0.0,CBLOFClassifier,NoPreprocessing,no_preprocessing,0.7,4.0,0.05,6.0,False,,,,,,,,,,,,,
0.0,,,0.9159247875213623,"{'classifier:__choice__': 'CBLOFClassifier', 'data_preprocessor:__choice__': 'NoPreprocessing', 'feature_preprocessor:__choice__': 'no_preprocessing', 'classifier:CBLOFClassifier:alpha': 1.0, 'classifier:CBLOFClassifier:beta': 2, 'classifier:CBLOFClassifier:contamination': 0.05, 'classifier:CBLOFClassifier:n_clusters': 4, 'classifier:CBLOFClassifier:use_weights': 'False'}",32,Crash,0.0,CBLOFClassifier,NoPreprocessing,no_preprocessing,1.0,2.0,0.05,4.0,False,,,,,,,,,,,,,
0.5520833333333333,0.5520833333333333,0.5053262709512709,3.093445062637329,"{'classifier:__choice__': 'CBLOFClassifier', 'data_preprocessor:__choice__': 'NoPreprocessing', 'feature_preprocessor:__choice__': 'no_preprocessing', 'classifier:CBLOFClassifier:alpha': 0.95, 'classifier:CBLOFClassifier:beta': 6, 'classifier:CBLOFClassifier:contamination': 0.2, 'classifier:CBLOFClassifier:n_clusters': 8, 'classifier:CBLOFClassifier:use_weights': 'False'}",8,Success,0.0,CBLOFClassifier,NoPreprocessing,no_preprocessing,0.95,6.0,0.2,8.0,False,,,,,,,,,,,,,
0.5104166666666667,0.5104166666666667,0.4880520612428507,3.184079647064209,"{'classifier:__choice__': 'CBLOFClassifier', 'data_preprocessor:__choice__': 'NoPreprocessing', 'feature_preprocessor:__choice__': 'no_preprocessing', 'classifier:CBLOFClassifier:alpha': 0.7, 'classifier:CBLOFClassifier:beta': 12, 'classifier:CBLOFClassifier:contamination': 0.3, 'classifier:CBLOFClassifier:n_clusters': 8, 'classifier:CBLOFClassifier:use_weights': 'False'}",13,Success,0.0,CBLOFClassifier,NoPreprocessing,no_preprocessing,0.7,12.0,0.3,8.0,False,,,,,,,,,,,,,
0.46875,0.46875,0.4128185045948204,3.3151462078094482,"{'classifier:__choice__': 'CBLOFClassifier', 'data_preprocessor:__choice__': 'NoPreprocessing', 'feature_preprocessor:__choice__': 'no_preprocessing', 'classifier:CBLOFClassifier:alpha': 0.95, 'classifier:CBLOFClassifier:beta': 20, 'classifier:CBLOFClassifier:contamination': 0.1, 'classifier:CBLOFClassifier:n_clusters': 16, 'classifier:CBLOFClassifier:use_weights': 'False'}",24,Success,0.0,CBLOFClassifier,NoPreprocessing,no_preprocessing,0.95,20.0,0.1,16.0,False,,,,,,,,,,,,,
0.4479166666666665,0.4479166666666665,0.40693615165364394,3.4830288887023926,"{'classifier:__choice__': 'CBLOFClassifier', 'data_preprocessor:__choice__': 'NoPreprocessing', 'feature_preprocessor:__choice__': 'no_preprocessing', 'classifier:CBLOFClassifier:alpha': 0.6, 'classifier:CBLOFClassifier:beta': 12, 'classifier:CBLOFClassifier:contamination': 0.15000000000000002, 'classifier:CBLOFClassifier:n_clusters': 16, 'classifier:CBLOFClassifier:use_weights': 'False'}",26,Success,0.0,CBLOFClassifier,NoPreprocessing,no_preprocessing,0.6,12.0,0.15000000000000002,16.0,False,,,,,,,,,,,,,
0.0,,,0.9299352169036865,"{'classifier:__choice__': 'CBLOFClassifier', 'data_preprocessor:__choice__': 'NoPreprocessing', 'feature_preprocessor:__choice__': 'no_preprocessing', 'classifier:CBLOFClassifier:alpha': 1.0, 'classifier:CBLOFClassifier:beta': 6, 'classifier:CBLOFClassifier:contamination': 0.05, 'classifier:CBLOFClassifier:n_clusters': 8, 'classifier:CBLOFClassifier:use_weights': 'False'}",32,Crash,0.0,CBLOFClassifier,NoPreprocessing,no_preprocessing,1.0,6.0,0.05,8.0,False,,,,,,,,,,,,,
0.5520833333333333,0.5520833333333333,0.5053262709512709,3.1724300384521484,"{'classifier:__choice__': 'CBLOFClassifier', 'data_preprocessor:__choice__': 'NoPreprocessing', 'feature_preprocessor:__choice__': 'no_preprocessing', 'classifier:CBLOFClassifier:alpha': 0.8500000000000001, 'classifier:CBLOFClassifier:beta': 2, 'classifier:CBLOFClassifier:contamination': 0.3, 'classifier:CBLOFClassifier:n_clusters': 8, 'classifier:CBLOFClassifier:use_weights': 'False'}",8,Success,0.0,CBLOFClassifier,NoPreprocessing,no_preprocessing,0.8500000000000001,2.0,0.3,8.0,False,,,,,,,,,,,,,
0.0,,,0.9231326580047607,"{'classifier:__choice__': 'CBLOFClassifier', 'data_preprocessor:__choice__': 'NoPreprocessing', 'feature_preprocessor:__choice__': 'no_preprocessing', 'classifier:CBLOFClassifier:alpha': 1.0, 'classifier:CBLOFClassifier:beta': 16, 'classifier:CBLOFClassifier:contamination': 0.1, 'classifier:CBLOFClassifier:n_clusters': 16, 'classifier:CBLOFClassifier:use_weights': 'False'}",32,Crash,0.0,CBLOFClassifier,NoPreprocessing,no_preprocessing,1.0,16.0,0.1,16.0,False,,,,,,,,,,,,,
0.6354166666666667,0.6354166666666667,0.5705298786181139,3.0476677417755127,"{'classifier:__choice__': 'CBLOFClassifier', 'data_preprocessor:__choice__': 'NoPreprocessing', 'feature_preprocessor:__choice__': 'no_preprocessing', 'classifier:CBLOFClassifier:alpha': 0.9, 'classifier:CBLOFClassifier:beta': 16, 'classifier:CBLOFClassifier:contamination': 0.4, 'classifier:CBLOFClassifier:n_clusters': 4, 'classifier:CBLOFClassifier:use_weights': 'False'}",2,Success,0.0,CBLOFClassifier,NoPreprocessing,no_preprocessing,0.9,16.0,0.4,4.0,False,,,,,,,,,,,,,
0.5520833333333334,0.5520833333333334,0.45686396936396934,3.3028600215911865,"{'classifier:__choice__': 'CBLOFClassifier', 'data_preprocessor:__choice__': 'NoPreprocessing', 'feature_preprocessor:__choice__': 'no_preprocessing', 'classifier:CBLOFClassifier:alpha': 0.55, 'classifier:CBLOFClassifier:beta': 8, 'classifier:CBLOFClassifier:contamination': 0.15000000000000002, 'classifier:CBLOFClassifier:n_clusters': 10, 'classifier:CBLOFClassifier:use_weights': 'False'}",7,Success,0.0,CBLOFClassifier,NoPreprocessing,no_preprocessing,0.55,8.0,0.15000000000000002,10.0,False,,,,,,,,,,,,,
0.0,,,0.9254066944122314,"{'classifier:__choice__': 'CBLOFClassifier', 'data_preprocessor:__choice__': 'NoPreprocessing', 'feature_preprocessor:__choice__': 'no_preprocessing', 'classifier:CBLOFClassifier:alpha': 1.0, 'classifier:CBLOFClassifier:beta': 8, 'classifier:CBLOFClassifier:contamination': 0.25, 'classifier:CBLOFClassifier:n_clusters': 12, 'classifier:CBLOFClassifier:use_weights': 'False'}",32,Crash,0.0,CBLOFClassifier,NoPreprocessing,no_preprocessing,1.0,8.0,0.25,12.0,False,,,,,,,,,,,,,
0.47916666666666663,0.47916666666666663,0.4087781005544163,3.314380168914795,"{'classifier:__choice__': 'CBLOFClassifier', 'data_preprocessor:__choice__': 'NoPreprocessing', 'feature_preprocessor:__choice__': 'no_preprocessing', 'classifier:CBLOFClassifier:alpha': 0.7, 'classifier:CBLOFClassifier:beta': 14, 'classifier:CBLOFClassifier:contamination': 0.1, 'classifier:CBLOFClassifier:n_clusters': 14, 'classifier:CBLOFClassifier:use_weights': 'False'}",20,Success,0.0,CBLOFClassifier,NoPreprocessing,no_preprocessing,0.7,14.0,0.1,14.0,False,,,,,,,,,,,,,
0.5520833333333333,0.5520833333333333,0.5053262709512709,3.0992846488952637,"{'classifier:__choice__': 'CBLOFClassifier', 'data_preprocessor:__choice__': 'NoPreprocessing', 'feature_preprocessor:__choice__': 'no_preprocessing', 'classifier:CBLOFClassifier:alpha': 0.5, 'classifier:CBLOFClassifier:beta': 4, 'classifier:CBLOFClassifier:contamination': 0.2, 'classifier:CBLOFClassifier:n_clusters': 8, 'classifier:CBLOFClassifier:use_weights': 'False'}",8,Success,0.0,CBLOFClassifier,NoPreprocessing,no_preprocessing,0.5,4.0,0.2,8.0,False,,,,,,,,,,,,,
0.46875,0.46875,0.4128185045948204,3.321990489959717,"{'classifier:__choice__': 'CBLOFClassifier', 'data_preprocessor:__choice__': 'NoPreprocessing', 'feature_preprocessor:__choice__': 'no_preprocessing', 'classifier:CBLOFClassifier:alpha': 0.95, 'classifier:CBLOFClassifier:beta': 4, 'classifier:CBLOFClassifier:contamination': 0.45, 'classifier:CBLOFClassifier:n_clusters': 16, 'classifier:CBLOFClassifier:use_weights': 'False'}",24,Success,0.0,CBLOFClassifier,NoPreprocessing,no_preprocessing,0.95,4.0,0.45,16.0,False,,,,,,,,,,,,,
0.6145833333333333,0.6145833333333333,0.465224358974359,3.977231740951538,"{'classifier:__choice__': 'KNNClassifier', 'data_preprocessor:__choice__': 'NoPreprocessing', 'feature_preprocessor:__choice__': 'no_preprocessing', 'classifier:KNNClassifier:contamination': 0.15000000000000002, 'classifier:KNNClassifier:method': 'largest', 'classifier:KNNClassifier:n_neighbors': 136, 'classifier:KNNClassifier:p': 2}",20,Success,0.0,KNNClassifier,NoPreprocessing,no_preprocessing,,,,,,0.15000000000000002,largest,136.0,2.0,,,,,,,,,
0.6458333333333334,0.6458333333333334,0.4812770562770563,4.04387903213501,"{'classifier:__choice__': 'KNNClassifier', 'data_preprocessor:__choice__': 'NoPreprocessing', 'feature_preprocessor:__choice__': 'no_preprocessing', 'classifier:KNNClassifier:contamination': 0.5, 'classifier:KNNClassifier:method': 'largest', 'classifier:KNNClassifier:n_neighbors': 77, 'classifier:KNNClassifier:p': 2}",4,Success,0.0,KNNClassifier,NoPreprocessing,no_preprocessing,,,,,,0.5,largest,77.0,2.0,,,,,,,,,
0.5520833333333334,0.5520833333333334,0.4420867327117328,3.5389935970306396,"{'classifier:__choice__': 'KNNClassifier', 'data_preprocessor:__choice__': 'NoPreprocessing', 'feature_preprocessor:__choice__': 'no_preprocessing', 'classifier:KNNClassifier:contamination': 0.1, 'classifier:KNNClassifier:method': 'largest', 'classifier:KNNClassifier:n_neighbors': 5, 'classifier:KNNClassifier:p': 2}",27,Success,0.0,KNNClassifier,NoPreprocessing,no_preprocessing,,,,,,0.1,largest,5.0,2.0,,,,,,,,,
0.65625,0.65625,0.49169372294372293,3.9207677841186523,"{'classifier:__choice__': 'KNNClassifier', 'data_preprocessor:__choice__': 'NoPreprocessing', 'feature_preprocessor:__choice__': 'no_preprocessing', 'classifier:KNNClassifier:contamination': 0.3, 'classifier:KNNClassifier:method': 'largest', 'classifier:KNNClassifier:n_neighbors': 19, 'classifier:KNNClassifier:p': 2}",1,Success,0.0,KNNClassifier,NoPreprocessing,no_preprocessing,,,,,,0.3,largest,19.0,2.0,,,,,,,,,
0.6458333333333334,0.6458333333333334,0.4812770562770563,3.7125890254974365,"{'classifier:__choice__': 'KNNClassifier', 'data_preprocessor:__choice__': 'NoPreprocessing', 'feature_preprocessor:__choice__': 'no_preprocessing', 'classifier:KNNClassifier:contamination': 0.4, 'classifier:KNNClassifier:method': 'largest', 'classifier:KNNClassifier:n_neighbors': 47, 'classifier:KNNClassifier:p': 2}",4,Success,0.0,KNNClassifier,NoPreprocessing,no_preprocessing,,,,,,0.4,largest,47.0,2.0,,,,,,,,,
0.6145833333333333,0.6145833333333333,0.465224358974359,3.7433526515960693,"{'classifier:__choice__': 'KNNClassifier', 'data_preprocessor:__choice__': 'NoPreprocessing', 'feature_preprocessor:__choice__': 'no_preprocessing', 'classifier:KNNClassifier:contamination': 0.25, 'classifier:KNNClassifier:method': 'largest', 'classifier:KNNClassifier:n_neighbors': 165, 'classifier:KNNClassifier:p': 2}",20,Success,0.0,KNNClassifier,NoPreprocessing,no_preprocessing,,,,,,0.25,largest,165.0,2.0,,,,,,,,,
0.6145833333333334,0.6145833333333334,0.4734797065679419,4.015883684158325,"{'classifier:__choice__': 'KNNClassifier', 'data_preprocessor:__choice__': 'NoPreprocessing', 'feature_preprocessor:__choice__': 'no_preprocessing', 'classifier:KNNClassifier:contamination': 0.5, 'classifier:KNNClassifier:method': 'largest', 'classifier:KNNClassifier:n_neighbors': 17, 'classifier:KNNClassifier:p': 2}",18,Success,0.0,KNNClassifier,NoPreprocessing,no_preprocessing,,,,,,0.5,largest,17.0,2.0,,,,,,,,,
0.6458333333333334,0.6458333333333334,0.4812770562770563,3.8308610916137695,"{'classifier:__choice__': 'KNNClassifier', 'data_preprocessor:__choice__': 'NoPreprocessing', 'feature_preprocessor:__choice__': 'no_preprocessing', 'classifier:KNNClassifier:contamination': 0.5, 'classifier:KNNClassifier:method': 'largest', 'classifier:KNNClassifier:n_neighbors': 91, 'classifier:KNNClassifier:p': 2}",4,Success,0.0,KNNClassifier,NoPreprocessing,no_preprocessing,,,,,,0.5,largest,91.0,2.0,,,,,,,,,
0.625,0.625,0.4709061771561771,3.928881883621216,"{'classifier:__choice__': 'KNNClassifier', 'data_preprocessor:__choice__': 'NoPreprocessing', 'feature_preprocessor:__choice__': 'no_preprocessing', 'classifier:KNNClassifier:contamination': 0.05, 'classifier:KNNClassifier:method': 'largest', 'classifier:KNNClassifier:n_neighbors': 113, 'classifier:KNNClassifier:p': 2}",13,Success,0.0,KNNClassifier,NoPreprocessing,no_preprocessing,,,,,,0.05,largest,113.0,2.0,,,,,,,,,
0.65625,0.65625,0.49169372294372293,3.4362571239471436,"{'classifier:__choice__': 'KNNClassifier', 'data_preprocessor:__choice__': 'NoPreprocessing', 'feature_preprocessor:__choice__': 'no_preprocessing', 'classifier:KNNClassifier:contamination': 0.15000000000000002, 'classifier:KNNClassifier:method': 'largest', 'classifier:KNNClassifier:n_neighbors': 29, 'classifier:KNNClassifier:p': 2}",1,Success,0.0,KNNClassifier,NoPreprocessing,no_preprocessing,,,,,,0.15000000000000002,largest,29.0,2.0,,,,,,,,,
0.6458333333333334,0.6458333333333334,0.4812770562770563,4.001699924468994,"{'classifier:__choice__': 'KNNClassifier', 'data_preprocessor:__choice__': 'NoPreprocessing', 'feature_preprocessor:__choice__': 'no_preprocessing', 'classifier:KNNClassifier:contamination': 0.2, 'classifier:KNNClassifier:method': 'largest', 'classifier:KNNClassifier:n_neighbors': 75, 'classifier:KNNClassifier:p': 2}",4,Success,0.0,KNNClassifier,NoPreprocessing,no_preprocessing,,,,,,0.2,largest,75.0,2.0,,,,,,,,,
0.6145833333333334,0.6145833333333334,0.4734797065679419,3.7626428604125977,"{'classifier:__choice__': 'KNNClassifier', 'data_preprocessor:__choice__': 'NoPreprocessing', 'feature_preprocessor:__choice__': 'no_preprocessing', 'classifier:KNNClassifier:contamination': 0.2, 'classifier:KNNClassifier:method': 'largest', 'classifier:KNNClassifier:n_neighbors': 17, 'classifier:KNNClassifier:p': 2}",18,Success,0.0,KNNClassifier,NoPreprocessing,no_preprocessing,,,,,,0.2,largest,17.0,2.0,,,,,,,,,
0.625,0.625,0.4709061771561771,3.6195826530456543,"{'classifier:__choice__': 'KNNClassifier', 'data_preprocessor:__choice__': 'NoPreprocessing', 'feature_preprocessor:__choice__': 'no_preprocessing', 'classifier:KNNClassifier:contamination': 0.25, 'classifier:KNNClassifier:method': 'largest', 'classifier:KNNClassifier:n_neighbors': 117, 'classifier:KNNClassifier:p': 2}",13,Success,0.0,KNNClassifier,NoPreprocessing,no_preprocessing,,,,,,0.25,largest,117.0,2.0,,,,,,,,,
0.625,0.625,0.4709061771561771,4.128716230392456,"{'classifier:__choice__': 'KNNClassifier', 'data_preprocessor:__choice__': 'NoPreprocessing', 'feature_preprocessor:__choice__': 'no_preprocessing', 'classifier:KNNClassifier:contamination': 0.5, 'classifier:KNNClassifier:method': 'largest', 'classifier:KNNClassifier:n_neighbors': 103, 'classifier:KNNClassifier:p': 2}",13,Success,0.0,KNNClassifier,NoPreprocessing,no_preprocessing,,,,,,0.5,largest,103.0,2.0,,,,,,,,,
0.625,0.625,0.4709061771561771,3.8950655460357666,"{'classifier:__choice__': 'KNNClassifier', 'data_preprocessor:__choice__': 'NoPreprocessing', 'feature_preprocessor:__choice__': 'no_preprocessing', 'classifier:KNNClassifier:contamination': 0.4, 'classifier:KNNClassifier:method': 'largest', 'classifier:KNNClassifier:n_neighbors': 109, 'classifier:KNNClassifier:p': 2}",13,Success,0.0,KNNClassifier,NoPreprocessing,no_preprocessing,,,,,,0.4,largest,109.0,2.0,,,,,,,,,
0.65625,0.65625,0.49169372294372293,3.481268882751465,"{'classifier:__choice__': 'KNNClassifier', 'data_preprocessor:__choice__': 'NoPreprocessing', 'feature_preprocessor:__choice__': 'no_preprocessing', 'classifier:KNNClassifier:contamination': 0.05, 'classifier:KNNClassifier:method': 'largest', 'classifier:KNNClassifier:n_neighbors': 33, 'classifier:KNNClassifier:p': 2}",1,Success,0.0,KNNClassifier,NoPreprocessing,no_preprocessing,,,,,,0.05,largest,33.0,2.0,,,,,,,,,
0.6145833333333333,0.6145833333333333,0.465224358974359,4.055200099945068,"{'classifier:__choice__': 'KNNClassifier', 'data_preprocessor:__choice__': 'NoPreprocessing', 'feature_preprocessor:__choice__': 'no_preprocessing', 'classifier:KNNClassifier:contamination': 0.45, 'classifier:KNNClassifier:method': 'largest', 'classifier:KNNClassifier:n_neighbors': 130, 'classifier:KNNClassifier:p': 2}",20,Success,0.0,KNNClassifier,NoPreprocessing,no_preprocessing,,,,,,0.45,largest,130.0,2.0,,,,,,,,,
0.6458333333333334,0.6458333333333334,0.4812770562770563,3.8033106327056885,"{'classifier:__choice__': 'KNNClassifier', 'data_preprocessor:__choice__': 'NoPreprocessing', 'feature_preprocessor:__choice__': 'no_preprocessing', 'classifier:KNNClassifier:contamination': 0.5, 'classifier:KNNClassifier:method': 'largest', 'classifier:KNNClassifier:n_neighbors': 84, 'classifier:KNNClassifier:p': 2}",4,Success,0.0,KNNClassifier,NoPreprocessing,no_preprocessing,,,,,,0.5,largest,84.0,2.0,,,,,,,,,
0.6458333333333334,0.6458333333333334,0.4812770562770563,3.9025254249572754,"{'classifier:__choice__': 'KNNClassifier', 'data_preprocessor:__choice__': 'NoPreprocessing', 'feature_preprocessor:__choice__': 'no_preprocessing', 'classifier:KNNClassifier:contamination': 0.5, 'classifier:KNNClassifier:method': 'largest', 'classifier:KNNClassifier:n_neighbors': 67, 'classifier:KNNClassifier:p': 2}",4,Success,0.0,KNNClassifier,NoPreprocessing,no_preprocessing,,,,,,0.5,largest,67.0,2.0,,,,,,,,,
0.625,0.625,0.4709061771561771,3.938157320022583,"{'classifier:__choice__': 'KNNClassifier', 'data_preprocessor:__choice__': 'NoPreprocessing', 'feature_preprocessor:__choice__': 'no_preprocessing', 'classifier:KNNClassifier:contamination': 0.25, 'classifier:KNNClassifier:method': 'largest', 'classifier:KNNClassifier:n_neighbors': 113, 'classifier:KNNClassifier:p': 2}",13,Success,0.0,KNNClassifier,NoPreprocessing,no_preprocessing,,,,,,0.25,largest,113.0,2.0,,,,,,,,,
0.6145833333333333,0.6145833333333333,0.465224358974359,4.171387672424316,"{'classifier:__choice__': 'KNNClassifier', 'data_preprocessor:__choice__': 'NoPreprocessing', 'feature_preprocessor:__choice__': 'no_preprocessing', 'classifier:KNNClassifier:contamination': 0.35000000000000003, 'classifier:KNNClassifier:method': 'largest', 'classifier:KNNClassifier:n_neighbors': 173, 'classifier:KNNClassifier:p': 2}",20,Success,0.0,KNNClassifier,NoPreprocessing,no_preprocessing,,,,,,0.35000000000000003,largest,173.0,2.0,,,,,,,,,
0.6145833333333333,0.6145833333333333,0.465224358974359,4.138471364974976,"{'classifier:__choice__': 'KNNClassifier', 'data_preprocessor:__choice__': 'NoPreprocessing', 'feature_preprocessor:__choice__': 'no_preprocessing', 'classifier:KNNClassifier:contamination': 0.2, 'classifier:KNNClassifier:method': 'largest', 'classifier:KNNClassifier:n_neighbors': 179, 'classifier:KNNClassifier:p': 2}",20,Success,0.0,KNNClassifier,NoPreprocessing,no_preprocessing,,,,,,0.2,largest,179.0,2.0,,,,,,,,,
0.6145833333333333,0.6145833333333333,0.465224358974359,4.150296211242676,"{'classifier:__choice__': 'KNNClassifier', 'data_preprocessor:__choice__': 'NoPreprocessing', 'feature_preprocessor:__choice__': 'no_preprocessing', 'classifier:KNNClassifier:contamination': 0.35000000000000003, 'classifier:KNNClassifier:method': 'largest', 'classifier:KNNClassifier:n_neighbors': 181, 'classifier:KNNClassifier:p': 2}",20,Success,0.0,KNNClassifier,NoPreprocessing,no_preprocessing,,,,,,0.35000000000000003,largest,181.0,2.0,,,,,,,,,
0.6145833333333333,0.6145833333333333,0.465224358974359,3.971226692199707,"{'classifier:__choice__': 'KNNClassifier', 'data_preprocessor:__choice__': 'NoPreprocessing', 'feature_preprocessor:__choice__': 'no_preprocessing', 'classifier:KNNClassifier:contamination': 0.25, 'classifier:KNNClassifier:method': 'largest', 'classifier:KNNClassifier:n_neighbors': 127, 'classifier:KNNClassifier:p': 2}",20,Success,0.0,KNNClassifier,NoPreprocessing,no_preprocessing,,,,,,0.25,largest,127.0,2.0,,,,,,,,,
0.6354166666666667,0.6354166666666667,0.4771561771561772,3.4179913997650146,"{'classifier:__choice__': 'KNNClassifier', 'data_preprocessor:__choice__': 'NoPreprocessing', 'feature_preprocessor:__choice__': 'no_preprocessing', 'classifier:KNNClassifier:contamination': 0.5, 'classifier:KNNClassifier:method': 'largest', 'classifier:KNNClassifier:n_neighbors': 18, 'classifier:KNNClassifier:p': 2}",12,Success,0.0,KNNClassifier,NoPreprocessing,no_preprocessing,,,,,,0.5,largest,18.0,2.0,,,,,,,,,
0.6458333333333334,0.6458333333333334,0.4812770562770563,3.7882163524627686,"{'classifier:__choice__': 'KNNClassifier', 'data_preprocessor:__choice__': 'NoPreprocessing', 'feature_preprocessor:__choice__': 'no_preprocessing', 'classifier:KNNClassifier:contamination': 0.35000000000000003, 'classifier:KNNClassifier:method': 'largest', 'classifier:KNNClassifier:n_neighbors': 61, 'classifier:KNNClassifier:p': 2}",4,Success,0.0,KNNClassifier,NoPreprocessing,no_preprocessing,,,,,,0.35000000000000003,largest,61.0,2.0,,,,,,,,,
0.6458333333333334,0.6458333333333334,0.4812770562770563,3.774430751800537,"{'classifier:__choice__': 'KNNClassifier', 'data_preprocessor:__choice__': 'NoPreprocessing', 'feature_preprocessor:__choice__': 'no_preprocessing', 'classifier:KNNClassifier:contamination': 0.35000000000000003, 'classifier:KNNClassifier:method': 'largest', 'classifier:KNNClassifier:n_neighbors': 53, 'classifier:KNNClassifier:p': 2}",4,Success,0.0,KNNClassifier,NoPreprocessing,no_preprocessing,,,,,,0.35000000000000003,largest,53.0,2.0,,,,,,,,,
0.0,,,3.0095839500427246,"{'classifier:__choice__': 'KNNClassifier', 'data_preprocessor:__choice__': 'NoPreprocessing', 'feature_preprocessor:__choice__': 'no_preprocessing', 'classifier:KNNClassifier:contamination': 0.2, 'classifier:KNNClassifier:method': 'largest', 'classifier:KNNClassifier:n_neighbors': 129, 'classifier:KNNClassifier:p': 2}",28,Timeout,0.0,KNNClassifier,NoPreprocessing,no_preprocessing,,,,,,0.2,largest,129.0,2.0,,,,,,,,,
0.7083333333333334,0.7083333333333334,0.6340014152514153,3.8000197410583496,"{'classifier:__choice__': 'IForestClassifier', 'data_preprocessor:__choice__': 'NoPreprocessing', 'feature_preprocessor:__choice__': 'no_preprocessing', 'classifier:IForestClassifier:bootstrap': 'False', 'classifier:IForestClassifier:contamination': 0.15000000000000002, 'classifier:IForestClassifier:max_features': 1.0, 'classifier:IForestClassifier:max_samples': 0.75, 'classifier:IForestClassifier:n_estimators': 190}",17,Success,0.0,IForestClassifier,NoPreprocessing,no_preprocessing,,,,,,,,,,False,0.15000000000000002,1.0,0.75,190.0,,,,
0.5833333333333333,0.5833333333333333,0.49480837789661314,1.2616097927093506,"{'classifier:__choice__': 'IForestClassifier', 'data_preprocessor:__choice__': 'NoPreprocessing', 'feature_preprocessor:__choice__': 'no_preprocessing', 'classifier:IForestClassifier:bootstrap': 'False', 'classifier:IForestClassifier:contamination': 0.2, 'classifier:IForestClassifier:max_features': 1.0, 'classifier:IForestClassifier:max_samples': 0.65, 'classifier:IForestClassifier:n_estimators': 20}",38,Success,0.0,IForestClassifier,NoPreprocessing,no_preprocessing,,,,,,,,,,False,0.2,1.0,0.65,20.0,,,,
0.7291666666666666,0.7291666666666666,0.6379426129426129,2.4072980880737305,"{'classifier:__choice__': 'IForestClassifier', 'data_preprocessor:__choice__': 'NoPreprocessing', 'feature_preprocessor:__choice__': 'no_preprocessing', 'classifier:IForestClassifier:bootstrap': 'False', 'classifier:IForestClassifier:contamination': 0.4, 'classifier:IForestClassifier:max_features': 1.0, 'classifier:IForestClassifier:max_samples': 0.35000000000000003, 'classifier:IForestClassifier:n_estimators': 100}",13,Success,0.0,IForestClassifier,NoPreprocessing,no_preprocessing,,,,,,,,,,False,0.4,1.0,0.35000000000000003,100.0,,,,
0.65625,0.65625,0.5276251526251525,2.4075965881347656,"{'classifier:__choice__': 'IForestClassifier', 'data_preprocessor:__choice__': 'NoPreprocessing', 'feature_preprocessor:__choice__': 'no_preprocessing', 'classifier:IForestClassifier:bootstrap': 'False', 'classifier:IForestClassifier:contamination': 0.1, 'classifier:IForestClassifier:max_features': 1.0, 'classifier:IForestClassifier:max_samples': 1.0, 'classifier:IForestClassifier:n_estimators': 100}",25,Success,0.0,IForestClassifier,NoPreprocessing,no_preprocessing,,,,,,,,,,False,0.1,1.0,1.0,100.0,,,,
0.5364583333333334,0.5364583333333334,0.5627728174603175,1.2359228134155273,"{'classifier:__choice__': 'IForestClassifier', 'data_preprocessor:__choice__': 'NoPreprocessing', 'feature_preprocessor:__choice__': 'no_preprocessing', 'classifier:IForestClassifier:bootstrap': 'False', 'classifier:IForestClassifier:contamination': 0.45, 'classifier:IForestClassifier:max_features': 1.0, 'classifier:IForestClassifier:max_samples': 0.95, 'classifier:IForestClassifier:n_estimators': 20}",42,Success,0.0,IForestClassifier,NoPreprocessing,no_preprocessing,,,,,,,,,,False,0.45,1.0,0.95,20.0,,,,
0.5729166666666667,0.5729166666666667,0.48778952869026393,1.2917664051055908,"{'classifier:__choice__': 'IForestClassifier', 'data_preprocessor:__choice__': 'NoPreprocessing', 'feature_preprocessor:__choice__': 'no_preprocessing', 'classifier:IForestClassifier:bootstrap': 'False', 'classifier:IForestClassifier:contamination': 0.5, 'classifier:IForestClassifier:max_features': 1.0, 'classifier:IForestClassifier:max_samples': 0.55, 'classifier:IForestClassifier:n_estimators': 20}",40,Success,0.0,IForestClassifier,NoPreprocessing,no_preprocessing,,,,,,,,,,False,0.5,1.0,0.55,20.0,,,,
0.6458333333333333,0.6458333333333333,0.5243267761650114,1.4715323448181152,"{'classifier:__choice__': 'IForestClassifier', 'data_preprocessor:__choice__': 'NoPreprocessing', 'feature_preprocessor:__choice__': 'no_preprocessing', 'classifier:IForestClassifier:bootstrap': 'False', 'classifier:IForestClassifier:contamination': 0.3, 'classifier:IForestClassifier:max_features': 1.0, 'classifier:IForestClassifier:max_samples': 0.35000000000000003, 'classifier:IForestClassifier:n_estimators': 35}",32,Success,0.0,IForestClassifier,NoPreprocessing,no_preprocessing,,,,,,,,,,False,0.3,1.0,0.35000000000000003,35.0,,,,
0.8020833333333333,0.8020833333333333,0.6603375790875792,2.1202495098114014,"{'classifier:__choice__': 'IForestClassifier', 'data_preprocessor:__choice__': 'NoPreprocessing', 'feature_preprocessor:__choice__': 'no_preprocessing', 'classifier:IForestClassifier:bootstrap': 'False', 'classifier:IForestClassifier:contamination': 0.2, 'classifier:IForestClassifier:max_features': 1.0, 'classifier:IForestClassifier:max_samples': 0.5, 'classifier:IForestClassifier:n_estimators': 80}",2,Success,0.0,IForestClassifier,NoPreprocessing,no_preprocessing,,,,,,,,,,False,0.2,1.0,0.5,80.0,,,,
0.71875,0.71875,0.580529193029193,2.728562593460083,"{'classifier:__choice__': 'IForestClassifier', 'data_preprocessor:__choice__': 'NoPreprocessing', 'feature_preprocessor:__choice__': 'no_preprocessing', 'classifier:IForestClassifier:bootstrap': 'False', 'classifier:IForestClassifier:contamination': 0.05, 'classifier:IForestClassifier:max_features': 1.0, 'classifier:IForestClassifier:max_samples': 0.55, 'classifier:IForestClassifier:n_estimators': 120}",16,Success,0.0,IForestClassifier,NoPreprocessing,no_preprocessing,,,,,,,,,,False,0.05,1.0,0.55,120.0,,,,
0.6875,0.6875,0.6095695970695971,3.0427567958831787,"{'classifier:__choice__': 'IForestClassifier', 'data_preprocessor:__choice__': 'NoPreprocessing', 'feature_preprocessor:__choice__': 'no_preprocessing', 'classifier:IForestClassifier:bootstrap': 'False', 'classifier:IForestClassifier:contamination': 0.5, 'classifier:IForestClassifier:max_features': 1.0, 'classifier:IForestClassifier:max_samples': 0.6000000000000001, 'classifier:IForestClassifier:n_estimators': 145}",22,Success,0.0,IForestClassifier,NoPreprocessing,no_preprocessing,,,,,,,,,,False,0.5,1.0,0.6000000000000001,145.0,,,,
0.6666666666666666,0.6666666666666666,0.5625728438228438,1.4890789985656738,"{'classifier:__choice__': 'IForestClassifier', 'data_preprocessor:__choice__': 'NoPreprocessing', 'feature_preprocessor:__choice__': 'no_preprocessing', 'classifier:IForestClassifier:bootstrap': 'False', 'classifier:IForestClassifier:contamination': 0.3, 'classifier:IForestClassifier:max_features': 1.0, 'classifier:IForestClassifier:max_samples': 0.25, 'classifier:IForestClassifier:n_estimators': 35}",24,Success,0.0,IForestClassifier,NoPreprocessing,no_preprocessing,,,,,,,,,,False,0.3,1.0,0.25,35.0,,,,
0.7291666666666667,0.7291666666666667,0.6398049866799866,3.7268426418304443,"{'classifier:__choice__': 'IForestClassifier', 'data_preprocessor:__choice__': 'NoPreprocessing', 'feature_preprocessor:__choice__': 'no_preprocessing', 'classifier:IForestClassifier:bootstrap': 'False', 'classifier:IForestClassifier:contamination': 0.45, 'classifier:IForestClassifier:max_features': 1.0, 'classifier:IForestClassifier:max_samples': 0.7, 'classifier:IForestClassifier:n_estimators': 185}",11,Success,0.0,IForestClassifier,NoPreprocessing,no_preprocessing,,,,,,,,,,False,0.45,1.0,0.7,185.0,,,,
0.65625,0.65625,0.5844433344433344,2.0202770233154297,"{'classifier:__choice__': 'IForestClassifier', 'data_preprocessor:__choice__': 'NoPreprocessing', 'feature_preprocessor:__choice__': 'no_preprocessing', 'classifier:IForestClassifier:bootstrap': 'False', 'classifier:IForestClassifier:contamination': 0.25, 'classifier:IForestClassifier:max_features': 1.0, 'classifier:IForestClassifier:max_samples': 0.95, 'classifier:IForestClassifier:n_estimators': 70}",25,Success,0.0,IForestClassifier,NoPreprocessing,no_preprocessing,,,,,,,,,,False,0.25,1.0,0.95,70.0,,,,
0.65625,0.65625,0.5913877788877788,2.98311185836792,"{'classifier:__choice__': 'IForestClassifier', 'data_preprocessor:__choice__': 'NoPreprocessing', 'feature_preprocessor:__choice__': 'no_preprocessing', 'classifier:IForestClassifier:bootstrap': 'False', 'classifier:IForestClassifier:contamination': 0.25, 'classifier:IForestClassifier:max_features': 1.0, 'classifier:IForestClassifier:max_samples': 0.65, 'classifier:IForestClassifier:n_estimators': 140}",25,Success,0.0,IForestClassifier,NoPreprocessing,no_preprocessing,,,,,,,,,,False,0.25,1.0,0.65,140.0,,,,
0.7708333333333333,0.7708333333333333,0.6793154761904762,3.556335210800171,"{'classifier:__choice__': 'IForestClassifier', 'data_preprocessor:__choice__': 'NoPreprocessing', 'feature_preprocessor:__choice__': 'no_preprocessing', 'classifier:IForestClassifier:bootstrap': 'False', 'classifier:IForestClassifier:contamination': 0.45, 'classifier:IForestClassifier:max_features': 1.0, 'classifier:IForestClassifier:max_samples': 0.5, 'classifier:IForestClassifier:n_estimators': 180}",7,Success,0.0,IForestClassifier,NoPreprocessing,no_preprocessing,,,,,,,,,,False,0.45,1.0,0.5,180.0,,,,
0.625,0.625,0.5074592074592075,2.4626636505126953,"{'classifier:__choice__': 'IForestClassifier', 'data_preprocessor:__choice__': 'NoPreprocessing', 'feature_preprocessor:__choice__': 'no_preprocessing', 'classifier:IForestClassifier:bootstrap': 'False', 'classifier:IForestClassifier:contamination': 0.35000000000000003, 'classifier:IForestClassifier:max_features': 1.0, 'classifier:IForestClassifier:max_samples': 0.95, 'classifier:IForestClassifier:n_estimators': 100}",33,Success,0.0,IForestClassifier,NoPreprocessing,no_preprocessing,,,,,,,,,,False,0.35000000000000003,1.0,0.95,100.0,,,,
0.5364583333333334,0.5364583333333334,0.5654628357753357,1.268662929534912,"{'classifier:__choice__': 'IForestClassifier', 'data_preprocessor:__choice__': 'NoPreprocessing', 'feature_preprocessor:__choice__': 'no_preprocessing', 'classifier:IForestClassifier:bootstrap': 'False', 'classifier:IForestClassifier:contamination': 0.35000000000000003, 'classifier:IForestClassifier:max_features': 1.0, 'classifier:IForestClassifier:max_samples': 1.0, 'classifier:IForestClassifier:n_estimators': 20}",42,Success,0.0,IForestClassifier,NoPreprocessing,no_preprocessing,,,,,,,,,,False,0.35000000000000003,1.0,1.0,20.0,,,,
0.7916666666666667,0.7916666666666667,0.7134386446886447,2.941955327987671,"{'classifier:__choice__': 'IForestClassifier', 'data_preprocessor:__choice__': 'NoPreprocessing', 'feature_preprocessor:__choice__': 'no_preprocessing', 'classifier:IForestClassifier:bootstrap': 'False', 'classifier:IForestClassifier:contamination': 0.35000000000000003, 'classifier:IForestClassifier:max_features': 1.0, 'classifier:IForestClassifier:max_samples': 0.45, 'classifier:IForestClassifier:n_estimators': 140}",3,Success,0.0,IForestClassifier,NoPreprocessing,no_preprocessing,,,,,,,,,,False,0.35000000000000003,1.0,0.45,140.0,,,,
0.7916666666666667,0.7916666666666667,0.7134386446886447,2.8128836154937744,"{'classifier:__choice__': 'IForestClassifier', 'data_preprocessor:__choice__': 'NoPreprocessing', 'feature_preprocessor:__choice__': 'no_preprocessing', 'classifier:IForestClassifier:bootstrap': 'False', 'classifier:IForestClassifier:contamination': 0.15000000000000002, 'classifier:IForestClassifier:max_features': 1.0, 'classifier:IForestClassifier:max_samples': 0.5, 'classifier:IForestClassifier:n_estimators': 130}",3,Success,0.0,IForestClassifier,NoPreprocessing,no_preprocessing,,,,,,,,,,False,0.15000000000000002,1.0,0.5,130.0,,,,
0.6979166666666667,0.6979166666666667,0.6165140415140415,3.722761392593384,"{'classifier:__choice__': 'IForestClassifier', 'data_preprocessor:__choice__': 'NoPreprocessing', 'feature_preprocessor:__choice__': 'no_preprocessing', 'classifier:IForestClassifier:bootstrap': 'False', 'classifier:IForestClassifier:contamination': 0.4, 'classifier:IForestClassifier:max_features': 1.0, 'classifier:IForestClassifier:max_samples': 0.6000000000000001, 'classifier:IForestClassifier:n_estimators': 190}",18,Success,0.0,IForestClassifier,NoPreprocessing,no_preprocessing,,,,,,,,,,False,0.4,1.0,0.6000000000000001,190.0,,,,
0.7291666666666666,0.7291666666666666,0.5973651960784313,1.6142470836639404,"{'classifier:__choice__': 'IForestClassifier', 'data_preprocessor:__choice__': 'NoPreprocessing', 'feature_preprocessor:__choice__': 'no_preprocessing', 'classifier:IForestClassifier:bootstrap': 'False', 'classifier:IForestClassifier:contamination': 0.5, 'classifier:IForestClassifier:max_features': 1.0, 'classifier:IForestClassifier:max_samples': 0.25, 'classifier:IForestClassifier:n_estimators': 50}",13,Success,0.0,IForestClassifier,NoPreprocessing,no_preprocessing,,,,,,,,,,False,0.5,1.0,0.25,50.0,,,,
0.65625,0.65625,0.5824592074592074,2.531493902206421,"{'classifier:__choice__': 'IForestClassifier', 'data_preprocessor:__choice__': 'NoPreprocessing', 'feature_preprocessor:__choice__': 'no_preprocessing', 'classifier:IForestClassifier:bootstrap': 'False', 'classifier:IForestClassifier:contamination': 0.3, 'classifier:IForestClassifier:max_features': 1.0, 'classifier:IForestClassifier:max_samples': 0.9000000000000001, 'classifier:IForestClassifier:n_estimators': 100}",25,Success,0.0,IForestClassifier,NoPreprocessing,no_preprocessing,,,,,,,,,,False,0.3,1.0,0.9000000000000001,100.0,,,,
0.7291666666666667,0.7291666666666667,0.6022779304029304,3.764742851257324,"{'classifier:__choice__': 'IForestClassifier', 'data_preprocessor:__choice__': 'NoPreprocessing', 'feature_preprocessor:__choice__': 'no_preprocessing', 'classifier:IForestClassifier:bootstrap': 'False', 'classifier:IForestClassifier:contamination': 0.45, 'classifier:IForestClassifier:max_features': 1.0, 'classifier:IForestClassifier:max_samples': 0.55, 'classifier:IForestClassifier:n_estimators': 195}",11,Success,0.0,IForestClassifier,NoPreprocessing,no_preprocessing,,,,,,,,,,False,0.45,1.0,0.55,195.0,,,,
0.65625,0.65625,0.5344433344433345,1.9606821537017822,"{'classifier:__choice__': 'IForestClassifier', 'data_preprocessor:__choice__': 'NoPreprocessing', 'feature_preprocessor:__choice__': 'no_preprocessing', 'classifier:IForestClassifier:bootstrap': 'False', 'classifier:IForestClassifier:contamination': 0.4, 'classifier:IForestClassifier:max_features': 1.0, 'classifier:IForestClassifier:max_samples': 0.6000000000000001, 'classifier:IForestClassifier:n_estimators': 70}",25,Success,0.0,IForestClassifier,NoPreprocessing,no_preprocessing,,,,,,,,,,False,0.4,1.0,0.6000000000000001,70.0,,,,
0.6979166666666667,0.6979166666666667,0.5629426129426129,3.776230573654175,"{'classifier:__choice__': 'IForestClassifier', 'data_preprocessor:__choice__': 'NoPreprocessing', 'feature_preprocessor:__choice__': 'no_preprocessing', 'classifier:IForestClassifier:bootstrap': 'False', 'classifier:IForestClassifier:contamination': 0.35000000000000003, 'classifier:IForestClassifier:max_features': 1.0, 'classifier:IForestClassifier:max_samples': 0.6000000000000001, 'classifier:IForestClassifier:n_estimators': 195}",18,Success,0.0,IForestClassifier,NoPreprocessing,no_preprocessing,,,,,,,,,,False,0.35000000000000003,1.0,0.6000000000000001,195.0,,,,
0.5260416666666667,0.5260416666666667,0.4833333333333334,1.1843700408935547,"{'classifier:__choice__': 'IForestClassifier', 'data_preprocessor:__choice__': 'NoPreprocessing', 'feature_preprocessor:__choice__': 'no_preprocessing', 'classifier:IForestClassifier:bootstrap': 'False', 'classifier:IForestClassifier:contamination': 0.35000000000000003, 'classifier:IForestClassifier:max_features': 1.0, 'classifier:IForestClassifier:max_samples': 0.8500000000000001, 'classifier:IForestClassifier:n_estimators': 15}",44,Success,0.0,IForestClassifier,NoPreprocessing,no_preprocessing,,,,,,,,,,False,0.35000000000000003,1.0,0.8500000000000001,15.0,,,,
0.7916666666666666,0.7916666666666666,0.7071886446886447,3.1928939819335938,"{'classifier:__choice__': 'IForestClassifier', 'data_preprocessor:__choice__': 'NoPreprocessing', 'feature_preprocessor:__choice__': 'no_preprocessing', 'classifier:IForestClassifier:bootstrap': 'False', 'classifier:IForestClassifier:contamination': 0.1, 'classifier:IForestClassifier:max_features': 1.0, 'classifier:IForestClassifier:max_samples': 0.5, 'classifier:IForestClassifier:n_estimators': 150}",5,Success,0.0,IForestClassifier,NoPreprocessing,no_preprocessing,,,,,,,,,,False,0.1,1.0,0.5,150.0,,,,
0.5260416666666667,0.5260416666666667,0.46530257936507935,1.238131046295166,"{'classifier:__choice__': 'IForestClassifier', 'data_preprocessor:__choice__': 'NoPreprocessing', 'feature_preprocessor:__choice__': 'no_preprocessing', 'classifier:IForestClassifier:bootstrap': 'False', 'classifier:IForestClassifier:contamination': 0.2, 'classifier:IForestClassifier:max_features': 1.0, 'classifier:IForestClassifier:max_samples': 0.9000000000000001, 'classifier:IForestClassifier:n_estimators': 20}",44,Success,0.0,IForestClassifier,NoPreprocessing,no_preprocessing,,,,,,,,,,False,0.2,1.0,0.9000000000000001,20.0,,,,
0.6145833333333334,0.6145833333333334,0.5395511351393705,1.362267017364502,"{'classifier:__choice__': 'IForestClassifier', 'data_preprocessor:__choice__': 'NoPreprocessing', 'feature_preprocessor:__choice__': 'no_preprocessing', 'classifier:IForestClassifier:bootstrap': 'False', 'classifier:IForestClassifier:contamination': 0.4, 'classifier:IForestClassifier:max_features': 1.0, 'classifier:IForestClassifier:max_samples': 0.45, 'classifier:IForestClassifier:n_estimators': 20}",37,Success,0.0,IForestClassifier,NoPreprocessing,no_preprocessing,,,,,,,,,,False,0.4,1.0,0.45,20.0,,,,
0.7291666666666666,0.7291666666666666,0.6332993395493396,2.130138874053955,"{'classifier:__choice__': 'IForestClassifier', 'data_preprocessor:__choice__': 'NoPreprocessing', 'feature_preprocessor:__choice__': 'no_preprocessing', 'classifier:IForestClassifier:bootstrap': 'False', 'classifier:IForestClassifier:contamination': 0.35000000000000003, 'classifier:IForestClassifier:max_features': 1.0, 'classifier:IForestClassifier:max_samples': 0.7, 'classifier:IForestClassifier:n_estimators': 80}",13,Success,0.0,IForestClassifier,NoPreprocessing,no_preprocessing,,,,,,,,,,False,0.35000000000000003,1.0,0.7,80.0,,,,
0.6875,0.6875,0.6095695970695971,2.0943706035614014,"{'classifier:__choice__': 'IForestClassifier', 'data_preprocessor:__choice__': 'NoPreprocessing', 'feature_preprocessor:__choice__': 'no_preprocessing', 'classifier:IForestClassifier:bootstrap': 'False', 'classifier:IForestClassifier:contamination': 0.1, 'classifier:IForestClassifier:max_features': 1.0, 'classifier:IForestClassifier:max_samples': 0.8500000000000001, 'classifier:IForestClassifier:n_estimators': 75}",22,Success,0.0,IForestClassifier,NoPreprocessing,no_preprocessing,,,,,,,,,,False,0.1,1.0,0.8500000000000001,75.0,,,,
0.75,0.75,0.6784458596958597,2.208167314529419,"{'classifier:__choice__': 'IForestClassifier', 'data_preprocessor:__choice__': 'NoPreprocessing', 'feature_preprocessor:__choice__': 'no_preprocessing', 'classifier:IForestClassifier:bootstrap': 'False', 'classifier:IForestClassifier:contamination': 0.1, 'classifier:IForestClassifier:max_features': 1.0, 'classifier:IForestClassifier:max_samples': 0.30000000000000004, 'classifier:IForestClassifier:n_estimators': 85}",9,Success,0.0,IForestClassifier,NoPreprocessing,no_preprocessing,,,,,,,,,,False,0.1,1.0,0.30000000000000004,85.0,,,,
0.7916666666666666,0.7916666666666666,0.6520156926406927,1.8643825054168701,"{'classifier:__choice__': 'IForestClassifier', 'data_preprocessor:__choice__': 'NoPreprocessing', 'feature_preprocessor:__choice__': 'no_preprocessing', 'classifier:IForestClassifier:bootstrap': 'False', 'classifier:IForestClassifier:contamination': 0.1, 'classifier:IForestClassifier:max_features': 1.0, 'classifier:IForestClassifier:max_samples': 0.25, 'classifier:IForestClassifier:n_estimators': 60}",5,Success,0.0,IForestClassifier,NoPreprocessing,no_preprocessing,,,,,,,,,,False,0.1,1.0,0.25,60.0,,,,
0.625,0.625,0.5446164946164946,1.193877935409546,"{'classifier:__choice__': 'IForestClassifier', 'data_preprocessor:__choice__': 'NoPreprocessing', 'feature_preprocessor:__choice__': 'no_preprocessing', 'classifier:IForestClassifier:bootstrap': 'False', 'classifier:IForestClassifier:contamination': 0.5, 'classifier:IForestClassifier:max_features': 1.0, 'classifier:IForestClassifier:max_samples': 0.25, 'classifier:IForestClassifier:n_estimators': 15}",33,Success,0.0,IForestClassifier,NoPreprocessing,no_preprocessing,,,,,,,,,,False,0.5,1.0,0.25,15.0,,,,
0.6458333333333334,0.6458333333333334,0.5901515151515151,1.7712552547454834,"{'classifier:__choice__': 'IForestClassifier', 'data_preprocessor:__choice__': 'NoPreprocessing', 'feature_preprocessor:__choice__': 'no_preprocessing', 'classifier:IForestClassifier:bootstrap': 'False', 'classifier:IForestClassifier:contamination': 0.1, 'classifier:IForestClassifier:max_features': 1.0, 'classifier:IForestClassifier:max_samples': 0.9000000000000001, 'classifier:IForestClassifier:n_estimators': 55}",31,Success,0.0,IForestClassifier,NoPreprocessing,no_preprocessing,,,,,,,,,,False,0.1,1.0,0.9000000000000001,55.0,,,,
0.6979166666666667,0.6979166666666667,0.5727640415140416,2.1365959644317627,"{'classifier:__choice__': 'IForestClassifier', 'data_preprocessor:__choice__': 'NoPreprocessing', 'feature_preprocessor:__choice__': 'no_preprocessing', 'classifier:IForestClassifier:bootstrap': 'False', 'classifier:IForestClassifier:contamination': 0.2, 'classifier:IForestClassifier:max_features': 1.0, 'classifier:IForestClassifier:max_samples': 0.55, 'classifier:IForestClassifier:n_estimators': 80}",18,Success,0.0,IForestClassifier,NoPreprocessing,no_preprocessing,,,,,,,,,,False,0.2,1.0,0.55,80.0,,,,
0.65625,0.65625,0.5801819708069709,2.3617794513702393,"{'classifier:__choice__': 'IForestClassifier', 'data_preprocessor:__choice__': 'NoPreprocessing', 'feature_preprocessor:__choice__': 'no_preprocessing', 'classifier:IForestClassifier:bootstrap': 'False', 'classifier:IForestClassifier:contamination': 0.3, 'classifier:IForestClassifier:max_features': 1.0, 'classifier:IForestClassifier:max_samples': 0.6000000000000001, 'classifier:IForestClassifier:n_estimators': 95}",25,Success,0.0,IForestClassifier,NoPreprocessing,no_preprocessing,,,,,,,,,,False,0.3,1.0,0.6000000000000001,95.0,,,,
0.5729166666666667,0.5729166666666667,0.4875263625263625,1.6008386611938477,"{'classifier:__choice__': 'IForestClassifier', 'data_preprocessor:__choice__': 'NoPreprocessing', 'feature_preprocessor:__choice__': 'no_preprocessing', 'classifier:IForestClassifier:bootstrap': 'False', 'classifier:IForestClassifier:contamination': 0.45, 'classifier:IForestClassifier:max_features': 1.0, 'classifier:IForestClassifier:max_samples': 0.95, 'classifier:IForestClassifier:n_estimators': 45}",40,Success,0.0,IForestClassifier,NoPreprocessing,no_preprocessing,,,,,,,,,,False,0.45,1.0,0.95,45.0,,,,
0.75,0.75,0.6585279304029305,2.6962203979492188,"{'classifier:__choice__': 'IForestClassifier', 'data_preprocessor:__choice__': 'NoPreprocessing', 'feature_preprocessor:__choice__': 'no_preprocessing', 'classifier:IForestClassifier:bootstrap': 'False', 'classifier:IForestClassifier:contamination': 0.5, 'classifier:IForestClassifier:max_features': 1.0, 'classifier:IForestClassifier:max_samples': 0.35000000000000003, 'classifier:IForestClassifier:n_estimators': 120}",9,Success,0.0,IForestClassifier,NoPreprocessing,no_preprocessing,,,,,,,,,,False,0.5,1.0,0.35000000000000003,120.0,,,,
0.625,0.625,0.5074592074592075,3.736330509185791,"{'classifier:__choice__': 'IForestClassifier', 'data_preprocessor:__choice__': 'NoPreprocessing', 'feature_preprocessor:__choice__': 'no_preprocessing', 'classifier:IForestClassifier:bootstrap': 'False', 'classifier:IForestClassifier:contamination': 0.15000000000000002, 'classifier:IForestClassifier:max_features': 1.0, 'classifier:IForestClassifier:max_samples': 0.95, 'classifier:IForestClassifier:n_estimators': 185}",33,Success,0.0,IForestClassifier,NoPreprocessing,no_preprocessing,,,,,,,,,,False,0.15000000000000002,1.0,0.95,185.0,,,,
0.8333333333333333,0.8333333333333333,0.7728375790875791,2.097885847091675,"{'classifier:__choice__': 'IForestClassifier', 'data_preprocessor:__choice__': 'NoPreprocessing', 'feature_preprocessor:__choice__': 'no_preprocessing', 'classifier:IForestClassifier:bootstrap': 'False', 'classifier:IForestClassifier:contamination': 0.1, 'classifier:IForestClassifier:max_features': 1.0, 'classifier:IForestClassifier:max_samples': 0.25, 'classifier:IForestClassifier:n_estimators': 80}",1,Success,0.0,IForestClassifier,NoPreprocessing,no_preprocessing,,,,,,,,,,False,0.1,1.0,0.25,80.0,,,,
0.7604166666666667,0.7604166666666667,0.6283730158730159,2.5145151615142822,"{'classifier:__choice__': 'IForestClassifier', 'data_preprocessor:__choice__': 'NoPreprocessing', 'feature_preprocessor:__choice__': 'no_preprocessing', 'classifier:IForestClassifier:bootstrap': 'False', 'classifier:IForestClassifier:contamination': 0.35000000000000003, 'classifier:IForestClassifier:max_features': 1.0, 'classifier:IForestClassifier:max_samples': 0.2, 'classifier:IForestClassifier:n_estimators': 110}",8,Success,0.0,IForestClassifier,NoPreprocessing,no_preprocessing,,,,,,,,,,False,0.35000000000000003,1.0,0.2,110.0,,,,
0.6979166666666667,0.6979166666666667,0.5616799866799866,3.404385805130005,"{'classifier:__choice__': 'IForestClassifier', 'data_preprocessor:__choice__': 'NoPreprocessing', 'feature_preprocessor:__choice__': 'no_preprocessing', 'classifier:IForestClassifier:bootstrap': 'False', 'classifier:IForestClassifier:contamination': 0.25, 'classifier:IForestClassifier:max_features': 1.0, 'classifier:IForestClassifier:max_samples': 1.0, 'classifier:IForestClassifier:n_estimators': 160}",18,Success,0.0,IForestClassifier,NoPreprocessing,no_preprocessing,,,,,,,,,,False,0.25,1.0,1.0,160.0,,,,
0.625,0.625,0.5074592074592075,3.188981771469116,"{'classifier:__choice__': 'IForestClassifier', 'data_preprocessor:__choice__': 'NoPreprocessing', 'feature_preprocessor:__choice__': 'no_preprocessing', 'classifier:IForestClassifier:bootstrap': 'False', 'classifier:IForestClassifier:contamination': 0.1, 'classifier:IForestClassifier:max_features': 1.0, 'classifier:IForestClassifier:max_samples': 0.95, 'classifier:IForestClassifier:n_estimators': 150}",33,Success,0.0,IForestClassifier,NoPreprocessing,no_preprocessing,,,,,,,,,,False,0.1,1.0,0.95,150.0,,,,
0.5833333333333333,0.5833333333333333,0.4904207516339869,1.6915867328643799,"{'classifier:__choice__': 'IForestClassifier', 'data_preprocessor:__choice__': 'NoPreprocessing', 'feature_preprocessor:__choice__': 'no_preprocessing', 'classifier:IForestClassifier:bootstrap': 'False', 'classifier:IForestClassifier:contamination': 0.4, 'classifier:IForestClassifier:max_features': 1.0, 'classifier:IForestClassifier:max_samples': 0.8, 'classifier:IForestClassifier:n_estimators': 50}",38,Success,0.0,IForestClassifier,NoPreprocessing,no_preprocessing,,,,,,,,,,False,0.4,1.0,0.8,50.0,,,,
0.7708333333333333,0.7708333333333333,0.6813311688311688,1.6674654483795166,"{'classifier:__choice__': 'COPODClassifier', 'data_preprocessor:__choice__': 'NoPreprocessing', 'feature_preprocessor:__choice__': 'no_preprocessing', 'classifier:COPODClassifier:contamination': 0.15000000000000002}",1,Success,0.0,COPODClassifier,NoPreprocessing,no_preprocessing,,,,,,,,,,,,,,,0.15000000000000002,,,
0.7708333333333333,0.7708333333333333,0.6813311688311688,1.6084108352661133,"{'classifier:__choice__': 'COPODClassifier', 'data_preprocessor:__choice__': 'NoPreprocessing', 'feature_preprocessor:__choice__': 'no_preprocessing', 'classifier:COPODClassifier:contamination': 0.35000000000000003}",1,Success,0.0,COPODClassifier,NoPreprocessing,no_preprocessing,,,,,,,,,,,,,,,0.35000000000000003,,,
0.7708333333333333,0.7708333333333333,0.6813311688311688,1.5803847312927246,"{'classifier:__choice__': 'COPODClassifier', 'data_preprocessor:__choice__': 'NoPreprocessing', 'feature_preprocessor:__choice__': 'no_preprocessing', 'classifier:COPODClassifier:contamination': 0.5}",1,Success,0.0,COPODClassifier,NoPreprocessing,no_preprocessing,,,,,,,,,,,,,,,0.5,,,
0.7708333333333333,0.7708333333333333,0.6813311688311688,1.5776841640472412,"{'classifier:__choice__': 'COPODClassifier', 'data_preprocessor:__choice__': 'NoPreprocessing', 'feature_preprocessor:__choice__': 'no_preprocessing', 'classifier:COPODClassifier:contamination': 0.2}",1,Success,0.0,COPODClassifier,NoPreprocessing,no_preprocessing,,,,,,,,,,,,,,,0.2,,,
0.7708333333333333,0.7708333333333333,0.6813311688311688,1.5946390628814697,"{'classifier:__choice__': 'COPODClassifier', 'data_preprocessor:__choice__': 'NoPreprocessing', 'feature_preprocessor:__choice__': 'no_preprocessing', 'classifier:COPODClassifier:contamination': 0.3}",1,Success,0.0,COPODClassifier,NoPreprocessing,no_preprocessing,,,,,,,,,,,,,,,0.3,,,
0.7708333333333333,0.7708333333333333,0.6813311688311688,1.6116435527801514,"{'classifier:__choice__': 'COPODClassifier', 'data_preprocessor:__choice__': 'NoPreprocessing', 'feature_preprocessor:__choice__': 'no_preprocessing', 'classifier:COPODClassifier:contamination': 0.05}",1,Success,0.0,COPODClassifier,NoPreprocessing,no_preprocessing,,,,,,,,,,,,,,,0.05,,,
0.7708333333333333,0.7708333333333333,0.6813311688311688,1.6109764575958252,"{'classifier:__choice__': 'COPODClassifier', 'data_preprocessor:__choice__': 'NoPreprocessing', 'feature_preprocessor:__choice__': 'no_preprocessing', 'classifier:COPODClassifier:contamination': 0.4}",1,Success,0.0,COPODClassifier,NoPreprocessing,no_preprocessing,,,,,,,,,,,,,,,0.4,,,
0.7708333333333333,0.7708333333333333,0.6813311688311688,1.6456389427185059,"{'classifier:__choice__': 'COPODClassifier', 'data_preprocessor:__choice__': 'NoPreprocessing', 'feature_preprocessor:__choice__': 'no_preprocessing', 'classifier:COPODClassifier:contamination': 0.25}",1,Success,0.0,COPODClassifier,NoPreprocessing,no_preprocessing,,,,,,,,,,,,,,,0.25,,,
0.7708333333333333,0.7708333333333333,0.6813311688311688,1.6210887432098389,"{'classifier:__choice__': 'COPODClassifier', 'data_preprocessor:__choice__': 'NoPreprocessing', 'feature_preprocessor:__choice__': 'no_preprocessing', 'classifier:COPODClassifier:contamination': 0.45}",1,Success,0.0,COPODClassifier,NoPreprocessing,no_preprocessing,,,,,,,,,,,,,,,0.45,,,
0.7708333333333333,0.7708333333333333,0.6813311688311688,1.6026134490966797,"{'classifier:__choice__': 'COPODClassifier', 'data_preprocessor:__choice__': 'NoPreprocessing', 'feature_preprocessor:__choice__': 'no_preprocessing', 'classifier:COPODClassifier:contamination': 0.1}",1,Success,0.0,COPODClassifier,NoPreprocessing,no_preprocessing,,,,,,,,,,,,,,,0.1,,,
0.6666666666666667,0.6666666666666667,0.6294172932330827,1.6619303226470947,"{'classifier:__choice__': 'LOFClassifier', 'data_preprocessor:__choice__': 'NoPreprocessing', 'feature_preprocessor:__choice__': 'no_preprocessing', 'classifier:LOFClassifier:contamination': 0.15000000000000002, 'classifier:LOFClassifier:n_neighbors': 136, 'classifier:LOFClassifier:p': 2}",16,Success,0.0,LOFClassifier,NoPreprocessing,no_preprocessing,,,,,,,,,,,,,,,,0.15000000000000002,136.0,2.0
0.6145833333333334,0.6145833333333334,0.49010572760572757,1.5454630851745605,"{'classifier:__choice__': 'LOFClassifier', 'data_preprocessor:__choice__': 'NoPreprocessing', 'feature_preprocessor:__choice__': 'no_preprocessing', 'classifier:LOFClassifier:contamination': 0.5, 'classifier:LOFClassifier:n_neighbors': 77, 'classifier:LOFClassifier:p': 2}",25,Success,0.0,LOFClassifier,NoPreprocessing,no_preprocessing,,,,,,,,,,,,,,,,0.5,77.0,2.0
0.44791666666666663,0.44791666666666663,0.38226461038961035,1.7532057762145996,"{'classifier:__choice__': 'LOFClassifier', 'data_preprocessor:__choice__': 'NoPreprocessing', 'feature_preprocessor:__choice__': 'no_preprocessing', 'classifier:LOFClassifier:contamination': 0.3, 'classifier:LOFClassifier:n_neighbors': 19, 'classifier:LOFClassifier:p': 2}",50,Success,0.0,LOFClassifier,NoPreprocessing,no_preprocessing,,,,,,,,,,,,,,,,0.3,19.0,2.0
0.45833333333333326,0.45833333333333326,0.3993144110791169,1.854447841644287,"{'classifier:__choice__': 'LOFClassifier', 'data_preprocessor:__choice__': 'NoPreprocessing', 'feature_preprocessor:__choice__': 'no_preprocessing', 'classifier:LOFClassifier:contamination': 0.4, 'classifier:LOFClassifier:n_neighbors': 47, 'classifier:LOFClassifier:p': 2}",45,Success,0.0,LOFClassifier,NoPreprocessing,no_preprocessing,,,,,,,,,,,,,,,,0.4,47.0,2.0
0.6979166666666666,0.6979166666666666,0.7177357456140351,1.6900360584259033,"{'classifier:__choice__': 'LOFClassifier', 'data_preprocessor:__choice__': 'NoPreprocessing', 'feature_preprocessor:__choice__': 'no_preprocessing', 'classifier:LOFClassifier:contamination': 0.25, 'classifier:LOFClassifier:n_neighbors': 165, 'classifier:LOFClassifier:p': 2}",11,Success,0.0,LOFClassifier,NoPreprocessing,no_preprocessing,,,,,,,,,,,,,,,,0.25,165.0,2.0
0.42708333333333326,0.42708333333333326,0.371577380952381,1.6278319358825684,"{'classifier:__choice__': 'LOFClassifier', 'data_preprocessor:__choice__': 'NoPreprocessing', 'feature_preprocessor:__choice__': 'no_preprocessing', 'classifier:LOFClassifier:contamination': 0.1, 'classifier:LOFClassifier:n_neighbors': 20, 'classifier:LOFClassifier:p': 2}",52,Success,0.0,LOFClassifier,NoPreprocessing,no_preprocessing,,,,,,,,,,,,,,,,0.1,20.0,2.0
0.45833333333333326,0.45833333333333326,0.38638548951048945,1.7513813972473145,"{'classifier:__choice__': 'LOFClassifier', 'data_preprocessor:__choice__': 'NoPreprocessing', 'feature_preprocessor:__choice__': 'no_preprocessing', 'classifier:LOFClassifier:contamination': 0.5, 'classifier:LOFClassifier:n_neighbors': 17, 'classifier:LOFClassifier:p': 2}",45,Success,0.0,LOFClassifier,NoPreprocessing,no_preprocessing,,,,,,,,,,,,,,,,0.5,17.0,2.0
0.59375,0.59375,0.49575892857142856,1.5759541988372803,"{'classifier:__choice__': 'LOFClassifier', 'data_preprocessor:__choice__': 'NoPreprocessing', 'feature_preprocessor:__choice__': 'no_preprocessing', 'classifier:LOFClassifier:contamination': 0.5, 'classifier:LOFClassifier:n_neighbors': 91, 'classifier:LOFClassifier:p': 2}",36,Success,0.0,LOFClassifier,NoPreprocessing,no_preprocessing,,,,,,,,,,,,,,,,0.5,91.0,2.0
0.6145833333333334,0.6145833333333334,0.5344135224940179,1.789536476135254,"{'classifier:__choice__': 'LOFClassifier', 'data_preprocessor:__choice__': 'NoPreprocessing', 'feature_preprocessor:__choice__': 'no_preprocessing', 'classifier:LOFClassifier:contamination': 0.05, 'classifier:LOFClassifier:n_neighbors': 113, 'classifier:LOFClassifier:p': 2}",25,Success,0.0,LOFClassifier,NoPreprocessing,no_preprocessing,,,,,,,,,,,,,,,,0.05,113.0,2.0
0.39583333333333326,0.39583333333333326,0.36289682539682544,1.8008737564086914,"{'classifier:__choice__': 'LOFClassifier', 'data_preprocessor:__choice__': 'NoPreprocessing', 'feature_preprocessor:__choice__': 'no_preprocessing', 'classifier:LOFClassifier:contamination': 0.15000000000000002, 'classifier:LOFClassifier:n_neighbors': 29, 'classifier:LOFClassifier:p': 2}",57,Success,0.0,LOFClassifier,NoPreprocessing,no_preprocessing,,,,,,,,,,,,,,,,0.15000000000000002,29.0,2.0
0.6041666666666667,0.6041666666666667,0.4734848484848485,1.7165358066558838,"{'classifier:__choice__': 'LOFClassifier', 'data_preprocessor:__choice__': 'NoPreprocessing', 'feature_preprocessor:__choice__': 'no_preprocessing', 'classifier:LOFClassifier:contamination': 0.2, 'classifier:LOFClassifier:n_neighbors': 75, 'classifier:LOFClassifier:p': 2}",29,Success,0.0,LOFClassifier,NoPreprocessing,no_preprocessing,,,,,,,,,,,,,,,,0.2,75.0,2.0
0.45833333333333326,0.45833333333333326,0.38638548951048945,1.681464433670044,"{'classifier:__choice__': 'LOFClassifier', 'data_preprocessor:__choice__': 'NoPreprocessing', 'feature_preprocessor:__choice__': 'no_preprocessing', 'classifier:LOFClassifier:contamination': 0.2, 'classifier:LOFClassifier:n_neighbors': 17, 'classifier:LOFClassifier:p': 2}",45,Success,0.0,LOFClassifier,NoPreprocessing,no_preprocessing,,,,,,,,,,,,,,,,0.2,17.0,2.0
0.6250000000000001,0.6250000000000001,0.5969135224940179,1.9241890907287598,"{'classifier:__choice__': 'LOFClassifier', 'data_preprocessor:__choice__': 'NoPreprocessing', 'feature_preprocessor:__choice__': 'no_preprocessing', 'classifier:LOFClassifier:contamination': 0.25, 'classifier:LOFClassifier:n_neighbors': 117, 'classifier:LOFClassifier:p': 2}",22,Success,0.0,LOFClassifier,NoPreprocessing,no_preprocessing,,,,,,,,,,,,,,,,0.25,117.0,2.0
0.6041666666666667,0.6041666666666667,0.5174962292609351,1.5801506042480469,"{'classifier:__choice__': 'LOFClassifier', 'data_preprocessor:__choice__': 'NoPreprocessing', 'feature_preprocessor:__choice__': 'no_preprocessing', 'classifier:LOFClassifier:contamination': 0.5, 'classifier:LOFClassifier:n_neighbors': 103, 'classifier:LOFClassifier:p': 2}",29,Success,0.0,LOFClassifier,NoPreprocessing,no_preprocessing,,,,,,,,,,,,,,,,0.5,103.0,2.0
0.6145833333333334,0.6145833333333334,0.5344135224940179,1.768083095550537,"{'classifier:__choice__': 'LOFClassifier', 'data_preprocessor:__choice__': 'NoPreprocessing', 'feature_preprocessor:__choice__': 'no_preprocessing', 'classifier:LOFClassifier:contamination': 0.4, 'classifier:LOFClassifier:n_neighbors': 109, 'classifier:LOFClassifier:p': 2}",25,Success,0.0,LOFClassifier,NoPreprocessing,no_preprocessing,,,,,,,,,,,,,,,,0.4,109.0,2.0
0.41666666666666663,0.41666666666666663,0.37983239348370923,1.7743353843688965,"{'classifier:__choice__': 'LOFClassifier', 'data_preprocessor:__choice__': 'NoPreprocessing', 'feature_preprocessor:__choice__': 'no_preprocessing', 'classifier:LOFClassifier:contamination': 0.05, 'classifier:LOFClassifier:n_neighbors': 33, 'classifier:LOFClassifier:p': 2}",53,Success,0.0,LOFClassifier,NoPreprocessing,no_preprocessing,,,,,,,,,,,,,,,,0.05,33.0,2.0
0.6458333333333334,0.6458333333333334,0.604938126566416,1.691124677658081,"{'classifier:__choice__': 'LOFClassifier', 'data_preprocessor:__choice__': 'NoPreprocessing', 'feature_preprocessor:__choice__': 'no_preprocessing', 'classifier:LOFClassifier:contamination': 0.45, 'classifier:LOFClassifier:n_neighbors': 130, 'classifier:LOFClassifier:p': 2}",18,Success,0.0,LOFClassifier,NoPreprocessing,no_preprocessing,,,,,,,,,,,,,,,,0.45,130.0,2.0
0.6041666666666667,0.6041666666666667,0.48749999999999993,1.7960138320922852,"{'classifier:__choice__': 'LOFClassifier', 'data_preprocessor:__choice__': 'NoPreprocessing', 'feature_preprocessor:__choice__': 'no_preprocessing', 'classifier:LOFClassifier:contamination': 0.5, 'classifier:LOFClassifier:n_neighbors': 84, 'classifier:LOFClassifier:p': 2}",29,Success,0.0,LOFClassifier,NoPreprocessing,no_preprocessing,,,,,,,,,,,,,,,,0.5,84.0,2.0
0.5833333333333334,0.5833333333333334,0.4621221405228758,1.8178720474243164,"{'classifier:__choice__': 'LOFClassifier', 'data_preprocessor:__choice__': 'NoPreprocessing', 'feature_preprocessor:__choice__': 'no_preprocessing', 'classifier:LOFClassifier:contamination': 0.5, 'classifier:LOFClassifier:n_neighbors': 67, 'classifier:LOFClassifier:p': 2}",37,Success,0.0,LOFClassifier,NoPreprocessing,no_preprocessing,,,,,,,,,,,,,,,,0.5,67.0,2.0
0.6145833333333334,0.6145833333333334,0.5344135224940179,1.601118803024292,"{'classifier:__choice__': 'LOFClassifier', 'data_preprocessor:__choice__': 'NoPreprocessing', 'feature_preprocessor:__choice__': 'no_preprocessing', 'classifier:LOFClassifier:contamination': 0.25, 'classifier:LOFClassifier:n_neighbors': 113, 'classifier:LOFClassifier:p': 2}",25,Success,0.0,LOFClassifier,NoPreprocessing,no_preprocessing,,,,,,,,,,,,,,,,0.25,113.0,2.0
0.71875,0.71875,0.7526315789473684,1.827784776687622,"{'classifier:__choice__': 'LOFClassifier', 'data_preprocessor:__choice__': 'NoPreprocessing', 'feature_preprocessor:__choice__': 'no_preprocessing', 'classifier:LOFClassifier:contamination': 0.35000000000000003, 'classifier:LOFClassifier:n_neighbors': 173, 'classifier:LOFClassifier:p': 2}",9,Success,0.0,LOFClassifier,NoPreprocessing,no_preprocessing,,,,,,,,,,,,,,,,0.35000000000000003,173.0,2.0
0.7291666666666666,0.7291666666666666,0.7583133971291867,2.018044948577881,"{'classifier:__choice__': 'LOFClassifier', 'data_preprocessor:__choice__': 'NoPreprocessing', 'feature_preprocessor:__choice__': 'no_preprocessing', 'classifier:LOFClassifier:contamination': 0.2, 'classifier:LOFClassifier:n_neighbors': 179, 'classifier:LOFClassifier:p': 2}",3,Success,0.0,LOFClassifier,NoPreprocessing,no_preprocessing,,,,,,,,,,,,,,,,0.2,179.0,2.0
0.7291666666666666,0.7291666666666666,0.7583133971291867,1.6645228862762451,"{'classifier:__choice__': 'LOFClassifier', 'data_preprocessor:__choice__': 'NoPreprocessing', 'feature_preprocessor:__choice__': 'no_preprocessing', 'classifier:LOFClassifier:contamination': 0.35000000000000003, 'classifier:LOFClassifier:n_neighbors': 181, 'classifier:LOFClassifier:p': 2}",3,Success,0.0,LOFClassifier,NoPreprocessing,no_preprocessing,,,,,,,,,,,,,,,,0.35000000000000003,181.0,2.0
0.6354166666666666,0.6354166666666666,0.6001304342587237,1.8470771312713623,"{'classifier:__choice__': 'LOFClassifier', 'data_preprocessor:__choice__': 'NoPreprocessing', 'feature_preprocessor:__choice__': 'no_preprocessing', 'classifier:LOFClassifier:contamination': 0.25, 'classifier:LOFClassifier:n_neighbors': 127, 'classifier:LOFClassifier:p': 2}",21,Success,0.0,LOFClassifier,NoPreprocessing,no_preprocessing,,,,,,,,,,,,,,,,0.25,127.0,2.0
0.44791666666666663,0.44791666666666663,0.38422619047619044,1.7350311279296875,"{'classifier:__choice__': 'LOFClassifier', 'data_preprocessor:__choice__': 'NoPreprocessing', 'feature_preprocessor:__choice__': 'no_preprocessing', 'classifier:LOFClassifier:contamination': 0.5, 'classifier:LOFClassifier:n_neighbors': 18, 'classifier:LOFClassifier:p': 2}",50,Success,0.0,LOFClassifier,NoPreprocessing,no_preprocessing,,,,,,,,,,,,,,,,0.5,18.0,2.0
0.5520833333333333,0.5520833333333333,0.44737484737484734,1.8004987239837646,"{'classifier:__choice__': 'LOFClassifier', 'data_preprocessor:__choice__': 'NoPreprocessing', 'feature_preprocessor:__choice__': 'no_preprocessing', 'classifier:LOFClassifier:contamination': 0.35000000000000003, 'classifier:LOFClassifier:n_neighbors': 61, 'classifier:LOFClassifier:p': 2}",39,Success,0.0,LOFClassifier,NoPreprocessing,no_preprocessing,,,,,,,,,,,,,,,,0.35000000000000003,61.0,2.0
0.45833333333333326,0.45833333333333326,0.3925881410256411,1.8348948955535889,"{'classifier:__choice__': 'LOFClassifier', 'data_preprocessor:__choice__': 'NoPreprocessing', 'feature_preprocessor:__choice__': 'no_preprocessing', 'classifier:LOFClassifier:contamination': 0.35000000000000003, 'classifier:LOFClassifier:n_neighbors': 53, 'classifier:LOFClassifier:p': 2}",45,Success,0.0,LOFClassifier,NoPreprocessing,no_preprocessing,,,,,,,,,,,,,,,,0.35000000000000003,53.0,2.0
0.6458333333333334,0.6458333333333334,0.604938126566416,1.890481948852539,"{'classifier:__choice__': 'LOFClassifier', 'data_preprocessor:__choice__': 'NoPreprocessing', 'feature_preprocessor:__choice__': 'no_preprocessing', 'classifier:LOFClassifier:contamination': 0.2, 'classifier:LOFClassifier:n_neighbors': 129, 'classifier:LOFClassifier:p': 2}",18,Success,0.0,LOFClassifier,NoPreprocessing,no_preprocessing,,,,,,,,,,,,,,,,0.2,129.0,2.0
0.6041666666666667,0.6041666666666667,0.5232528082083036,1.8632335662841797,"{'classifier:__choice__': 'LOFClassifier', 'data_preprocessor:__choice__': 'NoPreprocessing', 'feature_preprocessor:__choice__': 'no_preprocessing', 'classifier:LOFClassifier:contamination': 0.4, 'classifier:LOFClassifier:n_neighbors': 105, 'classifier:LOFClassifier:p': 2}",29,Success,0.0,LOFClassifier,NoPreprocessing,no_preprocessing,,,,,,,,,,,,,,,,0.4,105.0,2.0
0.7291666666666666,0.7291666666666666,0.7583133971291867,1.9477612972259521,"{'classifier:__choice__': 'LOFClassifier', 'data_preprocessor:__choice__': 'NoPreprocessing', 'feature_preprocessor:__choice__': 'no_preprocessing', 'classifier:LOFClassifier:contamination': 0.5, 'classifier:LOFClassifier:n_neighbors': 181, 'classifier:LOFClassifier:p': 2}",3,Success,0.0,LOFClassifier,NoPreprocessing,no_preprocessing,,,,,,,,,,,,,,,,0.5,181.0,2.0
0.45833333333333326,0.45833333333333326,0.3993144110791169,1.6084909439086914,"{'classifier:__choice__': 'LOFClassifier', 'data_preprocessor:__choice__': 'NoPreprocessing', 'feature_preprocessor:__choice__': 'no_preprocessing', 'classifier:LOFClassifier:contamination': 0.05, 'classifier:LOFClassifier:n_neighbors': 47, 'classifier:LOFClassifier:p': 2}",45,Success,0.0,LOFClassifier,NoPreprocessing,no_preprocessing,,,,,,,,,,,,,,,,0.05,47.0,2.0
0.7291666666666666,0.7291666666666666,0.7583133971291867,1.8931169509887695,"{'classifier:__choice__': 'LOFClassifier', 'data_preprocessor:__choice__': 'NoPreprocessing', 'feature_preprocessor:__choice__': 'no_preprocessing', 'classifier:LOFClassifier:contamination': 0.3, 'classifier:LOFClassifier:n_neighbors': 176, 'classifier:LOFClassifier:p': 2}",3,Success,0.0,LOFClassifier,NoPreprocessing,no_preprocessing,,,,,,,,,,,,,,,,0.3,176.0,2.0
0.71875,0.71875,0.7526315789473684,1.9206817150115967,"{'classifier:__choice__': 'LOFClassifier', 'data_preprocessor:__choice__': 'NoPreprocessing', 'feature_preprocessor:__choice__': 'no_preprocessing', 'classifier:LOFClassifier:contamination': 0.25, 'classifier:LOFClassifier:n_neighbors': 175, 'classifier:LOFClassifier:p': 2}",9,Success,0.0,LOFClassifier,NoPreprocessing,no_preprocessing,,,,,,,,,,,,,,,,0.25,175.0,2.0
0.7395833333333334,0.7395833333333334,0.7833133971291866,1.7148761749267578,"{'classifier:__choice__': 'LOFClassifier', 'data_preprocessor:__choice__': 'NoPreprocessing', 'feature_preprocessor:__choice__': 'no_preprocessing', 'classifier:LOFClassifier:contamination': 0.25, 'classifier:LOFClassifier:n_neighbors': 193, 'classifier:LOFClassifier:p': 2}",1,Success,0.0,LOFClassifier,NoPreprocessing,no_preprocessing,,,,,,,,,,,,,,,,0.25,193.0,2.0
0.6041666666666667,0.6041666666666667,0.5174962292609351,1.6883337497711182,"{'classifier:__choice__': 'LOFClassifier', 'data_preprocessor:__choice__': 'NoPreprocessing', 'feature_preprocessor:__choice__': 'no_preprocessing', 'classifier:LOFClassifier:contamination': 0.4, 'classifier:LOFClassifier:n_neighbors': 103, 'classifier:LOFClassifier:p': 2}",29,Success,0.0,LOFClassifier,NoPreprocessing,no_preprocessing,,,,,,,,,,,,,,,,0.4,103.0,2.0
0.6666666666666667,0.6666666666666667,0.6294172932330827,1.9473075866699219,"{'classifier:__choice__': 'LOFClassifier', 'data_preprocessor:__choice__': 'NoPreprocessing', 'feature_preprocessor:__choice__': 'no_preprocessing', 'classifier:LOFClassifier:contamination': 0.2, 'classifier:LOFClassifier:n_neighbors': 136, 'classifier:LOFClassifier:p': 2}",16,Success,0.0,LOFClassifier,NoPreprocessing,no_preprocessing,,,,,,,,,,,,,,,,0.2,136.0,2.0
0.7395833333333334,0.7395833333333334,0.7833133971291866,1.7050189971923828,"{'classifier:__choice__': 'LOFClassifier', 'data_preprocessor:__choice__': 'NoPreprocessing', 'feature_preprocessor:__choice__': 'no_preprocessing', 'classifier:LOFClassifier:contamination': 0.3, 'classifier:LOFClassifier:n_neighbors': 196, 'classifier:LOFClassifier:p': 2}",1,Success,0.0,LOFClassifier,NoPreprocessing,no_preprocessing,,,,,,,,,,,,,,,,0.3,196.0,2.0
0.6979166666666666,0.6979166666666666,0.7177357456140351,1.8944671154022217,"{'classifier:__choice__': 'LOFClassifier', 'data_preprocessor:__choice__': 'NoPreprocessing', 'feature_preprocessor:__choice__': 'no_preprocessing', 'classifier:LOFClassifier:contamination': 0.35000000000000003, 'classifier:LOFClassifier:n_neighbors': 163, 'classifier:LOFClassifier:p': 2}",11,Success,0.0,LOFClassifier,NoPreprocessing,no_preprocessing,,,,,,,,,,,,,,,,0.35000000000000003,163.0,2.0
0.47916666666666674,0.47916666666666674,0.41163923902894495,1.8415663242340088,"{'classifier:__choice__': 'LOFClassifier', 'data_preprocessor:__choice__': 'NoPreprocessing', 'feature_preprocessor:__choice__': 'no_preprocessing', 'classifier:LOFClassifier:contamination': 0.05, 'classifier:LOFClassifier:n_neighbors': 40, 'classifier:LOFClassifier:p': 2}",43,Success,0.0,LOFClassifier,NoPreprocessing,no_preprocessing,,,,,,,,,,,,,,,,0.05,40.0,2.0
0.6875000000000001,0.6875000000000001,0.6760690789473685,1.9514400959014893,"{'classifier:__choice__': 'LOFClassifier', 'data_preprocessor:__choice__': 'NoPreprocessing', 'feature_preprocessor:__choice__': 'no_preprocessing', 'classifier:LOFClassifier:contamination': 0.2, 'classifier:LOFClassifier:n_neighbors': 149, 'classifier:LOFClassifier:p': 2}",15,Success,0.0,LOFClassifier,NoPreprocessing,no_preprocessing,,,,,,,,,,,,,,,,0.2,149.0,2.0
0.6979166666666666,0.6979166666666666,0.7177357456140351,1.708587408065796,"{'classifier:__choice__': 'LOFClassifier', 'data_preprocessor:__choice__': 'NoPreprocessing', 'feature_preprocessor:__choice__': 'no_preprocessing', 'classifier:LOFClassifier:contamination': 0.2, 'classifier:LOFClassifier:n_neighbors': 166, 'classifier:LOFClassifier:p': 2}",11,Success,0.0,LOFClassifier,NoPreprocessing,no_preprocessing,,,,,,,,,,,,,,,,0.2,166.0,2.0
0.6979166666666666,0.6979166666666666,0.7177357456140351,1.8874354362487793,"{'classifier:__choice__': 'LOFClassifier', 'data_preprocessor:__choice__': 'NoPreprocessing', 'feature_preprocessor:__choice__': 'no_preprocessing', 'classifier:LOFClassifier:contamination': 0.05, 'classifier:LOFClassifier:n_neighbors': 160, 'classifier:LOFClassifier:p': 2}",11,Success,0.0,LOFClassifier,NoPreprocessing,no_preprocessing,,,,,,,,,,,,,,,,0.05,160.0,2.0
0.48958333333333326,0.48958333333333326,0.4080853174603174,1.7476043701171875,"{'classifier:__choice__': 'LOFClassifier', 'data_preprocessor:__choice__': 'NoPreprocessing', 'feature_preprocessor:__choice__': 'no_preprocessing', 'classifier:LOFClassifier:contamination': 0.2, 'classifier:LOFClassifier:n_neighbors': 16, 'classifier:LOFClassifier:p': 2}",41,Success,0.0,LOFClassifier,NoPreprocessing,no_preprocessing,,,,,,,,,,,,,,,,0.2,16.0,2.0
0.6458333333333334,0.6458333333333334,0.604938126566416,1.710906744003296,"{'classifier:__choice__': 'LOFClassifier', 'data_preprocessor:__choice__': 'NoPreprocessing', 'feature_preprocessor:__choice__': 'no_preprocessing', 'classifier:LOFClassifier:contamination': 0.35000000000000003, 'classifier:LOFClassifier:n_neighbors': 130, 'classifier:LOFClassifier:p': 2}",18,Success,0.0,LOFClassifier,NoPreprocessing,no_preprocessing,,,,,,,,,,,,,,,,0.35000000000000003,130.0,2.0
0.39583333333333337,0.39583333333333337,0.3578343531468531,1.7538847923278809,"{'classifier:__choice__': 'LOFClassifier', 'data_preprocessor:__choice__': 'NoPreprocessing', 'feature_preprocessor:__choice__': 'no_preprocessing', 'classifier:LOFClassifier:contamination': 0.2, 'classifier:LOFClassifier:n_neighbors': 24, 'classifier:LOFClassifier:p': 2}",56,Success,0.0,LOFClassifier,NoPreprocessing,no_preprocessing,,,,,,,,,,,,,,,,0.2,24.0,2.0
0.5833333333333334,0.5833333333333334,0.4660714285714286,1.9494504928588867,"{'classifier:__choice__': 'LOFClassifier', 'data_preprocessor:__choice__': 'NoPreprocessing', 'feature_preprocessor:__choice__': 'no_preprocessing', 'classifier:LOFClassifier:contamination': 0.4, 'classifier:LOFClassifier:n_neighbors': 73, 'classifier:LOFClassifier:p': 2}",37,Success,0.0,LOFClassifier,NoPreprocessing,no_preprocessing,,,,,,,,,,,,,,,,0.4,73.0,2.0
0.40625,0.40625,0.36424115100585686,1.5958304405212402,"{'classifier:__choice__': 'LOFClassifier', 'data_preprocessor:__choice__': 'NoPreprocessing', 'feature_preprocessor:__choice__': 'no_preprocessing', 'classifier:LOFClassifier:contamination': 0.1, 'classifier:LOFClassifier:n_neighbors': 28, 'classifier:LOFClassifier:p': 2}",55,Success,0.0,LOFClassifier,NoPreprocessing,no_preprocessing,,,,,,,,,,,,,,,,0.1,28.0,2.0
0.41666666666666663,0.41666666666666663,0.37983239348370923,1.7628681659698486,"{'classifier:__choice__': 'LOFClassifier', 'data_preprocessor:__choice__': 'NoPreprocessing', 'feature_preprocessor:__choice__': 'no_preprocessing', 'classifier:LOFClassifier:contamination': 0.25, 'classifier:LOFClassifier:n_neighbors': 34, 'classifier:LOFClassifier:p': 2}",53,Success,0.0,LOFClassifier,NoPreprocessing,no_preprocessing,,,,,,,,,,,,,,,,0.25,34.0,2.0
0.48958333333333326,0.48958333333333326,0.4113854895104896,1.8630528450012207,"{'classifier:__choice__': 'LOFClassifier', 'data_preprocessor:__choice__': 'NoPreprocessing', 'feature_preprocessor:__choice__': 'no_preprocessing', 'classifier:LOFClassifier:contamination': 0.05, 'classifier:LOFClassifier:n_neighbors': 57, 'classifier:LOFClassifier:p': 2}",41,Success,0.0,LOFClassifier,NoPreprocessing,no_preprocessing,,,,,,,,,,,,,,,,0.05,57.0,2.0
0.48958333333333337,0.48958333333333337,0.41016865079365084,1.526059627532959,"{'classifier:__choice__': 'LOFClassifier', 'data_preprocessor:__choice__': 'NoPreprocessing', 'feature_preprocessor:__choice__': 'no_preprocessing', 'classifier:LOFClassifier:contamination': 0.5, 'classifier:LOFClassifier:n_neighbors': 13, 'classifier:LOFClassifier:p': 2}",40,Success,0.0,LOFClassifier,NoPreprocessing,no_preprocessing,,,,,,,,,,,,,,,,0.5,13.0,2.0
0.39583333333333326,0.39583333333333326,0.36289682539682544,1.9032139778137207,"{'classifier:__choice__': 'LOFClassifier', 'data_preprocessor:__choice__': 'NoPreprocessing', 'feature_preprocessor:__choice__': 'no_preprocessing', 'classifier:LOFClassifier:contamination': 0.05, 'classifier:LOFClassifier:n_neighbors': 29, 'classifier:LOFClassifier:p': 2}",57,Success,0.0,LOFClassifier,NoPreprocessing,no_preprocessing,,,,,,,,,,,,,,,,0.05,29.0,2.0
0.47916666666666674,0.47916666666666674,0.4021306818181818,1.8789727687835693,"{'classifier:__choice__': 'LOFClassifier', 'data_preprocessor:__choice__': 'NoPreprocessing', 'feature_preprocessor:__choice__': 'no_preprocessing', 'classifier:LOFClassifier:contamination': 0.45, 'classifier:LOFClassifier:n_neighbors': 52, 'classifier:LOFClassifier:p': 2}",43,Success,0.0,LOFClassifier,NoPreprocessing,no_preprocessing,,,,,,,,,,,,,,,,0.45,52.0,2.0
0.6041666666666667,0.6041666666666667,0.48749999999999993,1.6268303394317627,"{'classifier:__choice__': 'LOFClassifier', 'data_preprocessor:__choice__': 'NoPreprocessing', 'feature_preprocessor:__choice__': 'no_preprocessing', 'classifier:LOFClassifier:contamination': 0.2, 'classifier:LOFClassifier:n_neighbors': 84, 'classifier:LOFClassifier:p': 2}",29,Success,0.0,LOFClassifier,NoPreprocessing,no_preprocessing,,,,,,,,,,,,,,,,0.2,84.0,2.0
0.6250000000000001,0.6250000000000001,0.5969135224940179,1.811281442642212,"{'classifier:__choice__': 'LOFClassifier', 'data_preprocessor:__choice__': 'NoPreprocessing', 'feature_preprocessor:__choice__': 'no_preprocessing', 'classifier:LOFClassifier:contamination': 0.2, 'classifier:LOFClassifier:n_neighbors': 116, 'classifier:LOFClassifier:p': 2}",22,Success,0.0,LOFClassifier,NoPreprocessing,no_preprocessing,,,,,,,,,,,,,,,,0.2,116.0,2.0
0.6041666666666666,0.6041666666666666,0.49987980769230766,1.8675806522369385,"{'classifier:__choice__': 'LOFClassifier', 'data_preprocessor:__choice__': 'NoPreprocessing', 'feature_preprocessor:__choice__': 'no_preprocessing', 'classifier:LOFClassifier:contamination': 0.3, 'classifier:LOFClassifier:n_neighbors': 94, 'classifier:LOFClassifier:p': 2}",35,Success,0.0,LOFClassifier,NoPreprocessing,no_preprocessing,,,,,,,,,,,,,,,,0.3,94.0,2.0
0.7291666666666666,0.7291666666666666,0.7583133971291867,1.6922240257263184,"{'classifier:__choice__': 'LOFClassifier', 'data_preprocessor:__choice__': 'NoPreprocessing', 'feature_preprocessor:__choice__': 'no_preprocessing', 'classifier:LOFClassifier:contamination': 0.45, 'classifier:LOFClassifier:n_neighbors': 189, 'classifier:LOFClassifier:p': 2}",3,Success,0.0,LOFClassifier,NoPreprocessing,no_preprocessing,,,,,,,,,,,,,,,,0.45,189.0,2.0
0.7291666666666666,0.7291666666666666,0.7583133971291867,1.9125361442565918,"{'classifier:__choice__': 'LOFClassifier', 'data_preprocessor:__choice__': 'NoPreprocessing', 'feature_preprocessor:__choice__': 'no_preprocessing', 'classifier:LOFClassifier:contamination': 0.1, 'classifier:LOFClassifier:n_neighbors': 182, 'classifier:LOFClassifier:p': 2}",3,Success,0.0,LOFClassifier,NoPreprocessing,no_preprocessing,,,,,,,,,,,,,,,,0.1,182.0,2.0
0.6250000000000001,0.6250000000000001,0.5969135224940179,1.8118205070495605,"{'classifier:__choice__': 'LOFClassifier', 'data_preprocessor:__choice__': 'NoPreprocessing', 'feature_preprocessor:__choice__': 'no_preprocessing', 'classifier:LOFClassifier:contamination': 0.15000000000000002, 'classifier:LOFClassifier:n_neighbors': 119, 'classifier:LOFClassifier:p': 2}",22,Success,0.0,LOFClassifier,NoPreprocessing,no_preprocessing,,,,,,,,,,,,,,,,0.15000000000000002,119.0,2.0
0.0,,,2.0087578296661377,"{'classifier:__choice__': 'LOFClassifier', 'data_preprocessor:__choice__': 'NoPreprocessing', 'feature_preprocessor:__choice__': 'no_preprocessing', 'classifier:LOFClassifier:contamination': 0.15000000000000002, 'classifier:LOFClassifier:n_neighbors': 188, 'classifier:LOFClassifier:p': 2}",59,Timeout,0.0,LOFClassifier,NoPreprocessing,no_preprocessing,,,,,,,,,,,,,,,,0.15000000000000002,188.0,2.0
