mean_test_score,metric_roc_auc,metric_average_precision,mean_fit_time,params,rank_test_scores,status,budgets,param_classifier:__choice__,param_data_preprocessor:__choice__,param_feature_preprocessor:__choice__,param_classifier:CBLOFClassifier:alpha,param_classifier:CBLOFClassifier:beta,param_classifier:CBLOFClassifier:contamination,param_classifier:CBLOFClassifier:n_clusters,param_classifier:CBLOFClassifier:use_weights,param_classifier:COPODClassifier:contamination,param_classifier:IForestClassifier:bootstrap,param_classifier:IForestClassifier:contamination,param_classifier:IForestClassifier:max_features,param_classifier:IForestClassifier:max_samples,param_classifier:IForestClassifier:n_estimators,param_classifier:KNNClassifier:contamination,param_classifier:KNNClassifier:method,param_classifier:KNNClassifier:n_neighbors,param_classifier:KNNClassifier:p,param_classifier:LOFClassifier:contamination,param_classifier:LOFClassifier:n_neighbors,param_classifier:LOFClassifier:p
0.5199,0.5199,0.5061433030213583,3.9181947708129883,"{'classifier:__choice__': 'LOFClassifier', 'data_preprocessor:__choice__': 'NoPreprocessing', 'feature_preprocessor:__choice__': 'no_preprocessing', 'classifier:LOFClassifier:contamination': 0.04, 'classifier:LOFClassifier:n_neighbors': 113, 'classifier:LOFClassifier:p': 1}",148,Success,0.0,LOFClassifier,NoPreprocessing,no_preprocessing,,,,,,,,,,,,,,,,0.04,113.0,1.0
0.5102,0.5102,0.48449225956508113,2.3316941261291504,"{'classifier:__choice__': 'LOFClassifier', 'data_preprocessor:__choice__': 'NoPreprocessing', 'feature_preprocessor:__choice__': 'no_preprocessing', 'classifier:LOFClassifier:contamination': 0.06999999999999999, 'classifier:LOFClassifier:n_neighbors': 200, 'classifier:LOFClassifier:p': 2}",151,Success,0.0,LOFClassifier,NoPreprocessing,no_preprocessing,,,,,,,,,,,,,,,,0.06999999999999999,200.0,2.0
0.5862,0.5862,0.5307607913879326,4.25969386100769,"{'classifier:__choice__': 'KNNClassifier', 'data_preprocessor:__choice__': 'NoPreprocessing', 'feature_preprocessor:__choice__': 'no_preprocessing', 'classifier:KNNClassifier:contamination': 0.32, 'classifier:KNNClassifier:method': 'largest', 'classifier:KNNClassifier:n_neighbors': 191, 'classifier:KNNClassifier:p': 2}",85,Success,0.0,KNNClassifier,NoPreprocessing,no_preprocessing,,,,,,,,,,,,0.32,largest,191.0,2.0,,,
0.5680000000000001,0.5680000000000001,0.5247308014732326,2.9542644023895264,"{'classifier:__choice__': 'CBLOFClassifier', 'data_preprocessor:__choice__': 'NoPreprocessing', 'feature_preprocessor:__choice__': 'no_preprocessing', 'classifier:CBLOFClassifier:alpha': 0.9, 'classifier:CBLOFClassifier:beta': 5, 'classifier:CBLOFClassifier:contamination': 0.1, 'classifier:CBLOFClassifier:n_clusters': 8, 'classifier:CBLOFClassifier:use_weights': False}",128,Success,0.0,CBLOFClassifier,NoPreprocessing,no_preprocessing,0.9,5.0,0.1,8.0,0.0,,,,,,,,,,,,,
0.6234000000000001,0.6234000000000001,0.5922888329768563,2.5402379035949707,"{'classifier:__choice__': 'IForestClassifier', 'data_preprocessor:__choice__': 'NoPreprocessing', 'feature_preprocessor:__choice__': 'no_preprocessing', 'classifier:IForestClassifier:bootstrap': True, 'classifier:IForestClassifier:contamination': 0.04, 'classifier:IForestClassifier:max_features': 0.31, 'classifier:IForestClassifier:max_samples': 0.58, 'classifier:IForestClassifier:n_estimators': 176}",56,Success,0.0,IForestClassifier,NoPreprocessing,no_preprocessing,,,,,,,1.0,0.04,0.31,0.58,176.0,,,,,,,
0.4877,0.4877,0.476199769097986,1.2847933769226074,"{'classifier:__choice__': 'LOFClassifier', 'data_preprocessor:__choice__': 'NoPreprocessing', 'feature_preprocessor:__choice__': 'no_preprocessing', 'classifier:LOFClassifier:contamination': 0.04, 'classifier:LOFClassifier:n_neighbors': 127, 'classifier:LOFClassifier:p': 2}",158,Success,0.0,LOFClassifier,NoPreprocessing,no_preprocessing,,,,,,,,,,,,,,,,0.04,127.0,2.0
0.6246999999999999,0.6246999999999999,0.5924315067929361,2.4362194538116455,"{'classifier:__choice__': 'IForestClassifier', 'data_preprocessor:__choice__': 'NoPreprocessing', 'feature_preprocessor:__choice__': 'no_preprocessing', 'classifier:IForestClassifier:bootstrap': False, 'classifier:IForestClassifier:contamination': 0.09, 'classifier:IForestClassifier:max_features': 0.15000000000000002, 'classifier:IForestClassifier:max_samples': 0.35, 'classifier:IForestClassifier:n_estimators': 195}",54,Success,0.0,IForestClassifier,NoPreprocessing,no_preprocessing,,,,,,,0.0,0.09,0.15000000000000002,0.35,195.0,,,,,,,
0.5554,0.5554,0.5169925032263039,3.031158447265625,"{'classifier:__choice__': 'CBLOFClassifier', 'data_preprocessor:__choice__': 'NoPreprocessing', 'feature_preprocessor:__choice__': 'no_preprocessing', 'classifier:CBLOFClassifier:alpha': 0.8400000000000001, 'classifier:CBLOFClassifier:beta': 91, 'classifier:CBLOFClassifier:contamination': 0.09999999999999999, 'classifier:CBLOFClassifier:n_clusters': 14, 'classifier:CBLOFClassifier:use_weights': False}",142,Success,0.0,CBLOFClassifier,NoPreprocessing,no_preprocessing,0.8400000000000001,91.0,0.09999999999999999,14.0,0.0,,,,,,,,,,,,,
0.5270999999999999,0.5270999999999999,0.5136500585307503,2.4708430767059326,"{'classifier:__choice__': 'LOFClassifier', 'data_preprocessor:__choice__': 'NoPreprocessing', 'feature_preprocessor:__choice__': 'no_preprocessing', 'classifier:LOFClassifier:contamination': 0.35000000000000003, 'classifier:LOFClassifier:n_neighbors': 118, 'classifier:LOFClassifier:p': 1}",147,Success,0.0,LOFClassifier,NoPreprocessing,no_preprocessing,,,,,,,,,,,,,,,,0.35000000000000003,118.0,1.0
0.5834,0.5834,0.528851451631911,3.8938112258911133,"{'classifier:__choice__': 'KNNClassifier', 'data_preprocessor:__choice__': 'NoPreprocessing', 'feature_preprocessor:__choice__': 'no_preprocessing', 'classifier:KNNClassifier:contamination': 0.3, 'classifier:KNNClassifier:method': 'median', 'classifier:KNNClassifier:n_neighbors': 182, 'classifier:KNNClassifier:p': 2}",99,Success,0.0,KNNClassifier,NoPreprocessing,no_preprocessing,,,,,,,,,,,,0.3,median,182.0,2.0,,,
0.5826,0.5826,0.5516426906507186,2.878652334213257,"{'classifier:__choice__': 'IForestClassifier', 'data_preprocessor:__choice__': 'NoPreprocessing', 'feature_preprocessor:__choice__': 'no_preprocessing', 'classifier:IForestClassifier:bootstrap': False, 'classifier:IForestClassifier:contamination': 0.11, 'classifier:IForestClassifier:max_features': 0.76, 'classifier:IForestClassifier:max_samples': 0.89, 'classifier:IForestClassifier:n_estimators': 139}",110,Success,0.0,IForestClassifier,NoPreprocessing,no_preprocessing,,,,,,,0.0,0.11,0.76,0.89,139.0,,,,,,,
0.6574,0.6574,0.6307689972290714,1.8297178745269775,"{'classifier:__choice__': 'IForestClassifier', 'data_preprocessor:__choice__': 'NoPreprocessing', 'feature_preprocessor:__choice__': 'no_preprocessing', 'classifier:IForestClassifier:bootstrap': True, 'classifier:IForestClassifier:contamination': 0.3, 'classifier:IForestClassifier:max_features': 0.73, 'classifier:IForestClassifier:max_samples': 0.32, 'classifier:IForestClassifier:n_estimators': 112}",40,Success,0.0,IForestClassifier,NoPreprocessing,no_preprocessing,,,,,,,1.0,0.3,0.73,0.32,112.0,,,,,,,
0.5841000000000001,0.5841000000000001,0.5309903249654115,2.700650215148926,"{'classifier:__choice__': 'KNNClassifier', 'data_preprocessor:__choice__': 'NoPreprocessing', 'feature_preprocessor:__choice__': 'no_preprocessing', 'classifier:KNNClassifier:contamination': 0.12, 'classifier:KNNClassifier:method': 'largest', 'classifier:KNNClassifier:n_neighbors': 48, 'classifier:KNNClassifier:p': 2}",94,Success,0.0,KNNClassifier,NoPreprocessing,no_preprocessing,,,,,,,,,,,,0.12,largest,48.0,2.0,,,
0.7223999999999999,0.7223999999999999,0.7232938696101201,1.2742478847503662,"{'classifier:__choice__': 'COPODClassifier', 'data_preprocessor:__choice__': 'NoPreprocessing', 'feature_preprocessor:__choice__': 'no_preprocessing', 'classifier:COPODClassifier:contamination': 0.36000000000000004}",2,Success,0.0,COPODClassifier,NoPreprocessing,no_preprocessing,,,,,,0.36000000000000004,,,,,,,,,,,,
0.5019,0.5019,0.48121020676032045,1.3084735870361328,"{'classifier:__choice__': 'LOFClassifier', 'data_preprocessor:__choice__': 'NoPreprocessing', 'feature_preprocessor:__choice__': 'no_preprocessing', 'classifier:LOFClassifier:contamination': 0.24000000000000002, 'classifier:LOFClassifier:n_neighbors': 172, 'classifier:LOFClassifier:p': 2}",153,Success,0.0,LOFClassifier,NoPreprocessing,no_preprocessing,,,,,,,,,,,,,,,,0.24000000000000002,172.0,2.0
0.5902000000000001,0.5902000000000001,0.5350522908489359,3.5408711433410645,"{'classifier:__choice__': 'KNNClassifier', 'data_preprocessor:__choice__': 'NoPreprocessing', 'feature_preprocessor:__choice__': 'no_preprocessing', 'classifier:KNNClassifier:contamination': 0.01, 'classifier:KNNClassifier:method': 'largest', 'classifier:KNNClassifier:n_neighbors': 32, 'classifier:KNNClassifier:p': 1}",83,Success,0.0,KNNClassifier,NoPreprocessing,no_preprocessing,,,,,,,,,,,,0.01,largest,32.0,1.0,,,
0.7223999999999999,0.7223999999999999,0.7232938696101201,2.093376398086548,"{'classifier:__choice__': 'COPODClassifier', 'data_preprocessor:__choice__': 'NoPreprocessing', 'feature_preprocessor:__choice__': 'no_preprocessing', 'classifier:COPODClassifier:contamination': 0.47000000000000003}",2,Success,0.0,COPODClassifier,NoPreprocessing,no_preprocessing,,,,,,0.47000000000000003,,,,,,,,,,,,
0.581,0.581,0.5381428024210761,2.3784139156341553,"{'classifier:__choice__': 'LOFClassifier', 'data_preprocessor:__choice__': 'NoPreprocessing', 'feature_preprocessor:__choice__': 'no_preprocessing', 'classifier:LOFClassifier:contamination': 0.49, 'classifier:LOFClassifier:n_neighbors': 172, 'classifier:LOFClassifier:p': 1}",116,Success,0.0,LOFClassifier,NoPreprocessing,no_preprocessing,,,,,,,,,,,,,,,,0.49,172.0,1.0
0.47019999999999995,0.47019999999999995,0.47006422509648293,1.190114974975586,"{'classifier:__choice__': 'LOFClassifier', 'data_preprocessor:__choice__': 'NoPreprocessing', 'feature_preprocessor:__choice__': 'no_preprocessing', 'classifier:LOFClassifier:contamination': 0.29000000000000004, 'classifier:LOFClassifier:n_neighbors': 19, 'classifier:LOFClassifier:p': 2}",165,Success,0.0,LOFClassifier,NoPreprocessing,no_preprocessing,,,,,,,,,,,,,,,,0.29000000000000004,19.0,2.0
0.5674,0.5674,0.5230820165800223,4.268511056900024,"{'classifier:__choice__': 'CBLOFClassifier', 'data_preprocessor:__choice__': 'NoPreprocessing', 'feature_preprocessor:__choice__': 'no_preprocessing', 'classifier:CBLOFClassifier:alpha': 0.56, 'classifier:CBLOFClassifier:beta': 49, 'classifier:CBLOFClassifier:contamination': 0.43, 'classifier:CBLOFClassifier:n_clusters': 2, 'classifier:CBLOFClassifier:use_weights': True}",130,Success,0.0,CBLOFClassifier,NoPreprocessing,no_preprocessing,0.56,49.0,0.43,2.0,1.0,,,,,,,,,,,,,
0.5819,0.5819,0.5265689774383017,5.12995171546936,"{'classifier:__choice__': 'KNNClassifier', 'data_preprocessor:__choice__': 'NoPreprocessing', 'feature_preprocessor:__choice__': 'no_preprocessing', 'classifier:KNNClassifier:contamination': 0.32, 'classifier:KNNClassifier:method': 'largest', 'classifier:KNNClassifier:n_neighbors': 104, 'classifier:KNNClassifier:p': 1}",115,Success,0.0,KNNClassifier,NoPreprocessing,no_preprocessing,,,,,,,,,,,,0.32,largest,104.0,1.0,,,
0.3687,0.3687,0.41743649835490226,3.7892518043518066,"{'classifier:__choice__': 'CBLOFClassifier', 'data_preprocessor:__choice__': 'NoPreprocessing', 'feature_preprocessor:__choice__': 'no_preprocessing', 'classifier:CBLOFClassifier:alpha': 0.56, 'classifier:CBLOFClassifier:beta': 17, 'classifier:CBLOFClassifier:contamination': 0.27, 'classifier:CBLOFClassifier:n_clusters': 20, 'classifier:CBLOFClassifier:use_weights': True}",192,Success,0.0,CBLOFClassifier,NoPreprocessing,no_preprocessing,0.56,17.0,0.27,20.0,1.0,,,,,,,,,,,,,
0.7223999999999999,0.7223999999999999,0.7232938696101201,2.0604653358459473,"{'classifier:__choice__': 'COPODClassifier', 'data_preprocessor:__choice__': 'NoPreprocessing', 'feature_preprocessor:__choice__': 'no_preprocessing', 'classifier:COPODClassifier:contamination': 0.19}",2,Success,0.0,COPODClassifier,NoPreprocessing,no_preprocessing,,,,,,0.19,,,,,,,,,,,,
0.6522,0.6522,0.6205293015745559,5.370438814163208,"{'classifier:__choice__': 'IForestClassifier', 'data_preprocessor:__choice__': 'NoPreprocessing', 'feature_preprocessor:__choice__': 'no_preprocessing', 'classifier:IForestClassifier:bootstrap': False, 'classifier:IForestClassifier:contamination': 0.060000000000000005, 'classifier:IForestClassifier:max_features': 0.26, 'classifier:IForestClassifier:max_samples': 0.35, 'classifier:IForestClassifier:n_estimators': 170}",43,Success,0.0,IForestClassifier,NoPreprocessing,no_preprocessing,,,,,,,0.0,0.060000000000000005,0.26,0.35,170.0,,,,,,,
0.5825499999999999,0.5825499999999999,0.5291057569233943,16.189972400665283,"{'classifier:__choice__': 'KNNClassifier', 'data_preprocessor:__choice__': 'NoPreprocessing', 'feature_preprocessor:__choice__': 'no_preprocessing', 'classifier:KNNClassifier:contamination': 0.34, 'classifier:KNNClassifier:method': 'largest', 'classifier:KNNClassifier:n_neighbors': 70, 'classifier:KNNClassifier:p': 1}",111,Success,0.0,KNNClassifier,NoPreprocessing,no_preprocessing,,,,,,,,,,,,0.34,largest,70.0,1.0,,,
0.5639000000000001,0.5639000000000001,0.5202471550218714,5.259714603424072,"{'classifier:__choice__': 'CBLOFClassifier', 'data_preprocessor:__choice__': 'NoPreprocessing', 'feature_preprocessor:__choice__': 'no_preprocessing', 'classifier:CBLOFClassifier:alpha': 0.6, 'classifier:CBLOFClassifier:beta': 52, 'classifier:CBLOFClassifier:contamination': 0.04, 'classifier:CBLOFClassifier:n_clusters': 19, 'classifier:CBLOFClassifier:use_weights': False}",134,Success,0.0,CBLOFClassifier,NoPreprocessing,no_preprocessing,0.6,52.0,0.04,19.0,0.0,,,,,,,,,,,,,
0.5830000000000001,0.5830000000000001,0.5280615778866609,7.73678183555603,"{'classifier:__choice__': 'KNNClassifier', 'data_preprocessor:__choice__': 'NoPreprocessing', 'feature_preprocessor:__choice__': 'no_preprocessing', 'classifier:KNNClassifier:contamination': 0.03, 'classifier:KNNClassifier:method': 'largest', 'classifier:KNNClassifier:n_neighbors': 99, 'classifier:KNNClassifier:p': 2}",106,Success,0.0,KNNClassifier,NoPreprocessing,no_preprocessing,,,,,,,,,,,,0.03,largest,99.0,2.0,,,
0.7223999999999999,0.7223999999999999,0.7232938696101201,1.3348808288574219,"{'classifier:__choice__': 'COPODClassifier', 'data_preprocessor:__choice__': 'NoPreprocessing', 'feature_preprocessor:__choice__': 'no_preprocessing', 'classifier:COPODClassifier:contamination': 0.04}",2,Success,0.0,COPODClassifier,NoPreprocessing,no_preprocessing,,,,,,0.04,,,,,,,,,,,,
0.3556,0.3556,0.40644430073096127,3.1868886947631836,"{'classifier:__choice__': 'CBLOFClassifier', 'data_preprocessor:__choice__': 'NoPreprocessing', 'feature_preprocessor:__choice__': 'no_preprocessing', 'classifier:CBLOFClassifier:alpha': 0.96, 'classifier:CBLOFClassifier:beta': 97, 'classifier:CBLOFClassifier:contamination': 0.16, 'classifier:CBLOFClassifier:n_clusters': 9, 'classifier:CBLOFClassifier:use_weights': True}",194,Success,0.0,CBLOFClassifier,NoPreprocessing,no_preprocessing,0.96,97.0,0.16,9.0,1.0,,,,,,,,,,,,,
0.7223999999999999,0.7223999999999999,0.7232938696101201,1.6545708179473877,"{'classifier:__choice__': 'COPODClassifier', 'data_preprocessor:__choice__': 'NoPreprocessing', 'feature_preprocessor:__choice__': 'no_preprocessing', 'classifier:COPODClassifier:contamination': 0.27}",2,Success,0.0,COPODClassifier,NoPreprocessing,no_preprocessing,,,,,,0.27,,,,,,,,,,,,
0.41359999999999997,0.41359999999999997,0.4312102012458876,2.6859705448150635,"{'classifier:__choice__': 'CBLOFClassifier', 'data_preprocessor:__choice__': 'NoPreprocessing', 'feature_preprocessor:__choice__': 'no_preprocessing', 'classifier:CBLOFClassifier:alpha': 0.99, 'classifier:CBLOFClassifier:beta': 91, 'classifier:CBLOFClassifier:contamination': 0.16, 'classifier:CBLOFClassifier:n_clusters': 5, 'classifier:CBLOFClassifier:use_weights': True}",186,Success,0.0,CBLOFClassifier,NoPreprocessing,no_preprocessing,0.99,91.0,0.16,5.0,1.0,,,,,,,,,,,,,
0.7223999999999999,0.7223999999999999,0.7232938696101201,1.8992516994476318,"{'classifier:__choice__': 'COPODClassifier', 'data_preprocessor:__choice__': 'NoPreprocessing', 'feature_preprocessor:__choice__': 'no_preprocessing', 'classifier:COPODClassifier:contamination': 0.43}",2,Success,0.0,COPODClassifier,NoPreprocessing,no_preprocessing,,,,,,0.43,,,,,,,,,,,,
0.7223999999999999,0.7223999999999999,0.7232938696101201,1.2272729873657227,"{'classifier:__choice__': 'COPODClassifier', 'data_preprocessor:__choice__': 'NoPreprocessing', 'feature_preprocessor:__choice__': 'no_preprocessing', 'classifier:COPODClassifier:contamination': 0.17}",2,Success,0.0,COPODClassifier,NoPreprocessing,no_preprocessing,,,,,,0.17,,,,,,,,,,,,
0.4657,0.4657,0.4686924932617511,1.331205129623413,"{'classifier:__choice__': 'LOFClassifier', 'data_preprocessor:__choice__': 'NoPreprocessing', 'feature_preprocessor:__choice__': 'no_preprocessing', 'classifier:LOFClassifier:contamination': 0.49, 'classifier:LOFClassifier:n_neighbors': 79, 'classifier:LOFClassifier:p': 2}",166,Success,0.0,LOFClassifier,NoPreprocessing,no_preprocessing,,,,,,,,,,,,,,,,0.49,79.0,2.0
0.6210999999999999,0.6210999999999999,0.5688858922531888,2.069291353225708,"{'classifier:__choice__': 'IForestClassifier', 'data_preprocessor:__choice__': 'NoPreprocessing', 'feature_preprocessor:__choice__': 'no_preprocessing', 'classifier:IForestClassifier:bootstrap': True, 'classifier:IForestClassifier:contamination': 0.5, 'classifier:IForestClassifier:max_features': 0.7, 'classifier:IForestClassifier:max_samples': 0.33999999999999997, 'classifier:IForestClassifier:n_estimators': 104}",58,Success,0.0,IForestClassifier,NoPreprocessing,no_preprocessing,,,,,,,1.0,0.5,0.7,0.33999999999999997,104.0,,,,,,,
0.5945999999999999,0.5945999999999999,0.5707913841354898,2.838390827178955,"{'classifier:__choice__': 'IForestClassifier', 'data_preprocessor:__choice__': 'NoPreprocessing', 'feature_preprocessor:__choice__': 'no_preprocessing', 'classifier:IForestClassifier:bootstrap': False, 'classifier:IForestClassifier:contamination': 0.4, 'classifier:IForestClassifier:max_features': 0.86, 'classifier:IForestClassifier:max_samples': 0.77, 'classifier:IForestClassifier:n_estimators': 149}",74,Success,0.0,IForestClassifier,NoPreprocessing,no_preprocessing,,,,,,,0.0,0.4,0.86,0.77,149.0,,,,,,,
0.7223999999999999,0.7223999999999999,0.7232938696101201,1.2147612571716309,"{'classifier:__choice__': 'COPODClassifier', 'data_preprocessor:__choice__': 'NoPreprocessing', 'feature_preprocessor:__choice__': 'no_preprocessing', 'classifier:COPODClassifier:contamination': 0.49}",2,Success,0.0,COPODClassifier,NoPreprocessing,no_preprocessing,,,,,,0.49,,,,,,,,,,,,
0.62525,0.62525,0.5883261463330594,0.8072354793548584,"{'classifier:__choice__': 'IForestClassifier', 'data_preprocessor:__choice__': 'NoPreprocessing', 'feature_preprocessor:__choice__': 'no_preprocessing', 'classifier:IForestClassifier:bootstrap': False, 'classifier:IForestClassifier:contamination': 0.04, 'classifier:IForestClassifier:max_features': 0.13, 'classifier:IForestClassifier:max_samples': 0.67, 'classifier:IForestClassifier:n_estimators': 17}",52,Success,0.0,IForestClassifier,NoPreprocessing,no_preprocessing,,,,,,,0.0,0.04,0.13,0.67,17.0,,,,,,,
0.5902,0.5902,0.5491560033374907,2.6946959495544434,"{'classifier:__choice__': 'IForestClassifier', 'data_preprocessor:__choice__': 'NoPreprocessing', 'feature_preprocessor:__choice__': 'no_preprocessing', 'classifier:IForestClassifier:bootstrap': False, 'classifier:IForestClassifier:contamination': 0.41000000000000003, 'classifier:IForestClassifier:max_features': 0.39, 'classifier:IForestClassifier:max_samples': 0.91, 'classifier:IForestClassifier:n_estimators': 155}",84,Success,0.0,IForestClassifier,NoPreprocessing,no_preprocessing,,,,,,,0.0,0.41000000000000003,0.39,0.91,155.0,,,,,,,
0.7223999999999999,0.7223999999999999,0.7232938696101201,3.2385523319244385,"{'classifier:__choice__': 'COPODClassifier', 'data_preprocessor:__choice__': 'NoPreprocessing', 'feature_preprocessor:__choice__': 'no_preprocessing', 'classifier:COPODClassifier:contamination': 0.05}",2,Success,0.0,COPODClassifier,NoPreprocessing,no_preprocessing,,,,,,0.05,,,,,,,,,,,,
0.4565,0.4565,0.46662546705217134,1.9634432792663574,"{'classifier:__choice__': 'LOFClassifier', 'data_preprocessor:__choice__': 'NoPreprocessing', 'feature_preprocessor:__choice__': 'no_preprocessing', 'classifier:LOFClassifier:contamination': 0.43, 'classifier:LOFClassifier:n_neighbors': 65, 'classifier:LOFClassifier:p': 2}",170,Success,0.0,LOFClassifier,NoPreprocessing,no_preprocessing,,,,,,,,,,,,,,,,0.43,65.0,2.0
0.6620999999999999,0.6620999999999999,0.6361162810722006,4.8004162311553955,"{'classifier:__choice__': 'IForestClassifier', 'data_preprocessor:__choice__': 'NoPreprocessing', 'feature_preprocessor:__choice__': 'no_preprocessing', 'classifier:IForestClassifier:bootstrap': False, 'classifier:IForestClassifier:contamination': 0.03, 'classifier:IForestClassifier:max_features': 0.97, 'classifier:IForestClassifier:max_samples': 0.23, 'classifier:IForestClassifier:n_estimators': 178}",39,Success,0.0,IForestClassifier,NoPreprocessing,no_preprocessing,,,,,,,0.0,0.03,0.97,0.23,178.0,,,,,,,
0.5852999999999999,0.5852999999999999,0.5293954040669948,3.5018372535705566,"{'classifier:__choice__': 'KNNClassifier', 'data_preprocessor:__choice__': 'NoPreprocessing', 'feature_preprocessor:__choice__': 'no_preprocessing', 'classifier:KNNClassifier:contamination': 0.21000000000000002, 'classifier:KNNClassifier:method': 'largest', 'classifier:KNNClassifier:n_neighbors': 128, 'classifier:KNNClassifier:p': 2}",91,Success,0.0,KNNClassifier,NoPreprocessing,no_preprocessing,,,,,,,,,,,,0.21000000000000002,largest,128.0,2.0,,,
0.6184000000000001,0.6184000000000001,0.589165841117569,3.108415126800537,"{'classifier:__choice__': 'IForestClassifier', 'data_preprocessor:__choice__': 'NoPreprocessing', 'feature_preprocessor:__choice__': 'no_preprocessing', 'classifier:IForestClassifier:bootstrap': False, 'classifier:IForestClassifier:contamination': 0.4, 'classifier:IForestClassifier:max_features': 0.91, 'classifier:IForestClassifier:max_samples': 0.6, 'classifier:IForestClassifier:n_estimators': 144}",60,Success,0.0,IForestClassifier,NoPreprocessing,no_preprocessing,,,,,,,0.0,0.4,0.91,0.6,144.0,,,,,,,
0.5827,0.5827,0.529673534917632,3.952223300933838,"{'classifier:__choice__': 'KNNClassifier', 'data_preprocessor:__choice__': 'NoPreprocessing', 'feature_preprocessor:__choice__': 'no_preprocessing', 'classifier:KNNClassifier:contamination': 0.27, 'classifier:KNNClassifier:method': 'median', 'classifier:KNNClassifier:n_neighbors': 128, 'classifier:KNNClassifier:p': 2}",109,Success,0.0,KNNClassifier,NoPreprocessing,no_preprocessing,,,,,,,,,,,,0.27,median,128.0,2.0,,,
0.47740000000000005,0.47740000000000005,0.47354733559928275,1.479215145111084,"{'classifier:__choice__': 'LOFClassifier', 'data_preprocessor:__choice__': 'NoPreprocessing', 'feature_preprocessor:__choice__': 'no_preprocessing', 'classifier:LOFClassifier:contamination': 0.38, 'classifier:LOFClassifier:n_neighbors': 98, 'classifier:LOFClassifier:p': 2}",161,Success,0.0,LOFClassifier,NoPreprocessing,no_preprocessing,,,,,,,,,,,,,,,,0.38,98.0,2.0
0.5685,0.5685,0.522066197663011,3.0160300731658936,"{'classifier:__choice__': 'CBLOFClassifier', 'data_preprocessor:__choice__': 'NoPreprocessing', 'feature_preprocessor:__choice__': 'no_preprocessing', 'classifier:CBLOFClassifier:alpha': 0.9199999999999999, 'classifier:CBLOFClassifier:beta': 3, 'classifier:CBLOFClassifier:contamination': 0.44, 'classifier:CBLOFClassifier:n_clusters': 6, 'classifier:CBLOFClassifier:use_weights': False}",127,Success,0.0,CBLOFClassifier,NoPreprocessing,no_preprocessing,0.9199999999999999,3.0,0.44,6.0,0.0,,,,,,,,,,,,,
0.5663,0.5663,0.5224786199456254,2.847975730895996,"{'classifier:__choice__': 'CBLOFClassifier', 'data_preprocessor:__choice__': 'NoPreprocessing', 'feature_preprocessor:__choice__': 'no_preprocessing', 'classifier:CBLOFClassifier:alpha': 0.9199999999999999, 'classifier:CBLOFClassifier:beta': 51, 'classifier:CBLOFClassifier:contamination': 0.39, 'classifier:CBLOFClassifier:n_clusters': 10, 'classifier:CBLOFClassifier:use_weights': False}",131,Success,0.0,CBLOFClassifier,NoPreprocessing,no_preprocessing,0.9199999999999999,51.0,0.39,10.0,0.0,,,,,,,,,,,,,
0.7223999999999999,0.7223999999999999,0.7232938696101201,1.2046165466308594,"{'classifier:__choice__': 'COPODClassifier', 'data_preprocessor:__choice__': 'NoPreprocessing', 'feature_preprocessor:__choice__': 'no_preprocessing', 'classifier:COPODClassifier:contamination': 0.46}",2,Success,0.0,COPODClassifier,NoPreprocessing,no_preprocessing,,,,,,0.46,,,,,,,,,,,,
0.5751999999999999,0.5751999999999999,0.5463664997797734,1.9868488311767578,"{'classifier:__choice__': 'IForestClassifier', 'data_preprocessor:__choice__': 'NoPreprocessing', 'feature_preprocessor:__choice__': 'no_preprocessing', 'classifier:IForestClassifier:bootstrap': False, 'classifier:IForestClassifier:contamination': 0.42000000000000004, 'classifier:IForestClassifier:max_features': 1.0, 'classifier:IForestClassifier:max_samples': 0.2, 'classifier:IForestClassifier:n_estimators': 95}",122,Success,0.0,IForestClassifier,NoPreprocessing,no_preprocessing,,,,,,,0.0,0.42000000000000004,1.0,0.2,95.0,,,,,,,
0.5831,0.5831,0.5337711649365295,3.083972692489624,"{'classifier:__choice__': 'KNNClassifier', 'data_preprocessor:__choice__': 'NoPreprocessing', 'feature_preprocessor:__choice__': 'no_preprocessing', 'classifier:KNNClassifier:contamination': 0.11, 'classifier:KNNClassifier:method': 'mean', 'classifier:KNNClassifier:n_neighbors': 71, 'classifier:KNNClassifier:p': 2}",104,Success,0.0,KNNClassifier,NoPreprocessing,no_preprocessing,,,,,,,,,,,,0.11,mean,71.0,2.0,,,
0.6157999999999999,0.6157999999999999,0.5904786643251136,2.5455665588378906,"{'classifier:__choice__': 'IForestClassifier', 'data_preprocessor:__choice__': 'NoPreprocessing', 'feature_preprocessor:__choice__': 'no_preprocessing', 'classifier:IForestClassifier:bootstrap': True, 'classifier:IForestClassifier:contamination': 0.09, 'classifier:IForestClassifier:max_features': 0.56, 'classifier:IForestClassifier:max_samples': 0.6, 'classifier:IForestClassifier:n_estimators': 141}",63,Success,0.0,IForestClassifier,NoPreprocessing,no_preprocessing,,,,,,,1.0,0.09,0.56,0.6,141.0,,,,,,,
0.604,0.604,0.5707747579830311,2.3951680660247803,"{'classifier:__choice__': 'IForestClassifier', 'data_preprocessor:__choice__': 'NoPreprocessing', 'feature_preprocessor:__choice__': 'no_preprocessing', 'classifier:IForestClassifier:bootstrap': True, 'classifier:IForestClassifier:contamination': 0.4, 'classifier:IForestClassifier:max_features': 0.65, 'classifier:IForestClassifier:max_samples': 0.8, 'classifier:IForestClassifier:n_estimators': 134}",69,Success,0.0,IForestClassifier,NoPreprocessing,no_preprocessing,,,,,,,1.0,0.4,0.65,0.8,134.0,,,,,,,
0.7223999999999999,0.7223999999999999,0.7232938696101201,1.6863152980804443,"{'classifier:__choice__': 'COPODClassifier', 'data_preprocessor:__choice__': 'NoPreprocessing', 'feature_preprocessor:__choice__': 'no_preprocessing', 'classifier:COPODClassifier:contamination': 0.14}",2,Success,0.0,COPODClassifier,NoPreprocessing,no_preprocessing,,,,,,0.14,,,,,,,,,,,,
0.6213,0.6213,0.5802390346321318,3.106640100479126,"{'classifier:__choice__': 'IForestClassifier', 'data_preprocessor:__choice__': 'NoPreprocessing', 'feature_preprocessor:__choice__': 'no_preprocessing', 'classifier:IForestClassifier:bootstrap': False, 'classifier:IForestClassifier:contamination': 0.32, 'classifier:IForestClassifier:max_features': 0.51, 'classifier:IForestClassifier:max_samples': 0.5700000000000001, 'classifier:IForestClassifier:n_estimators': 160}",57,Success,0.0,IForestClassifier,NoPreprocessing,no_preprocessing,,,,,,,0.0,0.32,0.51,0.5700000000000001,160.0,,,,,,,
0.7223999999999999,0.7223999999999999,0.7232938696101201,1.8742210865020752,"{'classifier:__choice__': 'COPODClassifier', 'data_preprocessor:__choice__': 'NoPreprocessing', 'feature_preprocessor:__choice__': 'no_preprocessing', 'classifier:COPODClassifier:contamination': 0.44}",2,Success,0.0,COPODClassifier,NoPreprocessing,no_preprocessing,,,,,,0.44,,,,,,,,,,,,
0.7223999999999999,0.7223999999999999,0.7232938696101201,1.4759044647216797,"{'classifier:__choice__': 'COPODClassifier', 'data_preprocessor:__choice__': 'NoPreprocessing', 'feature_preprocessor:__choice__': 'no_preprocessing', 'classifier:COPODClassifier:contamination': 0.42000000000000004}",2,Success,0.0,COPODClassifier,NoPreprocessing,no_preprocessing,,,,,,0.42000000000000004,,,,,,,,,,,,
0.4407000000000001,0.4407000000000001,0.4705296489204194,3.08097243309021,"{'classifier:__choice__': 'LOFClassifier', 'data_preprocessor:__choice__': 'NoPreprocessing', 'feature_preprocessor:__choice__': 'no_preprocessing', 'classifier:LOFClassifier:contamination': 0.15000000000000002, 'classifier:LOFClassifier:n_neighbors': 70, 'classifier:LOFClassifier:p': 1}",174,Success,0.0,LOFClassifier,NoPreprocessing,no_preprocessing,,,,,,,,,,,,,,,,0.15000000000000002,70.0,1.0
0.7223999999999999,0.7223999999999999,0.7232938696101201,1.5118553638458252,"{'classifier:__choice__': 'COPODClassifier', 'data_preprocessor:__choice__': 'NoPreprocessing', 'feature_preprocessor:__choice__': 'no_preprocessing', 'classifier:COPODClassifier:contamination': 0.12}",2,Success,0.0,COPODClassifier,NoPreprocessing,no_preprocessing,,,,,,0.12,,,,,,,,,,,,
0.4265,0.4265,0.43792914453227594,3.0190694332122803,"{'classifier:__choice__': 'CBLOFClassifier', 'data_preprocessor:__choice__': 'NoPreprocessing', 'feature_preprocessor:__choice__': 'no_preprocessing', 'classifier:CBLOFClassifier:alpha': 0.51, 'classifier:CBLOFClassifier:beta': 8, 'classifier:CBLOFClassifier:contamination': 0.21000000000000002, 'classifier:CBLOFClassifier:n_clusters': 4, 'classifier:CBLOFClassifier:use_weights': True}",181,Success,0.0,CBLOFClassifier,NoPreprocessing,no_preprocessing,0.51,8.0,0.21000000000000002,4.0,1.0,,,,,,,,,,,,,
0.6248,0.6248,0.608615835007512,1.0820930004119873,"{'classifier:__choice__': 'IForestClassifier', 'data_preprocessor:__choice__': 'NoPreprocessing', 'feature_preprocessor:__choice__': 'no_preprocessing', 'classifier:IForestClassifier:bootstrap': True, 'classifier:IForestClassifier:contamination': 0.09999999999999999, 'classifier:IForestClassifier:max_features': 0.19, 'classifier:IForestClassifier:max_samples': 0.72, 'classifier:IForestClassifier:n_estimators': 34}",53,Success,0.0,IForestClassifier,NoPreprocessing,no_preprocessing,,,,,,,1.0,0.09999999999999999,0.19,0.72,34.0,,,,,,,
0.7223999999999999,0.7223999999999999,0.7232938696101201,1.2120745182037354,"{'classifier:__choice__': 'COPODClassifier', 'data_preprocessor:__choice__': 'NoPreprocessing', 'feature_preprocessor:__choice__': 'no_preprocessing', 'classifier:COPODClassifier:contamination': 0.08}",2,Success,0.0,COPODClassifier,NoPreprocessing,no_preprocessing,,,,,,0.08,,,,,,,,,,,,
0.7223999999999999,0.7223999999999999,0.7232938696101201,1.3495118618011475,"{'classifier:__choice__': 'COPODClassifier', 'data_preprocessor:__choice__': 'NoPreprocessing', 'feature_preprocessor:__choice__': 'no_preprocessing', 'classifier:COPODClassifier:contamination': 0.06999999999999999}",2,Success,0.0,COPODClassifier,NoPreprocessing,no_preprocessing,,,,,,0.06999999999999999,,,,,,,,,,,,
0.4565,0.4565,0.46662546705217134,1.508302927017212,"{'classifier:__choice__': 'LOFClassifier', 'data_preprocessor:__choice__': 'NoPreprocessing', 'feature_preprocessor:__choice__': 'no_preprocessing', 'classifier:LOFClassifier:contamination': 0.4, 'classifier:LOFClassifier:n_neighbors': 65, 'classifier:LOFClassifier:p': 2}",170,Success,0.0,LOFClassifier,NoPreprocessing,no_preprocessing,,,,,,,,,,,,,,,,0.4,65.0,2.0
0.36560000000000004,0.36560000000000004,0.41667599174713343,3.0690252780914307,"{'classifier:__choice__': 'CBLOFClassifier', 'data_preprocessor:__choice__': 'NoPreprocessing', 'feature_preprocessor:__choice__': 'no_preprocessing', 'classifier:CBLOFClassifier:alpha': 0.88, 'classifier:CBLOFClassifier:beta': 79, 'classifier:CBLOFClassifier:contamination': 0.06999999999999999, 'classifier:CBLOFClassifier:n_clusters': 20, 'classifier:CBLOFClassifier:use_weights': True}",193,Success,0.0,CBLOFClassifier,NoPreprocessing,no_preprocessing,0.88,79.0,0.06999999999999999,20.0,1.0,,,,,,,,,,,,,
0.5833999999999999,0.5833999999999999,0.5291955992130974,4.056916236877441,"{'classifier:__choice__': 'KNNClassifier', 'data_preprocessor:__choice__': 'NoPreprocessing', 'feature_preprocessor:__choice__': 'no_preprocessing', 'classifier:KNNClassifier:contamination': 0.15000000000000002, 'classifier:KNNClassifier:method': 'median', 'classifier:KNNClassifier:n_neighbors': 161, 'classifier:KNNClassifier:p': 2}",101,Success,0.0,KNNClassifier,NoPreprocessing,no_preprocessing,,,,,,,,,,,,0.15000000000000002,median,161.0,2.0,,,
0.5835,0.5835,0.5346747094338808,3.8825466632843018,"{'classifier:__choice__': 'KNNClassifier', 'data_preprocessor:__choice__': 'NoPreprocessing', 'feature_preprocessor:__choice__': 'no_preprocessing', 'classifier:KNNClassifier:contamination': 0.15000000000000002, 'classifier:KNNClassifier:method': 'mean', 'classifier:KNNClassifier:n_neighbors': 57, 'classifier:KNNClassifier:p': 1}",98,Success,0.0,KNNClassifier,NoPreprocessing,no_preprocessing,,,,,,,,,,,,0.15000000000000002,mean,57.0,1.0,,,
0.607,0.607,0.5643437154203848,3.0242769718170166,"{'classifier:__choice__': 'IForestClassifier', 'data_preprocessor:__choice__': 'NoPreprocessing', 'feature_preprocessor:__choice__': 'no_preprocessing', 'classifier:IForestClassifier:bootstrap': False, 'classifier:IForestClassifier:contamination': 0.2, 'classifier:IForestClassifier:max_features': 0.47, 'classifier:IForestClassifier:max_samples': 0.66, 'classifier:IForestClassifier:n_estimators': 172}",67,Success,0.0,IForestClassifier,NoPreprocessing,no_preprocessing,,,,,,,0.0,0.2,0.47,0.66,172.0,,,,,,,
0.654,0.654,0.6177882961692724,1.0360708236694336,"{'classifier:__choice__': 'IForestClassifier', 'data_preprocessor:__choice__': 'NoPreprocessing', 'feature_preprocessor:__choice__': 'no_preprocessing', 'classifier:IForestClassifier:bootstrap': True, 'classifier:IForestClassifier:contamination': 0.49, 'classifier:IForestClassifier:max_features': 0.78, 'classifier:IForestClassifier:max_samples': 0.56, 'classifier:IForestClassifier:n_estimators': 16}",41,Success,0.0,IForestClassifier,NoPreprocessing,no_preprocessing,,,,,,,1.0,0.49,0.78,0.56,16.0,,,,,,,
0.7223999999999999,0.7223999999999999,0.7232938696101201,1.2006678581237793,"{'classifier:__choice__': 'COPODClassifier', 'data_preprocessor:__choice__': 'NoPreprocessing', 'feature_preprocessor:__choice__': 'no_preprocessing', 'classifier:COPODClassifier:contamination': 0.35000000000000003}",2,Success,0.0,COPODClassifier,NoPreprocessing,no_preprocessing,,,,,,0.35000000000000003,,,,,,,,,,,,
0.5859,0.5859,0.5321443581471236,3.9149906635284424,"{'classifier:__choice__': 'KNNClassifier', 'data_preprocessor:__choice__': 'NoPreprocessing', 'feature_preprocessor:__choice__': 'no_preprocessing', 'classifier:KNNClassifier:contamination': 0.21000000000000002, 'classifier:KNNClassifier:method': 'mean', 'classifier:KNNClassifier:n_neighbors': 193, 'classifier:KNNClassifier:p': 2}",87,Success,0.0,KNNClassifier,NoPreprocessing,no_preprocessing,,,,,,,,,,,,0.21000000000000002,mean,193.0,2.0,,,
0.6106,0.6106,0.5666100702429007,2.3566510677337646,"{'classifier:__choice__': 'IForestClassifier', 'data_preprocessor:__choice__': 'NoPreprocessing', 'feature_preprocessor:__choice__': 'no_preprocessing', 'classifier:IForestClassifier:bootstrap': False, 'classifier:IForestClassifier:contamination': 0.01, 'classifier:IForestClassifier:max_features': 0.44000000000000006, 'classifier:IForestClassifier:max_samples': 0.55, 'classifier:IForestClassifier:n_estimators': 177}",66,Success,0.0,IForestClassifier,NoPreprocessing,no_preprocessing,,,,,,,0.0,0.01,0.44000000000000006,0.55,177.0,,,,,,,
0.4094,0.4094,0.46767394988263344,2.12319016456604,"{'classifier:__choice__': 'LOFClassifier', 'data_preprocessor:__choice__': 'NoPreprocessing', 'feature_preprocessor:__choice__': 'no_preprocessing', 'classifier:LOFClassifier:contamination': 0.14, 'classifier:LOFClassifier:n_neighbors': 47, 'classifier:LOFClassifier:p': 1}",189,Success,0.0,LOFClassifier,NoPreprocessing,no_preprocessing,,,,,,,,,,,,,,,,0.14,47.0,1.0
0.7223999999999999,0.7223999999999999,0.7232938696101201,1.1463029384613037,"{'classifier:__choice__': 'COPODClassifier', 'data_preprocessor:__choice__': 'NoPreprocessing', 'feature_preprocessor:__choice__': 'no_preprocessing', 'classifier:COPODClassifier:contamination': 0.25}",2,Success,0.0,COPODClassifier,NoPreprocessing,no_preprocessing,,,,,,0.25,,,,,,,,,,,,
0.6272,0.6272,0.58767396050741,2.6490237712860107,"{'classifier:__choice__': 'IForestClassifier', 'data_preprocessor:__choice__': 'NoPreprocessing', 'feature_preprocessor:__choice__': 'no_preprocessing', 'classifier:IForestClassifier:bootstrap': False, 'classifier:IForestClassifier:contamination': 0.49, 'classifier:IForestClassifier:max_features': 0.78, 'classifier:IForestClassifier:max_samples': 0.8099999999999999, 'classifier:IForestClassifier:n_estimators': 149}",51,Success,0.0,IForestClassifier,NoPreprocessing,no_preprocessing,,,,,,,0.0,0.49,0.78,0.8099999999999999,149.0,,,,,,,
0.6176999999999999,0.6176999999999999,0.5689003341199732,2.712228775024414,"{'classifier:__choice__': 'IForestClassifier', 'data_preprocessor:__choice__': 'NoPreprocessing', 'feature_preprocessor:__choice__': 'no_preprocessing', 'classifier:IForestClassifier:bootstrap': True, 'classifier:IForestClassifier:contamination': 0.16, 'classifier:IForestClassifier:max_features': 0.64, 'classifier:IForestClassifier:max_samples': 0.62, 'classifier:IForestClassifier:n_estimators': 197}",61,Success,0.0,IForestClassifier,NoPreprocessing,no_preprocessing,,,,,,,1.0,0.16,0.64,0.62,197.0,,,,,,,
0.5972000000000001,0.5972000000000001,0.5408161143798658,2.5964255332946777,"{'classifier:__choice__': 'CBLOFClassifier', 'data_preprocessor:__choice__': 'NoPreprocessing', 'feature_preprocessor:__choice__': 'no_preprocessing', 'classifier:CBLOFClassifier:alpha': 0.63, 'classifier:CBLOFClassifier:beta': 28, 'classifier:CBLOFClassifier:contamination': 0.24000000000000002, 'classifier:CBLOFClassifier:n_clusters': 4, 'classifier:CBLOFClassifier:use_weights': False}",71,Success,0.0,CBLOFClassifier,NoPreprocessing,no_preprocessing,0.63,28.0,0.24000000000000002,4.0,0.0,,,,,,,,,,,,,
0.7223999999999999,0.7223999999999999,0.7232938696101201,1.1260278224945068,"{'classifier:__choice__': 'COPODClassifier', 'data_preprocessor:__choice__': 'NoPreprocessing', 'feature_preprocessor:__choice__': 'no_preprocessing', 'classifier:COPODClassifier:contamination': 0.24000000000000002}",2,Success,0.0,COPODClassifier,NoPreprocessing,no_preprocessing,,,,,,0.24000000000000002,,,,,,,,,,,,
0.41359999999999997,0.41359999999999997,0.4312102012458876,2.5483391284942627,"{'classifier:__choice__': 'CBLOFClassifier', 'data_preprocessor:__choice__': 'NoPreprocessing', 'feature_preprocessor:__choice__': 'no_preprocessing', 'classifier:CBLOFClassifier:alpha': 0.9199999999999999, 'classifier:CBLOFClassifier:beta': 69, 'classifier:CBLOFClassifier:contamination': 0.23, 'classifier:CBLOFClassifier:n_clusters': 5, 'classifier:CBLOFClassifier:use_weights': True}",186,Success,0.0,CBLOFClassifier,NoPreprocessing,no_preprocessing,0.9199999999999999,69.0,0.23,5.0,1.0,,,,,,,,,,,,,
0.5571,0.5571,0.5275984588330463,4.290577173233032,"{'classifier:__choice__': 'KNNClassifier', 'data_preprocessor:__choice__': 'NoPreprocessing', 'feature_preprocessor:__choice__': 'no_preprocessing', 'classifier:KNNClassifier:contamination': 0.41000000000000003, 'classifier:KNNClassifier:method': 'mean', 'classifier:KNNClassifier:n_neighbors': 10, 'classifier:KNNClassifier:p': 1}",140,Success,0.0,KNNClassifier,NoPreprocessing,no_preprocessing,,,,,,,,,,,,0.41000000000000003,mean,10.0,1.0,,,
0.5855,0.5855,0.5402626867042424,4.215445518493652,"{'classifier:__choice__': 'KNNClassifier', 'data_preprocessor:__choice__': 'NoPreprocessing', 'feature_preprocessor:__choice__': 'no_preprocessing', 'classifier:KNNClassifier:contamination': 0.09, 'classifier:KNNClassifier:method': 'mean', 'classifier:KNNClassifier:n_neighbors': 27, 'classifier:KNNClassifier:p': 2}",89,Success,0.0,KNNClassifier,NoPreprocessing,no_preprocessing,,,,,,,,,,,,0.09,mean,27.0,2.0,,,
0.33699999999999997,0.33699999999999997,0.39999238163038076,2.8358943462371826,"{'classifier:__choice__': 'CBLOFClassifier', 'data_preprocessor:__choice__': 'NoPreprocessing', 'feature_preprocessor:__choice__': 'no_preprocessing', 'classifier:CBLOFClassifier:alpha': 0.7, 'classifier:CBLOFClassifier:beta': 50, 'classifier:CBLOFClassifier:contamination': 0.41000000000000003, 'classifier:CBLOFClassifier:n_clusters': 12, 'classifier:CBLOFClassifier:use_weights': True}",198,Success,0.0,CBLOFClassifier,NoPreprocessing,no_preprocessing,0.7,50.0,0.41000000000000003,12.0,1.0,,,,,,,,,,,,,
0.43809999999999993,0.43809999999999993,0.4641487456830764,1.2401351928710938,"{'classifier:__choice__': 'LOFClassifier', 'data_preprocessor:__choice__': 'NoPreprocessing', 'feature_preprocessor:__choice__': 'no_preprocessing', 'classifier:LOFClassifier:contamination': 0.49, 'classifier:LOFClassifier:n_neighbors': 49, 'classifier:LOFClassifier:p': 2}",177,Success,0.0,LOFClassifier,NoPreprocessing,no_preprocessing,,,,,,,,,,,,,,,,0.49,49.0,2.0
0.47140000000000004,0.47140000000000004,0.47165904446891016,1.3179235458374023,"{'classifier:__choice__': 'LOFClassifier', 'data_preprocessor:__choice__': 'NoPreprocessing', 'feature_preprocessor:__choice__': 'no_preprocessing', 'classifier:LOFClassifier:contamination': 0.4, 'classifier:LOFClassifier:n_neighbors': 87, 'classifier:LOFClassifier:p': 2}",164,Success,0.0,LOFClassifier,NoPreprocessing,no_preprocessing,,,,,,,,,,,,,,,,0.4,87.0,2.0
0.58545,0.58545,0.53170984401376,4.3187689781188965,"{'classifier:__choice__': 'KNNClassifier', 'data_preprocessor:__choice__': 'NoPreprocessing', 'feature_preprocessor:__choice__': 'no_preprocessing', 'classifier:KNNClassifier:contamination': 0.22, 'classifier:KNNClassifier:method': 'mean', 'classifier:KNNClassifier:n_neighbors': 187, 'classifier:KNNClassifier:p': 1}",90,Success,0.0,KNNClassifier,NoPreprocessing,no_preprocessing,,,,,,,,,,,,0.22,mean,187.0,1.0,,,
0.4888,0.4888,0.4761829792990684,1.6628921031951904,"{'classifier:__choice__': 'LOFClassifier', 'data_preprocessor:__choice__': 'NoPreprocessing', 'feature_preprocessor:__choice__': 'no_preprocessing', 'classifier:LOFClassifier:contamination': 0.37, 'classifier:LOFClassifier:n_neighbors': 136, 'classifier:LOFClassifier:p': 2}",157,Success,0.0,LOFClassifier,NoPreprocessing,no_preprocessing,,,,,,,,,,,,,,,,0.37,136.0,2.0
0.5829,0.5829,0.5295498207925515,3.34616756439209,"{'classifier:__choice__': 'KNNClassifier', 'data_preprocessor:__choice__': 'NoPreprocessing', 'feature_preprocessor:__choice__': 'no_preprocessing', 'classifier:KNNClassifier:contamination': 0.22, 'classifier:KNNClassifier:method': 'largest', 'classifier:KNNClassifier:n_neighbors': 70, 'classifier:KNNClassifier:p': 2}",107,Success,0.0,KNNClassifier,NoPreprocessing,no_preprocessing,,,,,,,,,,,,0.22,largest,70.0,2.0,,,
0.7223999999999999,0.7223999999999999,0.7232938696101201,1.2694005966186523,"{'classifier:__choice__': 'COPODClassifier', 'data_preprocessor:__choice__': 'NoPreprocessing', 'feature_preprocessor:__choice__': 'no_preprocessing', 'classifier:COPODClassifier:contamination': 0.11}",2,Success,0.0,COPODClassifier,NoPreprocessing,no_preprocessing,,,,,,0.11,,,,,,,,,,,,
0.6319,0.6319,0.6010201263384579,0.8201706409454346,"{'classifier:__choice__': 'IForestClassifier', 'data_preprocessor:__choice__': 'NoPreprocessing', 'feature_preprocessor:__choice__': 'no_preprocessing', 'classifier:IForestClassifier:bootstrap': False, 'classifier:IForestClassifier:contamination': 0.46, 'classifier:IForestClassifier:max_features': 0.30000000000000004, 'classifier:IForestClassifier:max_samples': 0.12000000000000001, 'classifier:IForestClassifier:n_estimators': 19}",50,Success,0.0,IForestClassifier,NoPreprocessing,no_preprocessing,,,,,,,0.0,0.46,0.30000000000000004,0.12000000000000001,19.0,,,,,,,
0.4094,0.4094,0.46767394988263344,2.7114903926849365,"{'classifier:__choice__': 'LOFClassifier', 'data_preprocessor:__choice__': 'NoPreprocessing', 'feature_preprocessor:__choice__': 'no_preprocessing', 'classifier:LOFClassifier:contamination': 0.19, 'classifier:LOFClassifier:n_neighbors': 47, 'classifier:LOFClassifier:p': 1}",189,Success,0.0,LOFClassifier,NoPreprocessing,no_preprocessing,,,,,,,,,,,,,,,,0.19,47.0,1.0
0.7223999999999999,0.7223999999999999,0.7232938696101201,1.3744053840637207,"{'classifier:__choice__': 'COPODClassifier', 'data_preprocessor:__choice__': 'NoPreprocessing', 'feature_preprocessor:__choice__': 'no_preprocessing', 'classifier:COPODClassifier:contamination': 0.18000000000000002}",2,Success,0.0,COPODClassifier,NoPreprocessing,no_preprocessing,,,,,,0.18000000000000002,,,,,,,,,,,,
0.6175999999999999,0.6175999999999999,0.5868251119755216,2.33573579788208,"{'classifier:__choice__': 'IForestClassifier', 'data_preprocessor:__choice__': 'NoPreprocessing', 'feature_preprocessor:__choice__': 'no_preprocessing', 'classifier:IForestClassifier:bootstrap': False, 'classifier:IForestClassifier:contamination': 0.19, 'classifier:IForestClassifier:max_features': 0.61, 'classifier:IForestClassifier:max_samples': 0.49, 'classifier:IForestClassifier:n_estimators': 93}",62,Success,0.0,IForestClassifier,NoPreprocessing,no_preprocessing,,,,,,,0.0,0.19,0.61,0.49,93.0,,,,,,,
0.7223999999999999,0.7223999999999999,0.7232938696101201,1.4131169319152832,"{'classifier:__choice__': 'COPODClassifier', 'data_preprocessor:__choice__': 'NoPreprocessing', 'feature_preprocessor:__choice__': 'no_preprocessing', 'classifier:COPODClassifier:contamination': 0.03}",2,Success,0.0,COPODClassifier,NoPreprocessing,no_preprocessing,,,,,,0.03,,,,,,,,,,,,
0.577,0.577,0.5504430485385079,1.313847303390503,"{'classifier:__choice__': 'IForestClassifier', 'data_preprocessor:__choice__': 'NoPreprocessing', 'feature_preprocessor:__choice__': 'no_preprocessing', 'classifier:IForestClassifier:bootstrap': True, 'classifier:IForestClassifier:contamination': 0.08, 'classifier:IForestClassifier:max_features': 0.89, 'classifier:IForestClassifier:max_samples': 0.72, 'classifier:IForestClassifier:n_estimators': 46}",121,Success,0.0,IForestClassifier,NoPreprocessing,no_preprocessing,,,,,,,1.0,0.08,0.89,0.72,46.0,,,,,,,
0.486,0.486,0.4756359414830891,1.4154384136199951,"{'classifier:__choice__': 'LOFClassifier', 'data_preprocessor:__choice__': 'NoPreprocessing', 'feature_preprocessor:__choice__': 'no_preprocessing', 'classifier:LOFClassifier:contamination': 0.09999999999999999, 'classifier:LOFClassifier:n_neighbors': 120, 'classifier:LOFClassifier:p': 2}",159,Success,0.0,LOFClassifier,NoPreprocessing,no_preprocessing,,,,,,,,,,,,,,,,0.09999999999999999,120.0,2.0
0.4382999999999999,0.4382999999999999,0.4710910554221204,2.6632378101348877,"{'classifier:__choice__': 'LOFClassifier', 'data_preprocessor:__choice__': 'NoPreprocessing', 'feature_preprocessor:__choice__': 'no_preprocessing', 'classifier:LOFClassifier:contamination': 0.41000000000000003, 'classifier:LOFClassifier:n_neighbors': 68, 'classifier:LOFClassifier:p': 1}",176,Success,0.0,LOFClassifier,NoPreprocessing,no_preprocessing,,,,,,,,,,,,,,,,0.41000000000000003,68.0,1.0
0.42169999999999996,0.42169999999999996,0.4359856318281117,3.4284098148345947,"{'classifier:__choice__': 'CBLOFClassifier', 'data_preprocessor:__choice__': 'NoPreprocessing', 'feature_preprocessor:__choice__': 'no_preprocessing', 'classifier:CBLOFClassifier:alpha': 0.72, 'classifier:CBLOFClassifier:beta': 6, 'classifier:CBLOFClassifier:contamination': 0.34, 'classifier:CBLOFClassifier:n_clusters': 6, 'classifier:CBLOFClassifier:use_weights': True}",184,Success,0.0,CBLOFClassifier,NoPreprocessing,no_preprocessing,0.72,6.0,0.34,6.0,1.0,,,,,,,,,,,,,
0.5968,0.5968,0.5681338120871808,2.1439132690429688,"{'classifier:__choice__': 'IForestClassifier', 'data_preprocessor:__choice__': 'NoPreprocessing', 'feature_preprocessor:__choice__': 'no_preprocessing', 'classifier:IForestClassifier:bootstrap': False, 'classifier:IForestClassifier:contamination': 0.34, 'classifier:IForestClassifier:max_features': 0.65, 'classifier:IForestClassifier:max_samples': 0.51, 'classifier:IForestClassifier:n_estimators': 93}",72,Success,0.0,IForestClassifier,NoPreprocessing,no_preprocessing,,,,,,,0.0,0.34,0.65,0.51,93.0,,,,,,,
0.7223999999999999,0.7223999999999999,0.7232938696101201,1.4301085472106934,"{'classifier:__choice__': 'COPODClassifier', 'data_preprocessor:__choice__': 'NoPreprocessing', 'feature_preprocessor:__choice__': 'no_preprocessing', 'classifier:COPODClassifier:contamination': 0.15000000000000002}",2,Success,0.0,COPODClassifier,NoPreprocessing,no_preprocessing,,,,,,0.15000000000000002,,,,,,,,,,,,
0.5476,0.5476,0.5168660113477933,1.4419434070587158,"{'classifier:__choice__': 'IForestClassifier', 'data_preprocessor:__choice__': 'NoPreprocessing', 'feature_preprocessor:__choice__': 'no_preprocessing', 'classifier:IForestClassifier:bootstrap': True, 'classifier:IForestClassifier:contamination': 0.44, 'classifier:IForestClassifier:max_features': 0.59, 'classifier:IForestClassifier:max_samples': 0.65, 'classifier:IForestClassifier:n_estimators': 71}",145,Success,0.0,IForestClassifier,NoPreprocessing,no_preprocessing,,,,,,,1.0,0.44,0.59,0.65,71.0,,,,,,,
0.5921,0.5921,0.5582803589854305,1.5352418422698975,"{'classifier:__choice__': 'IForestClassifier', 'data_preprocessor:__choice__': 'NoPreprocessing', 'feature_preprocessor:__choice__': 'no_preprocessing', 'classifier:IForestClassifier:bootstrap': False, 'classifier:IForestClassifier:contamination': 0.03, 'classifier:IForestClassifier:max_features': 0.27, 'classifier:IForestClassifier:max_samples': 0.58, 'classifier:IForestClassifier:n_estimators': 83}",79,Success,0.0,IForestClassifier,NoPreprocessing,no_preprocessing,,,,,,,0.0,0.03,0.27,0.58,83.0,,,,,,,
0.5772,0.5772,0.5678453532148424,1.9658942222595215,"{'classifier:__choice__': 'IForestClassifier', 'data_preprocessor:__choice__': 'NoPreprocessing', 'feature_preprocessor:__choice__': 'no_preprocessing', 'classifier:IForestClassifier:bootstrap': False, 'classifier:IForestClassifier:contamination': 0.3, 'classifier:IForestClassifier:max_features': 0.28, 'classifier:IForestClassifier:max_samples': 0.96, 'classifier:IForestClassifier:n_estimators': 106}",120,Success,0.0,IForestClassifier,NoPreprocessing,no_preprocessing,,,,,,,0.0,0.3,0.28,0.96,106.0,,,,,,,
0.7223999999999999,0.7223999999999999,0.7232938696101201,1.2102665901184082,"{'classifier:__choice__': 'COPODClassifier', 'data_preprocessor:__choice__': 'NoPreprocessing', 'feature_preprocessor:__choice__': 'no_preprocessing', 'classifier:COPODClassifier:contamination': 0.13}",2,Success,0.0,COPODClassifier,NoPreprocessing,no_preprocessing,,,,,,0.13,,,,,,,,,,,,
0.63835,0.63835,0.5961624483499217,0.7525053024291992,"{'classifier:__choice__': 'IForestClassifier', 'data_preprocessor:__choice__': 'NoPreprocessing', 'feature_preprocessor:__choice__': 'no_preprocessing', 'classifier:IForestClassifier:bootstrap': True, 'classifier:IForestClassifier:contamination': 0.32, 'classifier:IForestClassifier:max_features': 0.25, 'classifier:IForestClassifier:max_samples': 0.78, 'classifier:IForestClassifier:n_estimators': 15}",47,Success,0.0,IForestClassifier,NoPreprocessing,no_preprocessing,,,,,,,1.0,0.32,0.25,0.78,15.0,,,,,,,
0.5952,0.5952,0.5699623335612249,2.8030543327331543,"{'classifier:__choice__': 'IForestClassifier', 'data_preprocessor:__choice__': 'NoPreprocessing', 'feature_preprocessor:__choice__': 'no_preprocessing', 'classifier:IForestClassifier:bootstrap': False, 'classifier:IForestClassifier:contamination': 0.49, 'classifier:IForestClassifier:max_features': 0.6, 'classifier:IForestClassifier:max_samples': 0.8099999999999999, 'classifier:IForestClassifier:n_estimators': 166}",73,Success,0.0,IForestClassifier,NoPreprocessing,no_preprocessing,,,,,,,0.0,0.49,0.6,0.8099999999999999,166.0,,,,,,,
0.41999999999999993,0.41999999999999993,0.43550470299263333,2.758775472640991,"{'classifier:__choice__': 'CBLOFClassifier', 'data_preprocessor:__choice__': 'NoPreprocessing', 'feature_preprocessor:__choice__': 'no_preprocessing', 'classifier:CBLOFClassifier:alpha': 0.89, 'classifier:CBLOFClassifier:beta': 22, 'classifier:CBLOFClassifier:contamination': 0.27, 'classifier:CBLOFClassifier:n_clusters': 6, 'classifier:CBLOFClassifier:use_weights': True}",185,Success,0.0,CBLOFClassifier,NoPreprocessing,no_preprocessing,0.89,22.0,0.27,6.0,1.0,,,,,,,,,,,,,
0.5838000000000001,0.5838000000000001,0.5309002470570983,4.994632005691528,"{'classifier:__choice__': 'KNNClassifier', 'data_preprocessor:__choice__': 'NoPreprocessing', 'feature_preprocessor:__choice__': 'no_preprocessing', 'classifier:KNNClassifier:contamination': 0.5, 'classifier:KNNClassifier:method': 'median', 'classifier:KNNClassifier:n_neighbors': 96, 'classifier:KNNClassifier:p': 1}",96,Success,0.0,KNNClassifier,NoPreprocessing,no_preprocessing,,,,,,,,,,,,0.5,median,96.0,1.0,,,
0.46110000000000007,0.46110000000000007,0.47771164024626156,2.1717851161956787,"{'classifier:__choice__': 'LOFClassifier', 'data_preprocessor:__choice__': 'NoPreprocessing', 'feature_preprocessor:__choice__': 'no_preprocessing', 'classifier:LOFClassifier:contamination': 0.09999999999999999, 'classifier:LOFClassifier:n_neighbors': 81, 'classifier:LOFClassifier:p': 1}",168,Success,0.0,LOFClassifier,NoPreprocessing,no_preprocessing,,,,,,,,,,,,,,,,0.09999999999999999,81.0,1.0
0.5912,0.5912,0.5702338306591389,1.4656033515930176,"{'classifier:__choice__': 'IForestClassifier', 'data_preprocessor:__choice__': 'NoPreprocessing', 'feature_preprocessor:__choice__': 'no_preprocessing', 'classifier:IForestClassifier:bootstrap': False, 'classifier:IForestClassifier:contamination': 0.25, 'classifier:IForestClassifier:max_features': 0.15000000000000002, 'classifier:IForestClassifier:max_samples': 0.48, 'classifier:IForestClassifier:n_estimators': 79}",80,Success,0.0,IForestClassifier,NoPreprocessing,no_preprocessing,,,,,,,0.0,0.25,0.15000000000000002,0.48,79.0,,,,,,,
0.43399999999999994,0.43399999999999994,0.47120841820736636,2.1543259620666504,"{'classifier:__choice__': 'LOFClassifier', 'data_preprocessor:__choice__': 'NoPreprocessing', 'feature_preprocessor:__choice__': 'no_preprocessing', 'classifier:LOFClassifier:contamination': 0.41000000000000003, 'classifier:LOFClassifier:n_neighbors': 64, 'classifier:LOFClassifier:p': 1}",178,Success,0.0,LOFClassifier,NoPreprocessing,no_preprocessing,,,,,,,,,,,,,,,,0.41000000000000003,64.0,1.0
0.33799999999999997,0.33799999999999997,0.4002694762647494,3.3172364234924316,"{'classifier:__choice__': 'CBLOFClassifier', 'data_preprocessor:__choice__': 'NoPreprocessing', 'feature_preprocessor:__choice__': 'no_preprocessing', 'classifier:CBLOFClassifier:alpha': 0.94, 'classifier:CBLOFClassifier:beta': 95, 'classifier:CBLOFClassifier:contamination': 0.15000000000000002, 'classifier:CBLOFClassifier:n_clusters': 12, 'classifier:CBLOFClassifier:use_weights': True}",197,Success,0.0,CBLOFClassifier,NoPreprocessing,no_preprocessing,0.94,95.0,0.15000000000000002,12.0,1.0,,,,,,,,,,,,,
0.5840000000000001,0.5840000000000001,0.5311182645823764,4.977116346359253,"{'classifier:__choice__': 'KNNClassifier', 'data_preprocessor:__choice__': 'NoPreprocessing', 'feature_preprocessor:__choice__': 'no_preprocessing', 'classifier:KNNClassifier:contamination': 0.02, 'classifier:KNNClassifier:method': 'median', 'classifier:KNNClassifier:n_neighbors': 93, 'classifier:KNNClassifier:p': 1}",95,Success,0.0,KNNClassifier,NoPreprocessing,no_preprocessing,,,,,,,,,,,,0.02,median,93.0,1.0,,,
0.5635000000000001,0.5635000000000001,0.5204123071824678,3.5205867290496826,"{'classifier:__choice__': 'CBLOFClassifier', 'data_preprocessor:__choice__': 'NoPreprocessing', 'feature_preprocessor:__choice__': 'no_preprocessing', 'classifier:CBLOFClassifier:alpha': 0.9299999999999999, 'classifier:CBLOFClassifier:beta': 6, 'classifier:CBLOFClassifier:contamination': 0.15000000000000002, 'classifier:CBLOFClassifier:n_clusters': 8, 'classifier:CBLOFClassifier:use_weights': False}",136,Success,0.0,CBLOFClassifier,NoPreprocessing,no_preprocessing,0.9299999999999999,6.0,0.15000000000000002,8.0,0.0,,,,,,,,,,,,,
0.6418500000000001,0.6418500000000001,0.6110990785762161,1.1146423816680908,"{'classifier:__choice__': 'IForestClassifier', 'data_preprocessor:__choice__': 'NoPreprocessing', 'feature_preprocessor:__choice__': 'no_preprocessing', 'classifier:IForestClassifier:bootstrap': False, 'classifier:IForestClassifier:contamination': 0.23, 'classifier:IForestClassifier:max_features': 0.74, 'classifier:IForestClassifier:max_samples': 0.47, 'classifier:IForestClassifier:n_estimators': 43}",45,Success,0.0,IForestClassifier,NoPreprocessing,no_preprocessing,,,,,,,0.0,0.23,0.74,0.47,43.0,,,,,,,
0.5828,0.5828,0.529076900190107,3.4500625133514404,"{'classifier:__choice__': 'KNNClassifier', 'data_preprocessor:__choice__': 'NoPreprocessing', 'feature_preprocessor:__choice__': 'no_preprocessing', 'classifier:KNNClassifier:contamination': 0.3, 'classifier:KNNClassifier:method': 'median', 'classifier:KNNClassifier:n_neighbors': 142, 'classifier:KNNClassifier:p': 2}",108,Success,0.0,KNNClassifier,NoPreprocessing,no_preprocessing,,,,,,,,,,,,0.3,median,142.0,2.0,,,
0.563,0.563,0.519639771647539,3.029343843460083,"{'classifier:__choice__': 'CBLOFClassifier', 'data_preprocessor:__choice__': 'NoPreprocessing', 'feature_preprocessor:__choice__': 'no_preprocessing', 'classifier:CBLOFClassifier:alpha': 0.56, 'classifier:CBLOFClassifier:beta': 43, 'classifier:CBLOFClassifier:contamination': 0.14, 'classifier:CBLOFClassifier:n_clusters': 9, 'classifier:CBLOFClassifier:use_weights': False}",137,Success,0.0,CBLOFClassifier,NoPreprocessing,no_preprocessing,0.56,43.0,0.14,9.0,0.0,,,,,,,,,,,,,
0.7223999999999999,0.7223999999999999,0.7232938696101201,1.1506872177124023,"{'classifier:__choice__': 'COPODClassifier', 'data_preprocessor:__choice__': 'NoPreprocessing', 'feature_preprocessor:__choice__': 'no_preprocessing', 'classifier:COPODClassifier:contamination': 0.02}",2,Success,0.0,COPODClassifier,NoPreprocessing,no_preprocessing,,,,,,0.02,,,,,,,,,,,,
0.47219999999999995,0.47219999999999995,0.4840218116005808,2.3521881103515625,"{'classifier:__choice__': 'LOFClassifier', 'data_preprocessor:__choice__': 'NoPreprocessing', 'feature_preprocessor:__choice__': 'no_preprocessing', 'classifier:LOFClassifier:contamination': 0.31, 'classifier:LOFClassifier:n_neighbors': 85, 'classifier:LOFClassifier:p': 1}",163,Success,0.0,LOFClassifier,NoPreprocessing,no_preprocessing,,,,,,,,,,,,,,,,0.31,85.0,1.0
0.7223999999999999,0.7223999999999999,0.7232938696101201,1.1568889617919922,"{'classifier:__choice__': 'COPODClassifier', 'data_preprocessor:__choice__': 'NoPreprocessing', 'feature_preprocessor:__choice__': 'no_preprocessing', 'classifier:COPODClassifier:contamination': 0.39}",2,Success,0.0,COPODClassifier,NoPreprocessing,no_preprocessing,,,,,,0.39,,,,,,,,,,,,
0.7223999999999999,0.7223999999999999,0.7232938696101201,1.3577914237976074,"{'classifier:__choice__': 'COPODClassifier', 'data_preprocessor:__choice__': 'NoPreprocessing', 'feature_preprocessor:__choice__': 'no_preprocessing', 'classifier:COPODClassifier:contamination': 0.060000000000000005}",2,Success,0.0,COPODClassifier,NoPreprocessing,no_preprocessing,,,,,,0.060000000000000005,,,,,,,,,,,,
0.581,0.581,0.5381428024210761,2.169534206390381,"{'classifier:__choice__': 'LOFClassifier', 'data_preprocessor:__choice__': 'NoPreprocessing', 'feature_preprocessor:__choice__': 'no_preprocessing', 'classifier:LOFClassifier:contamination': 0.19, 'classifier:LOFClassifier:n_neighbors': 172, 'classifier:LOFClassifier:p': 1}",116,Success,0.0,LOFClassifier,NoPreprocessing,no_preprocessing,,,,,,,,,,,,,,,,0.19,172.0,1.0
0.6521,0.6521,0.614712744689893,1.8396718502044678,"{'classifier:__choice__': 'IForestClassifier', 'data_preprocessor:__choice__': 'NoPreprocessing', 'feature_preprocessor:__choice__': 'no_preprocessing', 'classifier:IForestClassifier:bootstrap': True, 'classifier:IForestClassifier:contamination': 0.45, 'classifier:IForestClassifier:max_features': 0.23, 'classifier:IForestClassifier:max_samples': 0.87, 'classifier:IForestClassifier:n_estimators': 118}",44,Success,0.0,IForestClassifier,NoPreprocessing,no_preprocessing,,,,,,,1.0,0.45,0.23,0.87,118.0,,,,,,,
0.4265,0.4265,0.43792914453227594,2.869654893875122,"{'classifier:__choice__': 'CBLOFClassifier', 'data_preprocessor:__choice__': 'NoPreprocessing', 'feature_preprocessor:__choice__': 'no_preprocessing', 'classifier:CBLOFClassifier:alpha': 0.97, 'classifier:CBLOFClassifier:beta': 47, 'classifier:CBLOFClassifier:contamination': 0.11, 'classifier:CBLOFClassifier:n_clusters': 4, 'classifier:CBLOFClassifier:use_weights': True}",181,Success,0.0,CBLOFClassifier,NoPreprocessing,no_preprocessing,0.97,47.0,0.11,4.0,1.0,,,,,,,,,,,,,
0.5825,0.5825,0.5302464677841611,3.986431121826172,"{'classifier:__choice__': 'KNNClassifier', 'data_preprocessor:__choice__': 'NoPreprocessing', 'feature_preprocessor:__choice__': 'no_preprocessing', 'classifier:KNNClassifier:contamination': 0.35000000000000003, 'classifier:KNNClassifier:method': 'median', 'classifier:KNNClassifier:n_neighbors': 107, 'classifier:KNNClassifier:p': 2}",112,Success,0.0,KNNClassifier,NoPreprocessing,no_preprocessing,,,,,,,,,,,,0.35000000000000003,median,107.0,2.0,,,
0.7223999999999999,0.7223999999999999,0.7232938696101201,1.4014568328857422,"{'classifier:__choice__': 'COPODClassifier', 'data_preprocessor:__choice__': 'NoPreprocessing', 'feature_preprocessor:__choice__': 'no_preprocessing', 'classifier:COPODClassifier:contamination': 0.01}",2,Success,0.0,COPODClassifier,NoPreprocessing,no_preprocessing,,,,,,0.01,,,,,,,,,,,,
0.569,0.569,0.5182800319638725,5.381735801696777,"{'classifier:__choice__': 'KNNClassifier', 'data_preprocessor:__choice__': 'NoPreprocessing', 'feature_preprocessor:__choice__': 'no_preprocessing', 'classifier:KNNClassifier:contamination': 0.13, 'classifier:KNNClassifier:method': 'largest', 'classifier:KNNClassifier:n_neighbors': 170, 'classifier:KNNClassifier:p': 1}",125,Success,0.0,KNNClassifier,NoPreprocessing,no_preprocessing,,,,,,,,,,,,0.13,largest,170.0,1.0,,,
0.42710000000000004,0.42710000000000004,0.457481208065741,3.876469612121582,"{'classifier:__choice__': 'LOFClassifier', 'data_preprocessor:__choice__': 'NoPreprocessing', 'feature_preprocessor:__choice__': 'no_preprocessing', 'classifier:LOFClassifier:contamination': 0.41000000000000003, 'classifier:LOFClassifier:n_neighbors': 27, 'classifier:LOFClassifier:p': 1}",180,Success,0.0,LOFClassifier,NoPreprocessing,no_preprocessing,,,,,,,,,,,,,,,,0.41000000000000003,27.0,1.0
0.7223999999999999,0.7223999999999999,0.7232938696101201,1.6309142112731934,"{'classifier:__choice__': 'COPODClassifier', 'data_preprocessor:__choice__': 'NoPreprocessing', 'feature_preprocessor:__choice__': 'no_preprocessing', 'classifier:COPODClassifier:contamination': 0.34}",2,Success,0.0,COPODClassifier,NoPreprocessing,no_preprocessing,,,,,,0.34,,,,,,,,,,,,
0.5638000000000001,0.5638000000000001,0.5198794463712451,4.700721979141235,"{'classifier:__choice__': 'CBLOFClassifier', 'data_preprocessor:__choice__': 'NoPreprocessing', 'feature_preprocessor:__choice__': 'no_preprocessing', 'classifier:CBLOFClassifier:alpha': 0.61, 'classifier:CBLOFClassifier:beta': 92, 'classifier:CBLOFClassifier:contamination': 0.01, 'classifier:CBLOFClassifier:n_clusters': 12, 'classifier:CBLOFClassifier:use_weights': False}",135,Success,0.0,CBLOFClassifier,NoPreprocessing,no_preprocessing,0.61,92.0,0.01,12.0,0.0,,,,,,,,,,,,,
0.6144000000000001,0.6144000000000001,0.558776990392791,1.2043530941009521,"{'classifier:__choice__': 'IForestClassifier', 'data_preprocessor:__choice__': 'NoPreprocessing', 'feature_preprocessor:__choice__': 'no_preprocessing', 'classifier:IForestClassifier:bootstrap': True, 'classifier:IForestClassifier:contamination': 0.09999999999999999, 'classifier:IForestClassifier:max_features': 0.17, 'classifier:IForestClassifier:max_samples': 0.36, 'classifier:IForestClassifier:n_estimators': 31}",64,Success,0.0,IForestClassifier,NoPreprocessing,no_preprocessing,,,,,,,1.0,0.09999999999999999,0.17,0.36,31.0,,,,,,,
0.5494,0.5494,0.5241270862201008,2.769044876098633,"{'classifier:__choice__': 'LOFClassifier', 'data_preprocessor:__choice__': 'NoPreprocessing', 'feature_preprocessor:__choice__': 'no_preprocessing', 'classifier:LOFClassifier:contamination': 0.49, 'classifier:LOFClassifier:n_neighbors': 134, 'classifier:LOFClassifier:p': 1}",144,Success,0.0,LOFClassifier,NoPreprocessing,no_preprocessing,,,,,,,,,,,,,,,,0.49,134.0,1.0
0.4065,0.4065,0.4709185994630867,2.514155864715576,"{'classifier:__choice__': 'LOFClassifier', 'data_preprocessor:__choice__': 'NoPreprocessing', 'feature_preprocessor:__choice__': 'no_preprocessing', 'classifier:LOFClassifier:contamination': 0.27, 'classifier:LOFClassifier:n_neighbors': 38, 'classifier:LOFClassifier:p': 1}",191,Success,0.0,LOFClassifier,NoPreprocessing,no_preprocessing,,,,,,,,,,,,,,,,0.27,38.0,1.0
0.5729000000000001,0.5729000000000001,0.5194363432634264,4.029296159744263,"{'classifier:__choice__': 'KNNClassifier', 'data_preprocessor:__choice__': 'NoPreprocessing', 'feature_preprocessor:__choice__': 'no_preprocessing', 'classifier:KNNClassifier:contamination': 0.34, 'classifier:KNNClassifier:method': 'largest', 'classifier:KNNClassifier:n_neighbors': 162, 'classifier:KNNClassifier:p': 1}",124,Success,0.0,KNNClassifier,NoPreprocessing,no_preprocessing,,,,,,,,,,,,0.34,largest,162.0,1.0,,,
0.6141,0.6141,0.5869929286611015,2.6847710609436035,"{'classifier:__choice__': 'IForestClassifier', 'data_preprocessor:__choice__': 'NoPreprocessing', 'feature_preprocessor:__choice__': 'no_preprocessing', 'classifier:IForestClassifier:bootstrap': False, 'classifier:IForestClassifier:contamination': 0.26, 'classifier:IForestClassifier:max_features': 0.95, 'classifier:IForestClassifier:max_samples': 0.11, 'classifier:IForestClassifier:n_estimators': 135}",65,Success,0.0,IForestClassifier,NoPreprocessing,no_preprocessing,,,,,,,0.0,0.26,0.95,0.11,135.0,,,,,,,
0.5648000000000001,0.5648000000000001,0.5186550615742069,3.2715647220611572,"{'classifier:__choice__': 'CBLOFClassifier', 'data_preprocessor:__choice__': 'NoPreprocessing', 'feature_preprocessor:__choice__': 'no_preprocessing', 'classifier:CBLOFClassifier:alpha': 0.63, 'classifier:CBLOFClassifier:beta': 30, 'classifier:CBLOFClassifier:contamination': 0.29000000000000004, 'classifier:CBLOFClassifier:n_clusters': 11, 'classifier:CBLOFClassifier:use_weights': False}",133,Success,0.0,CBLOFClassifier,NoPreprocessing,no_preprocessing,0.63,30.0,0.29000000000000004,11.0,0.0,,,,,,,,,,,,,
0.6207,0.6207,0.5792550136103496,2.5117945671081543,"{'classifier:__choice__': 'IForestClassifier', 'data_preprocessor:__choice__': 'NoPreprocessing', 'feature_preprocessor:__choice__': 'no_preprocessing', 'classifier:IForestClassifier:bootstrap': True, 'classifier:IForestClassifier:contamination': 0.46, 'classifier:IForestClassifier:max_features': 0.37, 'classifier:IForestClassifier:max_samples': 0.62, 'classifier:IForestClassifier:n_estimators': 157}",59,Success,0.0,IForestClassifier,NoPreprocessing,no_preprocessing,,,,,,,1.0,0.46,0.37,0.62,157.0,,,,,,,
0.7223999999999999,0.7223999999999999,0.7232938696101201,1.4197707176208496,"{'classifier:__choice__': 'COPODClassifier', 'data_preprocessor:__choice__': 'NoPreprocessing', 'feature_preprocessor:__choice__': 'no_preprocessing', 'classifier:COPODClassifier:contamination': 0.3}",2,Success,0.0,COPODClassifier,NoPreprocessing,no_preprocessing,,,,,,0.3,,,,,,,,,,,,
0.0,,,0.7427105903625488,"{'classifier:__choice__': 'CBLOFClassifier', 'data_preprocessor:__choice__': 'NoPreprocessing', 'feature_preprocessor:__choice__': 'no_preprocessing', 'classifier:CBLOFClassifier:alpha': 0.77, 'classifier:CBLOFClassifier:beta': 1, 'classifier:CBLOFClassifier:contamination': 0.13, 'classifier:CBLOFClassifier:n_clusters': 18, 'classifier:CBLOFClassifier:use_weights': True}",199,Crash,0.0,CBLOFClassifier,NoPreprocessing,no_preprocessing,0.77,1.0,0.13,18.0,1.0,,,,,,,,,,,,,
0.4769,0.4769,0.4891117335497752,1.307401418685913,"{'classifier:__choice__': 'LOFClassifier', 'data_preprocessor:__choice__': 'NoPreprocessing', 'feature_preprocessor:__choice__': 'no_preprocessing', 'classifier:LOFClassifier:contamination': 0.27, 'classifier:LOFClassifier:n_neighbors': 12, 'classifier:LOFClassifier:p': 2}",162,Success,0.0,LOFClassifier,NoPreprocessing,no_preprocessing,,,,,,,,,,,,,,,,0.27,12.0,2.0
0.5836,0.5836,0.5341439809208232,4.056480884552002,"{'classifier:__choice__': 'KNNClassifier', 'data_preprocessor:__choice__': 'NoPreprocessing', 'feature_preprocessor:__choice__': 'no_preprocessing', 'classifier:KNNClassifier:contamination': 0.14, 'classifier:KNNClassifier:method': 'mean', 'classifier:KNNClassifier:n_neighbors': 63, 'classifier:KNNClassifier:p': 1}",97,Success,0.0,KNNClassifier,NoPreprocessing,no_preprocessing,,,,,,,,,,,,0.14,mean,63.0,1.0,,,
0.7223999999999999,0.7223999999999999,0.7232938696101201,1.3527262210845947,"{'classifier:__choice__': 'COPODClassifier', 'data_preprocessor:__choice__': 'NoPreprocessing', 'feature_preprocessor:__choice__': 'no_preprocessing', 'classifier:COPODClassifier:contamination': 0.38}",2,Success,0.0,COPODClassifier,NoPreprocessing,no_preprocessing,,,,,,0.38,,,,,,,,,,,,
0.44300000000000006,0.44300000000000006,0.4708102822593958,2.4536986351013184,"{'classifier:__choice__': 'LOFClassifier', 'data_preprocessor:__choice__': 'NoPreprocessing', 'feature_preprocessor:__choice__': 'no_preprocessing', 'classifier:LOFClassifier:contamination': 0.26, 'classifier:LOFClassifier:n_neighbors': 72, 'classifier:LOFClassifier:p': 1}",172,Success,0.0,LOFClassifier,NoPreprocessing,no_preprocessing,,,,,,,,,,,,,,,,0.26,72.0,1.0
0.563,0.563,0.519639771647539,3.870814561843872,"{'classifier:__choice__': 'CBLOFClassifier', 'data_preprocessor:__choice__': 'NoPreprocessing', 'feature_preprocessor:__choice__': 'no_preprocessing', 'classifier:CBLOFClassifier:alpha': 0.72, 'classifier:CBLOFClassifier:beta': 35, 'classifier:CBLOFClassifier:contamination': 0.09, 'classifier:CBLOFClassifier:n_clusters': 9, 'classifier:CBLOFClassifier:use_weights': False}",137,Success,0.0,CBLOFClassifier,NoPreprocessing,no_preprocessing,0.72,35.0,0.09,9.0,0.0,,,,,,,,,,,,,
0.6383,0.6383,0.6074230916463754,3.1308398246765137,"{'classifier:__choice__': 'IForestClassifier', 'data_preprocessor:__choice__': 'NoPreprocessing', 'feature_preprocessor:__choice__': 'no_preprocessing', 'classifier:IForestClassifier:bootstrap': True, 'classifier:IForestClassifier:contamination': 0.45, 'classifier:IForestClassifier:max_features': 0.62, 'classifier:IForestClassifier:max_samples': 0.25, 'classifier:IForestClassifier:n_estimators': 169}",48,Success,0.0,IForestClassifier,NoPreprocessing,no_preprocessing,,,,,,,1.0,0.45,0.62,0.25,169.0,,,,,,,
0.4992,0.4992,0.5074377535010075,6.514628171920776,"{'classifier:__choice__': 'KNNClassifier', 'data_preprocessor:__choice__': 'NoPreprocessing', 'feature_preprocessor:__choice__': 'no_preprocessing', 'classifier:KNNClassifier:contamination': 0.46, 'classifier:KNNClassifier:method': 'median', 'classifier:KNNClassifier:n_neighbors': 4, 'classifier:KNNClassifier:p': 1}",154,Success,0.0,KNNClassifier,NoPreprocessing,no_preprocessing,,,,,,,,,,,,0.46,median,4.0,1.0,,,
0.5831,0.5831,0.5338129235725282,8.294087886810303,"{'classifier:__choice__': 'KNNClassifier', 'data_preprocessor:__choice__': 'NoPreprocessing', 'feature_preprocessor:__choice__': 'no_preprocessing', 'classifier:KNNClassifier:contamination': 0.05, 'classifier:KNNClassifier:method': 'mean', 'classifier:KNNClassifier:n_neighbors': 67, 'classifier:KNNClassifier:p': 1}",104,Success,0.0,KNNClassifier,NoPreprocessing,no_preprocessing,,,,,,,,,,,,0.05,mean,67.0,1.0,,,
0.6536000000000001,0.6536000000000001,0.6066735601985014,2.277963876724243,"{'classifier:__choice__': 'IForestClassifier', 'data_preprocessor:__choice__': 'NoPreprocessing', 'feature_preprocessor:__choice__': 'no_preprocessing', 'classifier:IForestClassifier:bootstrap': False, 'classifier:IForestClassifier:contamination': 0.29000000000000004, 'classifier:IForestClassifier:max_features': 0.83, 'classifier:IForestClassifier:max_samples': 0.54, 'classifier:IForestClassifier:n_estimators': 64}",42,Success,0.0,IForestClassifier,NoPreprocessing,no_preprocessing,,,,,,,0.0,0.29000000000000004,0.83,0.54,64.0,,,,,,,
0.7223999999999999,0.7223999999999999,0.7232938696101201,1.8497645854949951,"{'classifier:__choice__': 'COPODClassifier', 'data_preprocessor:__choice__': 'NoPreprocessing', 'feature_preprocessor:__choice__': 'no_preprocessing', 'classifier:COPODClassifier:contamination': 0.22}",2,Success,0.0,COPODClassifier,NoPreprocessing,no_preprocessing,,,,,,0.22,,,,,,,,,,,,
0.5301,0.5301,0.5151249400553561,3.7694039344787598,"{'classifier:__choice__': 'LOFClassifier', 'data_preprocessor:__choice__': 'NoPreprocessing', 'feature_preprocessor:__choice__': 'no_preprocessing', 'classifier:LOFClassifier:contamination': 0.16, 'classifier:LOFClassifier:n_neighbors': 119, 'classifier:LOFClassifier:p': 1}",146,Success,0.0,LOFClassifier,NoPreprocessing,no_preprocessing,,,,,,,,,,,,,,,,0.16,119.0,1.0
0.5605,0.5605,0.5149368328815953,4.255032062530518,"{'classifier:__choice__': 'CBLOFClassifier', 'data_preprocessor:__choice__': 'NoPreprocessing', 'feature_preprocessor:__choice__': 'no_preprocessing', 'classifier:CBLOFClassifier:alpha': 0.6799999999999999, 'classifier:CBLOFClassifier:beta': 79, 'classifier:CBLOFClassifier:contamination': 0.16, 'classifier:CBLOFClassifier:n_clusters': 10, 'classifier:CBLOFClassifier:use_weights': False}",139,Success,0.0,CBLOFClassifier,NoPreprocessing,no_preprocessing,0.6799999999999999,79.0,0.16,10.0,0.0,,,,,,,,,,,,,
0.5926000000000001,0.5926000000000001,0.5554147296224584,2.2011280059814453,"{'classifier:__choice__': 'IForestClassifier', 'data_preprocessor:__choice__': 'NoPreprocessing', 'feature_preprocessor:__choice__': 'no_preprocessing', 'classifier:IForestClassifier:bootstrap': True, 'classifier:IForestClassifier:contamination': 0.48000000000000004, 'classifier:IForestClassifier:max_features': 0.44000000000000006, 'classifier:IForestClassifier:max_samples': 0.5700000000000001, 'classifier:IForestClassifier:n_estimators': 87}",77,Success,0.0,IForestClassifier,NoPreprocessing,no_preprocessing,,,,,,,1.0,0.48000000000000004,0.44000000000000006,0.5700000000000001,87.0,,,,,,,
0.45809999999999995,0.45809999999999995,0.4764138432649635,3.5034749507904053,"{'classifier:__choice__': 'LOFClassifier', 'data_preprocessor:__choice__': 'NoPreprocessing', 'feature_preprocessor:__choice__': 'no_preprocessing', 'classifier:LOFClassifier:contamination': 0.11, 'classifier:LOFClassifier:n_neighbors': 79, 'classifier:LOFClassifier:p': 1}",169,Success,0.0,LOFClassifier,NoPreprocessing,no_preprocessing,,,,,,,,,,,,,,,,0.11,79.0,1.0
0.5554999999999999,0.5554999999999999,0.5271005947660949,9.484288692474365,"{'classifier:__choice__': 'LOFClassifier', 'data_preprocessor:__choice__': 'NoPreprocessing', 'feature_preprocessor:__choice__': 'no_preprocessing', 'classifier:LOFClassifier:contamination': 0.05, 'classifier:LOFClassifier:n_neighbors': 140, 'classifier:LOFClassifier:p': 1}",141,Success,0.0,LOFClassifier,NoPreprocessing,no_preprocessing,,,,,,,,,,,,,,,,0.05,140.0,1.0
0.3556,0.3556,0.40644430073096127,6.6196677684783936,"{'classifier:__choice__': 'CBLOFClassifier', 'data_preprocessor:__choice__': 'NoPreprocessing', 'feature_preprocessor:__choice__': 'no_preprocessing', 'classifier:CBLOFClassifier:alpha': 0.9299999999999999, 'classifier:CBLOFClassifier:beta': 53, 'classifier:CBLOFClassifier:contamination': 0.48000000000000004, 'classifier:CBLOFClassifier:n_clusters': 9, 'classifier:CBLOFClassifier:use_weights': True}",194,Success,0.0,CBLOFClassifier,NoPreprocessing,no_preprocessing,0.9299999999999999,53.0,0.48000000000000004,9.0,1.0,,,,,,,,,,,,,
0.5822,0.5822,0.530247752236054,5.482173919677734,"{'classifier:__choice__': 'KNNClassifier', 'data_preprocessor:__choice__': 'NoPreprocessing', 'feature_preprocessor:__choice__': 'no_preprocessing', 'classifier:KNNClassifier:contamination': 0.33, 'classifier:KNNClassifier:method': 'median', 'classifier:KNNClassifier:n_neighbors': 111, 'classifier:KNNClassifier:p': 2}",114,Success,0.0,KNNClassifier,NoPreprocessing,no_preprocessing,,,,,,,,,,,,0.33,median,111.0,2.0,,,
0.63855,0.63855,0.6283319119166775,0.8270931243896484,"{'classifier:__choice__': 'IForestClassifier', 'data_preprocessor:__choice__': 'NoPreprocessing', 'feature_preprocessor:__choice__': 'no_preprocessing', 'classifier:IForestClassifier:bootstrap': False, 'classifier:IForestClassifier:contamination': 0.03, 'classifier:IForestClassifier:max_features': 0.85, 'classifier:IForestClassifier:max_samples': 0.45000000000000007, 'classifier:IForestClassifier:n_estimators': 11}",46,Success,0.0,IForestClassifier,NoPreprocessing,no_preprocessing,,,,,,,0.0,0.03,0.85,0.45000000000000007,11.0,,,,,,,
0.4657,0.4657,0.4686924932617511,1.5904836654663086,"{'classifier:__choice__': 'LOFClassifier', 'data_preprocessor:__choice__': 'NoPreprocessing', 'feature_preprocessor:__choice__': 'no_preprocessing', 'classifier:LOFClassifier:contamination': 0.29000000000000004, 'classifier:LOFClassifier:n_neighbors': 79, 'classifier:LOFClassifier:p': 2}",166,Success,0.0,LOFClassifier,NoPreprocessing,no_preprocessing,,,,,,,,,,,,,,,,0.29000000000000004,79.0,2.0
0.5686,0.5686,0.5241377802860694,5.032878637313843,"{'classifier:__choice__': 'CBLOFClassifier', 'data_preprocessor:__choice__': 'NoPreprocessing', 'feature_preprocessor:__choice__': 'no_preprocessing', 'classifier:CBLOFClassifier:alpha': 0.6, 'classifier:CBLOFClassifier:beta': 87, 'classifier:CBLOFClassifier:contamination': 0.02, 'classifier:CBLOFClassifier:n_clusters': 18, 'classifier:CBLOFClassifier:use_weights': False}",126,Success,0.0,CBLOFClassifier,NoPreprocessing,no_preprocessing,0.6,87.0,0.02,18.0,0.0,,,,,,,,,,,,,
0.5041,0.5041,0.48263521278711774,1.929013729095459,"{'classifier:__choice__': 'LOFClassifier', 'data_preprocessor:__choice__': 'NoPreprocessing', 'feature_preprocessor:__choice__': 'no_preprocessing', 'classifier:LOFClassifier:contamination': 0.31, 'classifier:LOFClassifier:n_neighbors': 180, 'classifier:LOFClassifier:p': 2}",152,Success,0.0,LOFClassifier,NoPreprocessing,no_preprocessing,,,,,,,,,,,,,,,,0.31,180.0,2.0
0.479,0.479,0.4743843328094344,2.5764293670654297,"{'classifier:__choice__': 'LOFClassifier', 'data_preprocessor:__choice__': 'NoPreprocessing', 'feature_preprocessor:__choice__': 'no_preprocessing', 'classifier:LOFClassifier:contamination': 0.21000000000000002, 'classifier:LOFClassifier:n_neighbors': 99, 'classifier:LOFClassifier:p': 2}",160,Success,0.0,LOFClassifier,NoPreprocessing,no_preprocessing,,,,,,,,,,,,,,,,0.21000000000000002,99.0,2.0
0.7223999999999999,0.7223999999999999,0.7232938696101201,2.194614887237549,"{'classifier:__choice__': 'COPODClassifier', 'data_preprocessor:__choice__': 'NoPreprocessing', 'feature_preprocessor:__choice__': 'no_preprocessing', 'classifier:COPODClassifier:contamination': 0.37}",2,Success,0.0,COPODClassifier,NoPreprocessing,no_preprocessing,,,,,,0.37,,,,,,,,,,,,
0.5677000000000001,0.5677000000000001,0.5185585093308734,3.5157556533813477,"{'classifier:__choice__': 'CBLOFClassifier', 'data_preprocessor:__choice__': 'NoPreprocessing', 'feature_preprocessor:__choice__': 'no_preprocessing', 'classifier:CBLOFClassifier:alpha': 0.61, 'classifier:CBLOFClassifier:beta': 4, 'classifier:CBLOFClassifier:contamination': 0.12, 'classifier:CBLOFClassifier:n_clusters': 3, 'classifier:CBLOFClassifier:use_weights': False}",129,Success,0.0,CBLOFClassifier,NoPreprocessing,no_preprocessing,0.61,4.0,0.12,3.0,0.0,,,,,,,,,,,,,
0.5856000000000001,0.5856000000000001,0.5402931650453541,5.09346866607666,"{'classifier:__choice__': 'KNNClassifier', 'data_preprocessor:__choice__': 'NoPreprocessing', 'feature_preprocessor:__choice__': 'no_preprocessing', 'classifier:KNNClassifier:contamination': 0.15000000000000002, 'classifier:KNNClassifier:method': 'mean', 'classifier:KNNClassifier:n_neighbors': 28, 'classifier:KNNClassifier:p': 1}",88,Success,0.0,KNNClassifier,NoPreprocessing,no_preprocessing,,,,,,,,,,,,0.15000000000000002,mean,28.0,1.0,,,
0.5654,0.5654,0.5212356170742839,6.660943508148193,"{'classifier:__choice__': 'CBLOFClassifier', 'data_preprocessor:__choice__': 'NoPreprocessing', 'feature_preprocessor:__choice__': 'no_preprocessing', 'classifier:CBLOFClassifier:alpha': 0.5, 'classifier:CBLOFClassifier:beta': 58, 'classifier:CBLOFClassifier:contamination': 0.32, 'classifier:CBLOFClassifier:n_clusters': 17, 'classifier:CBLOFClassifier:use_weights': False}",132,Success,0.0,CBLOFClassifier,NoPreprocessing,no_preprocessing,0.5,58.0,0.32,17.0,0.0,,,,,,,,,,,,,
0.4113,0.4113,0.4305585223986197,3.054941415786743,"{'classifier:__choice__': 'CBLOFClassifier', 'data_preprocessor:__choice__': 'NoPreprocessing', 'feature_preprocessor:__choice__': 'no_preprocessing', 'classifier:CBLOFClassifier:alpha': 0.8400000000000001, 'classifier:CBLOFClassifier:beta': 93, 'classifier:CBLOFClassifier:contamination': 0.35000000000000003, 'classifier:CBLOFClassifier:n_clusters': 5, 'classifier:CBLOFClassifier:use_weights': True}",188,Success,0.0,CBLOFClassifier,NoPreprocessing,no_preprocessing,0.8400000000000001,93.0,0.35000000000000003,5.0,1.0,,,,,,,,,,,,,
0.5831000000000001,0.5831000000000001,0.5293169261955272,3.9743692874908447,"{'classifier:__choice__': 'KNNClassifier', 'data_preprocessor:__choice__': 'NoPreprocessing', 'feature_preprocessor:__choice__': 'no_preprocessing', 'classifier:KNNClassifier:contamination': 0.26, 'classifier:KNNClassifier:method': 'largest', 'classifier:KNNClassifier:n_neighbors': 71, 'classifier:KNNClassifier:p': 2}",103,Success,0.0,KNNClassifier,NoPreprocessing,no_preprocessing,,,,,,,,,,,,0.26,largest,71.0,2.0,,,
0.6236999999999999,0.6236999999999999,0.5885402487667076,1.1868276596069336,"{'classifier:__choice__': 'IForestClassifier', 'data_preprocessor:__choice__': 'NoPreprocessing', 'feature_preprocessor:__choice__': 'no_preprocessing', 'classifier:IForestClassifier:bootstrap': False, 'classifier:IForestClassifier:contamination': 0.42000000000000004, 'classifier:IForestClassifier:max_features': 0.69, 'classifier:IForestClassifier:max_samples': 0.61, 'classifier:IForestClassifier:n_estimators': 29}",55,Success,0.0,IForestClassifier,NoPreprocessing,no_preprocessing,,,,,,,0.0,0.42000000000000004,0.69,0.61,29.0,,,,,,,
0.3514999999999999,0.3514999999999999,0.4052755408004475,6.097141265869141,"{'classifier:__choice__': 'CBLOFClassifier', 'data_preprocessor:__choice__': 'NoPreprocessing', 'feature_preprocessor:__choice__': 'no_preprocessing', 'classifier:CBLOFClassifier:alpha': 0.8500000000000001, 'classifier:CBLOFClassifier:beta': 34, 'classifier:CBLOFClassifier:contamination': 0.16, 'classifier:CBLOFClassifier:n_clusters': 9, 'classifier:CBLOFClassifier:use_weights': True}",196,Success,0.0,CBLOFClassifier,NoPreprocessing,no_preprocessing,0.8500000000000001,34.0,0.16,9.0,1.0,,,,,,,,,,,,,
0.633,0.633,0.5872328119842545,3.2758100032806396,"{'classifier:__choice__': 'IForestClassifier', 'data_preprocessor:__choice__': 'NoPreprocessing', 'feature_preprocessor:__choice__': 'no_preprocessing', 'classifier:IForestClassifier:bootstrap': True, 'classifier:IForestClassifier:contamination': 0.01, 'classifier:IForestClassifier:max_features': 0.54, 'classifier:IForestClassifier:max_samples': 0.28, 'classifier:IForestClassifier:n_estimators': 161}",49,Success,0.0,IForestClassifier,NoPreprocessing,no_preprocessing,,,,,,,1.0,0.01,0.54,0.28,161.0,,,,,,,
0.5843,0.5843,0.5318223479078285,4.003234624862671,"{'classifier:__choice__': 'KNNClassifier', 'data_preprocessor:__choice__': 'NoPreprocessing', 'feature_preprocessor:__choice__': 'no_preprocessing', 'classifier:KNNClassifier:contamination': 0.37, 'classifier:KNNClassifier:method': 'mean', 'classifier:KNNClassifier:n_neighbors': 141, 'classifier:KNNClassifier:p': 2}",93,Success,0.0,KNNClassifier,NoPreprocessing,no_preprocessing,,,,,,,,,,,,0.37,mean,141.0,2.0,,,
0.6846,0.6846,0.6548383043366715,1.2240965366363525,"{'classifier:__choice__': 'IForestClassifier', 'data_preprocessor:__choice__': 'NoPreprocessing', 'feature_preprocessor:__choice__': 'no_preprocessing', 'classifier:IForestClassifier:bootstrap': True, 'classifier:IForestClassifier:contamination': 0.27, 'classifier:IForestClassifier:max_features': 0.14, 'classifier:IForestClassifier:max_samples': 0.36, 'classifier:IForestClassifier:n_estimators': 43}",38,Success,0.0,IForestClassifier,NoPreprocessing,no_preprocessing,,,,,,,1.0,0.27,0.14,0.36,43.0,,,,,,,
0.7333000000000001,0.7333000000000001,0.6863690451333262,1.2407190799713135,"{'classifier:__choice__': 'IForestClassifier', 'data_preprocessor:__choice__': 'NoPreprocessing', 'feature_preprocessor:__choice__': 'no_preprocessing', 'classifier:IForestClassifier:bootstrap': True, 'classifier:IForestClassifier:contamination': 0.19, 'classifier:IForestClassifier:max_features': 0.13, 'classifier:IForestClassifier:max_samples': 0.15000000000000002, 'classifier:IForestClassifier:n_estimators': 52}",1,Success,0.0,IForestClassifier,NoPreprocessing,no_preprocessing,,,,,,,1.0,0.19,0.13,0.15000000000000002,52.0,,,,,,,
0.5904,0.5904,0.5518531960202782,3.578859806060791,"{'classifier:__choice__': 'KNNClassifier', 'data_preprocessor:__choice__': 'NoPreprocessing', 'feature_preprocessor:__choice__': 'no_preprocessing', 'classifier:KNNClassifier:contamination': 0.04, 'classifier:KNNClassifier:method': 'largest', 'classifier:KNNClassifier:n_neighbors': 7, 'classifier:KNNClassifier:p': 1}",82,Success,0.0,KNNClassifier,NoPreprocessing,no_preprocessing,,,,,,,,,,,,0.04,largest,7.0,1.0,,,
0.4972,0.4972,0.4787934307626682,1.6485884189605713,"{'classifier:__choice__': 'LOFClassifier', 'data_preprocessor:__choice__': 'NoPreprocessing', 'feature_preprocessor:__choice__': 'no_preprocessing', 'classifier:LOFClassifier:contamination': 0.35000000000000003, 'classifier:LOFClassifier:n_neighbors': 162, 'classifier:LOFClassifier:p': 2}",155,Success,0.0,LOFClassifier,NoPreprocessing,no_preprocessing,,,,,,,,,,,,,,,,0.35000000000000003,162.0,2.0
0.44189999999999996,0.44189999999999996,0.47078936579350983,2.7021846771240234,"{'classifier:__choice__': 'LOFClassifier', 'data_preprocessor:__choice__': 'NoPreprocessing', 'feature_preprocessor:__choice__': 'no_preprocessing', 'classifier:LOFClassifier:contamination': 0.5, 'classifier:LOFClassifier:n_neighbors': 71, 'classifier:LOFClassifier:p': 1}",173,Success,0.0,LOFClassifier,NoPreprocessing,no_preprocessing,,,,,,,,,,,,,,,,0.5,71.0,1.0
0.58225,0.58225,0.5286005570257328,4.564911365509033,"{'classifier:__choice__': 'KNNClassifier', 'data_preprocessor:__choice__': 'NoPreprocessing', 'feature_preprocessor:__choice__': 'no_preprocessing', 'classifier:KNNClassifier:contamination': 0.26, 'classifier:KNNClassifier:method': 'median', 'classifier:KNNClassifier:n_neighbors': 140, 'classifier:KNNClassifier:p': 1}",113,Success,0.0,KNNClassifier,NoPreprocessing,no_preprocessing,,,,,,,,,,,,0.26,median,140.0,1.0,,,
0.7223999999999999,0.7223999999999999,0.7232938696101201,1.9125518798828125,"{'classifier:__choice__': 'COPODClassifier', 'data_preprocessor:__choice__': 'NoPreprocessing', 'feature_preprocessor:__choice__': 'no_preprocessing', 'classifier:COPODClassifier:contamination': 0.41000000000000003}",2,Success,0.0,COPODClassifier,NoPreprocessing,no_preprocessing,,,,,,0.41000000000000003,,,,,,,,,,,,
0.43889999999999996,0.43889999999999996,0.44125918720079793,3.067878484725952,"{'classifier:__choice__': 'CBLOFClassifier', 'data_preprocessor:__choice__': 'NoPreprocessing', 'feature_preprocessor:__choice__': 'no_preprocessing', 'classifier:CBLOFClassifier:alpha': 0.64, 'classifier:CBLOFClassifier:beta': 89, 'classifier:CBLOFClassifier:contamination': 0.05, 'classifier:CBLOFClassifier:n_clusters': 5, 'classifier:CBLOFClassifier:use_weights': True}",175,Success,0.0,CBLOFClassifier,NoPreprocessing,no_preprocessing,0.64,89.0,0.05,5.0,1.0,,,,,,,,,,,,,
0.5943,0.5943,0.5512919118419155,1.3463099002838135,"{'classifier:__choice__': 'IForestClassifier', 'data_preprocessor:__choice__': 'NoPreprocessing', 'feature_preprocessor:__choice__': 'no_preprocessing', 'classifier:IForestClassifier:bootstrap': False, 'classifier:IForestClassifier:contamination': 0.34, 'classifier:IForestClassifier:max_features': 0.33, 'classifier:IForestClassifier:max_samples': 0.77, 'classifier:IForestClassifier:n_estimators': 34}",75,Success,0.0,IForestClassifier,NoPreprocessing,no_preprocessing,,,,,,,0.0,0.34,0.33,0.77,34.0,,,,,,,
0.7223999999999999,0.7223999999999999,0.7232938696101201,1.482132911682129,"{'classifier:__choice__': 'COPODClassifier', 'data_preprocessor:__choice__': 'NoPreprocessing', 'feature_preprocessor:__choice__': 'no_preprocessing', 'classifier:COPODClassifier:contamination': 0.26}",2,Success,0.0,COPODClassifier,NoPreprocessing,no_preprocessing,,,,,,0.26,,,,,,,,,,,,
0.517,0.517,0.5097890172302032,2.8294122219085693,"{'classifier:__choice__': 'LOFClassifier', 'data_preprocessor:__choice__': 'NoPreprocessing', 'feature_preprocessor:__choice__': 'no_preprocessing', 'classifier:LOFClassifier:contamination': 0.15000000000000002, 'classifier:LOFClassifier:n_neighbors': 111, 'classifier:LOFClassifier:p': 1}",150,Success,0.0,LOFClassifier,NoPreprocessing,no_preprocessing,,,,,,,,,,,,,,,,0.15000000000000002,111.0,1.0
0.5933999999999999,0.5933999999999999,0.5619310964045862,2.5753581523895264,"{'classifier:__choice__': 'IForestClassifier', 'data_preprocessor:__choice__': 'NoPreprocessing', 'feature_preprocessor:__choice__': 'no_preprocessing', 'classifier:IForestClassifier:bootstrap': True, 'classifier:IForestClassifier:contamination': 0.16, 'classifier:IForestClassifier:max_features': 0.88, 'classifier:IForestClassifier:max_samples': 0.49, 'classifier:IForestClassifier:n_estimators': 87}",76,Success,0.0,IForestClassifier,NoPreprocessing,no_preprocessing,,,,,,,1.0,0.16,0.88,0.49,87.0,,,,,,,
0.5862,0.5862,0.5316332810347599,6.20337438583374,"{'classifier:__choice__': 'KNNClassifier', 'data_preprocessor:__choice__': 'NoPreprocessing', 'feature_preprocessor:__choice__': 'no_preprocessing', 'classifier:KNNClassifier:contamination': 0.11, 'classifier:KNNClassifier:method': 'mean', 'classifier:KNNClassifier:n_neighbors': 197, 'classifier:KNNClassifier:p': 1}",85,Success,0.0,KNNClassifier,NoPreprocessing,no_preprocessing,,,,,,,,,,,,0.11,mean,197.0,1.0,,,
0.5731,0.5731,0.5280409532243594,5.430570125579834,"{'classifier:__choice__': 'CBLOFClassifier', 'data_preprocessor:__choice__': 'NoPreprocessing', 'feature_preprocessor:__choice__': 'no_preprocessing', 'classifier:CBLOFClassifier:alpha': 0.77, 'classifier:CBLOFClassifier:beta': 12, 'classifier:CBLOFClassifier:contamination': 0.02, 'classifier:CBLOFClassifier:n_clusters': 15, 'classifier:CBLOFClassifier:use_weights': False}",123,Success,0.0,CBLOFClassifier,NoPreprocessing,no_preprocessing,0.77,12.0,0.02,15.0,0.0,,,,,,,,,,,,,
0.5973999999999999,0.5973999999999999,0.5592986638324976,4.653838157653809,"{'classifier:__choice__': 'IForestClassifier', 'data_preprocessor:__choice__': 'NoPreprocessing', 'feature_preprocessor:__choice__': 'no_preprocessing', 'classifier:IForestClassifier:bootstrap': False, 'classifier:IForestClassifier:contamination': 0.03, 'classifier:IForestClassifier:max_features': 0.66, 'classifier:IForestClassifier:max_samples': 0.67, 'classifier:IForestClassifier:n_estimators': 166}",70,Success,0.0,IForestClassifier,NoPreprocessing,no_preprocessing,,,,,,,0.0,0.03,0.66,0.67,166.0,,,,,,,
0.4286,0.4286,0.4730863527129465,4.186590671539307,"{'classifier:__choice__': 'LOFClassifier', 'data_preprocessor:__choice__': 'NoPreprocessing', 'feature_preprocessor:__choice__': 'no_preprocessing', 'classifier:LOFClassifier:contamination': 0.48000000000000004, 'classifier:LOFClassifier:n_neighbors': 59, 'classifier:LOFClassifier:p': 1}",179,Success,0.0,LOFClassifier,NoPreprocessing,no_preprocessing,,,,,,,,,,,,,,,,0.48000000000000004,59.0,1.0
0.5807,0.5807,0.5437744862082428,4.488955020904541,"{'classifier:__choice__': 'KNNClassifier', 'data_preprocessor:__choice__': 'NoPreprocessing', 'feature_preprocessor:__choice__': 'no_preprocessing', 'classifier:KNNClassifier:contamination': 0.45, 'classifier:KNNClassifier:method': 'median', 'classifier:KNNClassifier:n_neighbors': 11, 'classifier:KNNClassifier:p': 2}",118,Success,0.0,KNNClassifier,NoPreprocessing,no_preprocessing,,,,,,,,,,,,0.45,median,11.0,2.0,,,
0.42379999999999995,0.42379999999999995,0.44144973698481027,3.337531089782715,"{'classifier:__choice__': 'CBLOFClassifier', 'data_preprocessor:__choice__': 'NoPreprocessing', 'feature_preprocessor:__choice__': 'no_preprocessing', 'classifier:CBLOFClassifier:alpha': 0.67, 'classifier:CBLOFClassifier:beta': 99, 'classifier:CBLOFClassifier:contamination': 0.36000000000000004, 'classifier:CBLOFClassifier:n_clusters': 14, 'classifier:CBLOFClassifier:use_weights': True}",183,Success,0.0,CBLOFClassifier,NoPreprocessing,no_preprocessing,0.67,99.0,0.36000000000000004,14.0,1.0,,,,,,,,,,,,,
0.5911000000000001,0.5911000000000001,0.5356621500641192,4.5279381275177,"{'classifier:__choice__': 'KNNClassifier', 'data_preprocessor:__choice__': 'NoPreprocessing', 'feature_preprocessor:__choice__': 'no_preprocessing', 'classifier:KNNClassifier:contamination': 0.34, 'classifier:KNNClassifier:method': 'median', 'classifier:KNNClassifier:n_neighbors': 62, 'classifier:KNNClassifier:p': 2}",81,Success,0.0,KNNClassifier,NoPreprocessing,no_preprocessing,,,,,,,,,,,,0.34,median,62.0,2.0,,,
0.7223999999999999,0.7223999999999999,0.7232938696101201,1.2342758178710938,"{'classifier:__choice__': 'COPODClassifier', 'data_preprocessor:__choice__': 'NoPreprocessing', 'feature_preprocessor:__choice__': 'no_preprocessing', 'classifier:COPODClassifier:contamination': 0.33}",2,Success,0.0,COPODClassifier,NoPreprocessing,no_preprocessing,,,,,,0.33,,,,,,,,,,,,
0.5191,0.5191,0.505696884481801,3.601844549179077,"{'classifier:__choice__': 'LOFClassifier', 'data_preprocessor:__choice__': 'NoPreprocessing', 'feature_preprocessor:__choice__': 'no_preprocessing', 'classifier:LOFClassifier:contamination': 0.24000000000000002, 'classifier:LOFClassifier:n_neighbors': 112, 'classifier:LOFClassifier:p': 1}",149,Success,0.0,LOFClassifier,NoPreprocessing,no_preprocessing,,,,,,,,,,,,,,,,0.24000000000000002,112.0,1.0
0.59235,0.59235,0.6317814870062652,0.7631070613861084,"{'classifier:__choice__': 'IForestClassifier', 'data_preprocessor:__choice__': 'NoPreprocessing', 'feature_preprocessor:__choice__': 'no_preprocessing', 'classifier:IForestClassifier:bootstrap': True, 'classifier:IForestClassifier:contamination': 0.08, 'classifier:IForestClassifier:max_features': 0.24000000000000002, 'classifier:IForestClassifier:max_samples': 0.75, 'classifier:IForestClassifier:n_estimators': 2}",78,Success,0.0,IForestClassifier,NoPreprocessing,no_preprocessing,,,,,,,1.0,0.08,0.24000000000000002,0.75,2.0,,,,,,,
0.6048,0.6048,0.5446773401859627,3.1508779525756836,"{'classifier:__choice__': 'CBLOFClassifier', 'data_preprocessor:__choice__': 'NoPreprocessing', 'feature_preprocessor:__choice__': 'no_preprocessing', 'classifier:CBLOFClassifier:alpha': 0.5, 'classifier:CBLOFClassifier:beta': 9, 'classifier:CBLOFClassifier:contamination': 0.44, 'classifier:CBLOFClassifier:n_clusters': 8, 'classifier:CBLOFClassifier:use_weights': False}",68,Success,0.0,CBLOFClassifier,NoPreprocessing,no_preprocessing,0.5,9.0,0.44,8.0,0.0,,,,,,,,,,,,,
0.5834,0.5834,0.5282156263823397,4.055305480957031,"{'classifier:__choice__': 'KNNClassifier', 'data_preprocessor:__choice__': 'NoPreprocessing', 'feature_preprocessor:__choice__': 'no_preprocessing', 'classifier:KNNClassifier:contamination': 0.5, 'classifier:KNNClassifier:method': 'largest', 'classifier:KNNClassifier:n_neighbors': 111, 'classifier:KNNClassifier:p': 2}",99,Success,0.0,KNNClassifier,NoPreprocessing,no_preprocessing,,,,,,,,,,,,0.5,largest,111.0,2.0,,,
0.49239999999999995,0.49239999999999995,0.504858821314164,1.32271146774292,"{'classifier:__choice__': 'LOFClassifier', 'data_preprocessor:__choice__': 'NoPreprocessing', 'feature_preprocessor:__choice__': 'no_preprocessing', 'classifier:LOFClassifier:contamination': 0.38, 'classifier:LOFClassifier:n_neighbors': 10, 'classifier:LOFClassifier:p': 2}",156,Success,0.0,LOFClassifier,NoPreprocessing,no_preprocessing,,,,,,,,,,,,,,,,0.38,10.0,2.0
0.5518000000000001,0.5518000000000001,0.514688257210584,3.3562536239624023,"{'classifier:__choice__': 'CBLOFClassifier', 'data_preprocessor:__choice__': 'NoPreprocessing', 'feature_preprocessor:__choice__': 'no_preprocessing', 'classifier:CBLOFClassifier:alpha': 0.9, 'classifier:CBLOFClassifier:beta': 43, 'classifier:CBLOFClassifier:contamination': 0.09999999999999999, 'classifier:CBLOFClassifier:n_clusters': 18, 'classifier:CBLOFClassifier:use_weights': False}",143,Success,0.0,CBLOFClassifier,NoPreprocessing,no_preprocessing,0.9,43.0,0.09999999999999999,18.0,0.0,,,,,,,,,,,,,
0.5844,0.5844,0.5323526139243006,3.6290459632873535,"{'classifier:__choice__': 'KNNClassifier', 'data_preprocessor:__choice__': 'NoPreprocessing', 'feature_preprocessor:__choice__': 'no_preprocessing', 'classifier:KNNClassifier:contamination': 0.31, 'classifier:KNNClassifier:method': 'mean', 'classifier:KNNClassifier:n_neighbors': 135, 'classifier:KNNClassifier:p': 2}",92,Success,0.0,KNNClassifier,NoPreprocessing,no_preprocessing,,,,,,,,,,,,0.31,mean,135.0,2.0,,,
0.5832999999999999,0.5832999999999999,0.5337888670329449,5.5677409172058105,"{'classifier:__choice__': 'KNNClassifier', 'data_preprocessor:__choice__': 'NoPreprocessing', 'feature_preprocessor:__choice__': 'no_preprocessing', 'classifier:KNNClassifier:contamination': 0.09, 'classifier:KNNClassifier:method': 'mean', 'classifier:KNNClassifier:n_neighbors': 66, 'classifier:KNNClassifier:p': 1}",102,Success,0.0,KNNClassifier,NoPreprocessing,no_preprocessing,,,,,,,,,,,,0.09,mean,66.0,1.0,,,
0.5786,0.5786,0.5245501414267428,6.641218900680542,"{'classifier:__choice__': 'KNNClassifier', 'data_preprocessor:__choice__': 'NoPreprocessing', 'feature_preprocessor:__choice__': 'no_preprocessing', 'classifier:KNNClassifier:contamination': 0.27, 'classifier:KNNClassifier:method': 'largest', 'classifier:KNNClassifier:n_neighbors': 129, 'classifier:KNNClassifier:p': 1}",119,Success,0.0,KNNClassifier,NoPreprocessing,no_preprocessing,,,,,,,,,,,,0.27,largest,129.0,1.0,,,
0.0,,,1.005373477935791,"{'classifier:__choice__': 'CBLOFClassifier', 'data_preprocessor:__choice__': 'NoPreprocessing', 'feature_preprocessor:__choice__': 'no_preprocessing', 'classifier:CBLOFClassifier:alpha': 0.78, 'classifier:CBLOFClassifier:beta': 52, 'classifier:CBLOFClassifier:contamination': 0.34, 'classifier:CBLOFClassifier:n_clusters': 15, 'classifier:CBLOFClassifier:use_weights': False}",199,Timeout,0.0,CBLOFClassifier,NoPreprocessing,no_preprocessing,0.78,52.0,0.34,15.0,0.0,,,,,,,,,,,,,
